author,gender,pseudonym,title,subtitle,sep_edition,source,city,year_begin,genre,characters,narration,file_name,main_genre,general_genre,POS_title,title_length,canon_status,genre1,genre2,genre3,genre4,genre5
А.В.,мужской,1,Эпизод из владычества Биронова,историческая повесть,1,Отд. изд.,Санкт-Петербург,1837,исторический роман,легендарная историческая фигура,3 лицо,,исторический,исторический,NOUN PREP NOUN ADJS,4,0,,,,,
"Абельдяев, Дмитрий Алексеевич",мужской,0,Тень века сего (Записки Абашева),роман,0,Русская мысль,,1912,"философский, любовный",,1 лицо,,философский,философский,NOUN NOUN ADJF NOUN NOUN,5,0,,,,,
"Абельдяев, Дмитрий Алексеевич",мужской,0,Лилии,роман,1,Отд. изд.,Москва,1914,социальный роман,дворяне,3 лицо,,социальный,социальный,NOUN,1,0,,,,,
"Авдеев, Михаил Васильевич",мужской,0,Мои времена в 30-х годах,na,1,Молва,Москва,1876,,,,,,,ADJF NOUN PREP NUMR NOUN,5,0,,,,,
"Авдеев, Михаил Васильевич",мужской,0,Тамарин,трилогия,0,Современник,,1849,соц.-психологический,Дворяне,1 лицо,avdeev_m_tamarin_1849.xml,социальный,социальный,NOUN,1,0,социально-психологический,светский,,,
"Авдеев, Михаил Васильевич",мужской,0,Приличная партия,Отрывок из романа,0,Библиотека для чтения,,1856,"социально-психологический, дворяне",,3 лицо,,социальный,социальный,ADJF NOUN,2,0,,,,,
"Авдеев, Михаил Васильевич",мужской,0,Подводный камень,,0,Современник,,1860,социальный роман,,3 лицо,avdeev_m_podvodnyj_kamen_1860.xml,социальный,социальный,ADJF NOUN,2,0,социально-психологический,любовный,адюльтерный,,
"Авдеев, Михаил Васильевич",мужской,0,Меж двух огней,Роман в 3 частях,0,Современное обозрение,,1868,социально-психологический,дворяне,3 лицо,avdeev_m_mezh_dvukh_ognej_1868.xml,социальный,социальный,PREP NUMR NOUN,3,0,социально-психологический,любовный,светский,,
"Авдеев, Михаил Васильевич",мужской,0,В сороковых годах,Повесть,0,Вестник Европы,,1876,социально-психологический,дворяне,3 лицо,,социальный,социальный,PREP ADJF NOUN,3,0,,,,,
"Авенариус, Василий Петрович",мужской,0,Три венца,Историческая повесть из времен первого самозванца,0,Неделя,,1890,исторический роман,Лжедмитрий I,3 лицо,,исторический,исторический,NUMR NOUN,2,0,,,,,
"Аверкиев, Дмитрий Васильевич",мужской,0,История бледного молодого человека,Роман в 3 книгах с прологом,0,Русский вестник,,1874,социально-психологический,разночинцы,1 лицо,averkiev_d_istoriya_blednogo_molodogo_cheloveka_1874.xml,социальный,социальный,NOUN ADJF ADJF NOUN,4,0,социально-психологический,нравоописательный,,,
"Аверкиев, Дмитрий Васильевич",мужской,0,Художник Беспалов и нотариус Полещиков,комический роман,0,Русское обозрение,,1893,"юмристический роман, художники, нотариусы","художники, рабочие, семейная пара",3 лицо,,,,NOUN NOUN CONJ NOUN NOUN,5,0,,,,,
Аверченко Аркадий Тимофеевич,мужской,0,Шутка мецената,роман,1,Отд. изд.,Прага,1925,юмористический роман,русская интеллигенция,1 лицо,,юмористический,юмористический,NOUN NOUN,2,0,,,,,
"Авсеенко, Василий Григорьевич",мужской,0,Вавилонское пленение,na,0,Санкт-Петербургские ведомости,,1884,психологический роман,,,,психологический,психологический,ADJF NOUN,2,0,,,,,
"Авсеенко, Василий Григорьевич",мужской,0,На распутьи,Роман,0,Заря,,1870,социально-психологический,,3 лицо,,социальный,социальный,PREP NOUN,2,0,,,,,
"Авсеенко, Василий Григорьевич",мужской,0,Из-за благ земных,Роман в 3 частях,1,Русский вестник,Москва,1872,психологический роман,дворяне,3 лицо,avseenko_v_izza_blag_zemnykh_1872.xml,психологический,психологический,PREP NOUN ADJF,3,0,социально-психологический,светский,нравоописательный,,
"Авсеенко, Василий Григорьевич",мужской,0,Из современного романа,"Сцены, портреты и контуры",0,Русский мир,,1875,социально-психологический,,3 лицо,,социальный,социальный,PREP ADJF NOUN,3,0,,,,,
"Авсеенко, Василий Григорьевич",мужской,0,Млечный путь,Роман,1,Русский вестник,Москва,1875,социально-психологический,дворяне,3 лицо,avseenko_v_mlechnyj_put_1875.xml,социальный,социальный,ADJF NOUN,2,0,социально-психологический,адюльтерный,светский,антинигилистический,
"Авсеенко, Василий Григорьевич",мужской,0,Скрежет зубовный,Роман,1,Русский вестник,Москва,1878,социально-психологический,,3 лицо,,социальный,социальный,NOUN ADJF,2,0,,,,,
"Авсеенко, Василий Григорьевич",мужской,0,Злой дух,роман,0,Русский вестник,,1881,социально-психологический,"дворяне, революционеры",3 лицо,,социальный,социальный,ADJF NOUN,2,0,,,,,
"Алеева, Н.",женский,1,Два мира,Роман в 4 частях,0,Дело,,1874,,,,,,,NUMR NOUN,2,0,,,,,
"С-ая, Александра",женский,1,"Земной ангел, или Своенравие",Род романа,0,Библиотека для чтения,,1836,любовный,Дворяне,3 лицо,,любовный,любовный,ADJF NOUN CONJ NOUN,4,0,,,,,
"Александров, Виктор",мужской,0,Без исхода,Роман в 2 частях,1,Отд. изд.,Санкт-Петербург,1896,детективный,,,,детективный,криминальный,PREP NOUN,2,0,,,,,
"Александров, Виктор",мужской,0,Медуза,роман из уголовной хроники,1,Отд. изд.,Санкт-Петербург,1890,уголовный,дворяне,3 лицо,,уголовный,криминальный,NOUN,1,0,,,,,
"Алексеев, Николай Николаевич",мужской,0,Преступный путь,Роман в 3 частях,1,Отд. изд.,Санкт-Петербург,1897,детективный,,,,детективный,криминальный,ADJF NOUN,2,0,,,,,
"Алексеев, Николай Николаевич",мужской,0,Среди бед,Исторический роман (1395-1407 гг.): В 2 ч,1,Отд. изд.,Санкт-Петербург,1897,исторический роман,,,,исторический,исторический,PREP NOUN,2,0,,,,,
"Алексеев, Николай Николаевич",мужской,0,Татарский отпрыск,Исторический роман в четырех частях,1,Отд. изд.,Санкт-Петербург,1896,исторический роман,аристократия прошлого,3 лицо,,исторический,исторический,ADJF NOUN,2,0,,,,,
"Алексеев, Николай Николаевич",мужской,0,Розы и тернии,Исторический роман в двух частях,1,Отд. изд.,Санкт-Петербург,1898,исторический роман,"аристократия прошлого, крестьяне",3 лицо,alekseev_n_rozy_i_ternii_1898.xml,исторический,исторический,NOUN CONJ NOUN,3,0,исторический,любовный,социально-психологический,,
"Алексеев, Николай Николаевич",мужской,0,Лжецаревич,Исторический роман в двух частях,1,Отд. изд.,Санкт-Петербург,1899,"исторический, авантюрный","аристократия прошлого, крестьяне",3 лицо,,исторический,исторический,NOUN,1,0,,,,,
"Алексеев, Николай Николаевич",мужской,0,Рабы и владыки,Историческая повесть,0,Литературные Вечера Нового Мира,,1899,"исторический роман, социально-психологический (россия времен федора иоанновича)","крестьяне, разночинцы, аристократия прошлого",3 лицо,,исторический,исторический,NOUN CONJ NOUN,3,0,,,,,
"Алексеев, Николай Николаевич",мужской,0,Заморский выходец,Исторический роман в трех частях,1,Отд. изд.,Санкт-Петербург,1900,исторический,"аристократия прошлого, эмигранты, разночинцы",3 лицо,,исторический,исторический,ADJF NOUN,2,0,,,,,
"Алексеев, Николай Николаевич",мужской,0,В грозу народную,Роман XVII века Н.Н. Алексеева,1,Отд. изд.,Санкт-Петербург; Москва,1902,исторический роман,аристократия прошлого,3 лицо,,исторический,исторический,PREP NOUN ADJF,3,0,,,,,
"Алтаев, Ал.",женский,1,"Под знаменем ""Башмака""",роман в 2 частях,1,Отд. изд.,Санкт-Петербург,1906,исторический роман,"Т. Мюнцер, крестьянская война в Германии",3 лицо,,исторический,исторический,PREP NOUN NOUN,3,0,,,,,
"Альбов, Михаил Николаевич",мужской,0,Тайна Мамаева,Романтическая история,1,Отд. изд.,Москва,1900,,,,,,,NOUN ADJF,2,0,,,,,
"Альбов, Михаил Николаевич",мужской,0,Пшеницыны,Из истории забитых людей,0,Дело,,1873,соц.-психологический роман,чиновники,3 лицо,albov_m_pshenizyny_1873.xml,социальный,социальный,NOUN,1,0,социально-психологический,семейный,бытовой,,
"Альбов, Михаил Николаевич",мужской,0,Ряса,Роман из жизни отца Петра Елеонского,0,Дело,,1883,соц.-психологический роман,духовенство,3 лицо,,социальный,социальный,NOUN,1,0,,,,,
"Альминский, П.",мужской,1,Алексей Слободин,Семейная история,0,Вестник Европы,,1872,социально-психологический,дворяне,3 лицо,,социальный,социальный,NOUN NOUN,2,0,,,,,
"Альминский, П.",мужской,1,Мирные времена,Роман в 3 частях,0,Дело,,1882,автобиографический,,3 лицо,,автобиографический,биографический,ADJF NOUN,2,0,,,,,
"Альминский, П.",мужской,1,Петербургская саранча,Роман,0,Новое время,,1883,авантюрный,"дворяне, криминальный мир (аферисты, мошенники, игроки), разночинцы",3 лицо,,авантюрный,приключенческий,ADJF NOUN,2,0,,,,,
"Амфитеатров, Александр Валентинович",мужской,0,Людмила Верховская,роман,1,Отд. изд.,Москва,1890,авантюрный,дворяне,3 лицо,,авантюрный,приключенческий,NOUN ADJF,2,0,,,,,
"Амфитеатров, Александр Валентинович",мужской,0,Жар-цвет,Фантастический роман,1,Север,Берлин,1895,фантастический роман,"дворянин, покойница",1 лицо,amfiteatrov_a_zhar-zvet_1895.xml,фантастический,фантастический,NOUN,1,0,оккультный,мистический,психологический,любовный,фантастический
"Амфитеатров, Александр Валентинович",мужской,0,Марья Лусьева,,0,Приазовский край (г),,1903,криминальный,Проститутки,3 лицо,amfiteatrov_a_mariya_luseva_1903.xml,криминальный,криминальный,NOUN NOUN,2,0,уголовный,социально-психологический,нравоописательный,,
"Амфитеатров, Александр Валентинович",мужской,0,Виктория Павловна (именины),,1,Отд. изд.,Санкт-Петербург,1904,феминистический роман,женщины,1 лицо,,феминистический,женский,NOUN NOUN NOUN,3,0,,,,,
"Амфитеатров, Александр Валентинович",мужской,0,Восьмидесятники,роман,0,Отд. изд.,,1908,из эпопеи «концы и начала»,"дворяне, разночинцы, военные",3 лицо,amfiteatrov_a_vosmidesyatniki_1908.xml,эпопея,исторический,NOUN,1,0,исторический,хроникальный,бытовой,,
"Амфитеатров, Александр Валентинович",мужской,0,Княжна,роман,0,"Знание, сб",,1908,исторический,высшее дворянство,3 лицо,amfiteatrov_a_knyazhna_1908.xml,исторический,исторический,NOUN,1,0,исторический,социально-психологический,бытовой,,
"Амфитеатров, Александр Валентинович",мужской,0,Сумерки божков,роман,1,Отд. изд.,Санкт-Петербург,1909,"драма, роман воспитания (карьеры), любовный (?)",творческие люди (опера),3 лицо,amfiteatrov_a_sumerki_bozhkov_1909.xml,воспитания,воспитания,NOUN NOUN,2,0,роман воспитания,социально-психологический,любовный,,
"Амфитеатров, Александр Валентинович",мужской,0,Закат старого века,роман,1,Отд. изд.,Санкт-Петербург,1910,"хроника (из эпопеи «концы и начала»), исторический","дворяне, чиновники",3 лицо,amfiteatrov_a_zakat_starogo_veka_1910.xml,хроника,исторический,NOUN NOUN NOUN,3,0,хроникальный,исторический,бытовой,,
"Амфитеатров, Александр Валентинович",мужской,0,Марья Лусьева за границей,повесть,0,Одесские новости,,1910,"социально-психологический, уголовный","проститутки, высшие классы",3 лицо,amfiteatrov_a_marya_luseva_za_granizej_1910.xml,социальный,социальный,NOUN NOUN PREP NOUN,4,0,социально-психологический,уголовный,нравоописательный,,
"Амфитеатров, Александр Валентинович",мужской,0,Девятидесятники,роман,1,Отд. изд.,Санкт-Петербург,1910,"семейная хроника (из эпопеи «концы и начала. хроника 1880-1910»), любовный","дворяне, горожане, буржуазия",3 лицо,,семейный,семейный,NOUN,1,0,,,,,
"Амфитеатров, Александр Валентинович",мужской,0,Паутина,роман,1,Отд. изд.,Санкт-Петербург,1913,социально-психологический,разночинцы,3 лицо,,социальный,социальный,NOUN,1,0,,,,,
"Амфитеатров, Александр Валентинович",мужской,0,Разбитая армия,,1,Отд. изд.,Москва,1913,исторический роман,эмигранты,3 лицо,,исторический,исторический,ADJF NOUN,2,0,,,,,
"Амфитеатров, Александр Валентинович",мужской,0,Дрогнувшая ночь,роман (из эпопеи «Концы и начала»),1,Отд. изд. (СС),Санкт-Петербург,1914,"исторический, любовный",купцы,1 лицо,,исторический,исторический,PRTF NOUN,2,0,,,,,
"Амфитеатров, Александр Валентинович",мужской,0,Дочь Виктории Павловны,"Роман в 3 повестях («Злые призраки», «Законный грех», «Товарищ Феня»)",1,Прометей,Санкт-Петербург,1914,,,1 лицо,,,,NOUN NOUN NOUN,3,0,,,,,
Амфитеатров Александр Валентинович,мужской,0,Сестры,роман,1,Грани,Москва,1922,хроника в 4 романах,,1 лицо,,хроника,исторический,NOUN,1,0,,,,,
Амфитеатров Александр Валентинович,мужской,0,Лиляша,роман одной женской жизни,1,Грамату драугас,Р.,1928,любовный,аристократия,,,любовный,любовный,NOUN,1,0,,,,,
Амфитеатров Александр Валентинович,мужской,0,Вчерашние предки,роман,1,Новый сад,Б.-М.,1928,исторический,аристократия,3 лицо,,исторический,исторический,ADJF NOUN,2,0,,,,,
"Андреев, А.",мужской,1,Иоанн Грозный и Стефан Баторий,исторический роман,1,Отд. изд.,Москва,1834,исторический,,3 лицо,,исторический,исторический,NOUN NOUN CONJ NOUN NOUN,5,0,,,,,
"Андреев, А.",мужской,1,"Довмонт, князь псковский",Русский исторический роман XVIII века в 2 частях,1,Отд. изд.,Москва,1835,исторический роман,Легендарные исторические фигуры,3 лицо,,исторический,исторический,NOUN NOUN ADJF,3,0,,,,,
"Андреев, Леонид Николаевич",мужской,0,Сашка Жегулев,роман в 2-х частях,0,Шиповник,,1911,ироническая фантастика,,3 лицо,,иронический,юмористический,NOUN ADJS,2,0,,,,,
Андреев Леонид Николаевич,мужской,0,Дневник Сатаны,роман,0,Отд. изд.,,1921,1) дневниковые заметки 2)воплощение сатаны в тело человека,,1 лицо,,,,NOUN NOUN,2,0,,,,,
"Анзимиров, Владимир Александрович",мужской,0,Алые розы Востока,роман,0,Газета-копейка,,1909,исторический,,,,исторический,исторический,ADJF NOUN NOUN,3,0,,,,,
"Анзимиров, Владимир Александрович",мужской,0,Муть,роман,0,Газета-копейка,,1910,автобиографический роман,,,,автобиографический,биографический,NOUN,1,0,,,,,
Аничков Евгений Васильевич,мужской,0,Язычница,роман,1,Отд.Изд.,Париж,1932,,,,,,,NOUN,1,0,,,,,
"Аничкова, Идалия Мечиславовна",женский,0,Наташа Озерова,Роман из современных русских нравов,1,Отд. изд.,Санкт-Петербург,1888,,,,,,,NOUN NOUN,2,0,,,,,
"Аничкова, Идалия Мечиславовна",женский,0,Из жизни женщины,роман,1,Отд. изд.,Санкт-Петербург; Москва,1905,,,,,,,PREP NOUN NOUN,3,0,,,,,
"Аничкова, Идалия Мечиславовна",женский,0,Рингильда,Исторический роман тринадцатого столетия,1,Отд. изд.,Санкт-Петербург,1896,"исторический, любовный","духовенство/священники, дворяне",3 лицо,anichkova_i_ringilda_1896.xml,исторический,исторический,NOUN,1,0,исторический,любовный,авантюрный,,
"Анненская, Александра Никитична",женский,0,Чужой хлеб,Роман для детей,0,Семья и школа,,1871,социальная повесть,крестьяне,3 лицо,annenskaya_a_chuzhoj_khleb_1871.xml,социальный,социальный,ADJF NOUN,2,0,социально-психологический,бытовой,роман воспитания,,
"Анненская, Александра Никитична",женский,0,Анна,роман для детей,0,Отд. изд.,,1881,роман воспитания,дворяне,3 лицо,annenskaya_a_anna_1881.xml,воспитания,воспитания,NOUN,1,0,роман воспитания,социально-психологический,,,
Анов Н. И.,мужской,0,Пропавший брат,?,1,Отд. изд.,М,1941,,,,,,,PRTF NOUN,2,0,,,,,
аноним,na,1,"Зарайск, или Начало владычества татар над Россиею",Историческая повесть XIII столетия,1,Отд. изд.,Москва,1837,исторический роман,,,,исторический,исторический,NOUN CONJ VERB NOUN NOUN PREP NOUN,7,0,,,,,
аноним,na,1,"Невеста смерти, или Любовь и гордость",роман из происшествий 1812 и 1813 годов,1,Отд. изд.,Москва,1837,исторический роман,,,,исторический,исторический,NOUN NOUN CONJ NOUN CONJ NOUN,6,0,,,,,
аноним,na,1,Вечевой колокол,Русский роман XV столетия,1,Отд. изд.,Москва,1839,исторический роман,,,,исторический,исторический,ADJF NOUN,2,0,,,,,
аноним,na,1,"Ермак, покоритель Сибири",Исторический роман,1,Отд. изд.,Москва,1839,"исторический роман, ермак",,,,исторический,исторический,NOUN NOUN NOUN,3,0,,,,,
аноним,na,1,Князь Михаил Васильевич Скопин-Шуйский или Москва и Новгород в смутное время в начале семнадцатого века,Исторический роман в 4 частях,1,Отд. изд.,Санкт-Петербург,1876,исторический,,,,исторический,исторический,NOUN NOUN NOUN NOUN CONJ NOUN CONJ NOUN PREP ADJF NOUN PREP NOUN ADJF NOUN,15,0,,,,,
аноним,na,1,"Малюта Скуратов, или Тринадцать лет царствования Царя Иоанна Васильевича Грозного",Историчский роман XVI столетия,1,Отд. изд.,Москва,1833,исторический,"аристократия прошлого, фольклорные герои",3 лицо,,исторический,исторический,NOUN NOUN CONJ NUMR NOUN NOUN NOUN NOUN NOUN NOUN,10,0,,,,,
аноним,na,1,"Барановский, или Характеристические очерки частной жизни Малороссиян",Малороссийская быль XVIII столетия,1,Отд. изд.,Москва,1835,исторический роман,,3 лицо,,исторический,исторический,NOUN CONJ ADJF NOUN ADJF NOUN NOUN,7,0,,,,,
аноним,na,1,"Могила Марии, или Притон под Москвою",Русский роман с картинами нравов в конце XVI века,1,Отд. изд.,Москва,1835,"исторический, социально-психологический",,3 лицо,,исторический,исторический,NOUN NOUN CONJ NOUN PREP NOUN,6,0,,,,,
аноним,na,1,"Россиянка 1812 года, или Любовь молодого офицера на дороге в армию",роман,1,Отд. изд.,Москва,1836,исторический,,3 лицо,,исторический,исторический,NOUN NUMR NOUN CONJ NOUN ADJF NOUN PREP NOUN PREP NOUN,11,0,,,,,
аноним,na,1,"Бородинское поле, или Смерть за честь",Исторический роман,1,Отд. изд.,Москва,1839,"исторический роман, война 1812 года",дворяне,3 лицо,,исторический,исторический,ADJF NOUN CONJ NOUN PREP NOUN,6,0,,,,,
аноним,na,1,Несчастная,Роман в начале царствования Императрицы Екатерины Алексеевны II XVIII века,1,Отд. изд.,Москва,1839,исторический роман,легендарная историческая фигура -Екатерна II,3 лицо,,исторический,исторический,ADJF,1,0,,,,,
"Антонов, М.",мужской,0,Дубровин,Роман из крестьянской жизни,0,Вестник Европы,,1900,"социально-психологический, крестьяне",крестьяне,,,социальный,социальный,NOUN,1,0,,,,,
"Анютин, М.",мужской,1,Наших полей ягоды,повесть,0,Русская мысль,,1888,соц.-психологический,"дворяне, духовенство/свещенники",3 лицо,remezov_m_nashikh_polej_yagody_1888.xml,социальный,социальный,ADJF COMP NOUN,3,0,социально-психологический,бытовой,крестьянский,,
Иермонах Аполлос,мужской,1,"Лишенный зрения Ураний, несчастный государь",Священная повесть,1,Отд. изд.,Москва,1779,"философский, нравоучительный",аристократия прошлого,3 лицо,,философский,философский,PRTF NOUN NOUN ADJF NOUN,5,0,,,,,
"Аполлос, епископ Архангельский и Холмогорский",мужской,1,Неразрывный союз двух братьев,Повесть из любомудрия почерпнутая,1,Отд. изд.,Москва,1780,"философский, нравоучительный",,3 лицо,,философский,философский,ADJF NOUN NUMR NOUN,4,0,,,,,
"Аполлос, епископ Архангельский и Холмогорский",мужской,1,Кто есть истинный друг,иносказательное с нравоучением повествование,1,Отд. изд.,Москва,1783,"философский, нравоучительный, аллегорический",,3 лицо,bajbakov_a_kto_est_istinnyj_drug_1783.xml,философский,философский,NPRO INTJ ADJF NOUN,4,0,философский,нравоучительный,религиозный,,
"Апраксин, Александр Дмитриевич",мужской,0,Родня,роман,0,Русский вестник,,1905,"автобиографический роман, детство и юность апраксина",,,,автобиографический,биографический,NOUN,1,0,,,,,
"Апраксин, Александр Дмитриевич",мужской,0,Хищники,роман из столичной уголовной жизни,1,Отд. изд.,Санкт-Петербург,1908,уголовный роман,,,,уголовный,криминальный,NOUN,1,0,,,,,
"Апраксин, Александр Дмитриевич",мужской,0,Алзаковы,роман из великосветского быта,1,Отд. изд.,Санкт-Петербург,1888,социально-психологический,аристократия прошлого,3 лицо,,социальный,социальный,NOUN,1,0,,,,,
"Апраксин, Александр Дмитриевич",мужской,0,Праздные люди,роман,1,Отд. изд.,Санкт-Петербург,1889,семейная хроника,дворяне,3 лицо,,семейный,семейный,ADJF NOUN,2,0,,,,,
"Апраксин, Александр Дмитриевич",мужской,0,Каин и Авель,роман,1,Отд. изд.,Санкт-Петербург,1889,светский,аристократия,3 лицо,,светский,светский,NOUN CONJ NOUN,3,0,,,,,
"Апраксин, Александр Дмитриевич",мужской,0,На волоске,роман,1,Отд. изд.,Санкт-Петербург,1891,светский,аристократия,3 лицо,,светский,светский,PREP NOUN,2,0,,,,,
"Апраксин, Александр Дмитриевич",мужской,0,Больное место,Роман А.Д. Апраксина,1,Отд. изд.,Москва,1895,обнищание крестьянства,"Петербург, дворяне, крестьяне",3 лицо,,социальный,социальный,ADJF NOUN,2,0,,,,,
"Апраксин, Александр Дмитриевич",мужской,0,Светлые дни,Роман А.Д. Апраксина,1,Отд. изд.,Москва,1897,"криминальный, социальный",дворяне,3 лицо,,криминальный,криминальный,ADJF NOUN,2,0,,,,,
"Апраксин, Александр Дмитриевич",мужской,0,Тяжкие миллионы,,1,Отд. изд.,Москва,1897,уголовный,криминальный мир,3 лицо,,уголовный,криминальный,ADJF NOUN,2,0,,,,,
"Апраксин, Александр Дмитриевич",мужской,0,"325,000 рублей",роман,1,Отд. изд.,Москва,1898,уголовный роман,банковский служащий,3 лицо,,уголовный,криминальный,NUMR NOUN,2,0,,,,,
"Апраксин, Александр Дмитриевич",мужской,0,Графиня Негрянская,роман,1,Отд. изд.,Санкт-Петербург,1902,исторический,аристократия прошлого,3 лицо,,исторический,исторический,NOUN ADJF,2,0,,,,,
"Апраксин, Александр Дмитриевич",мужской,0,Захудалые,роман,1,Отд. изд. (СС),Санкт-Петербург,1902,социально-психологический,дворяне,3 лицо,,социальный,социальный,ADJF,1,0,,,,,
"Апраксин, Александр Дмитриевич",мужской,0,Князь Червонский,роман,1,Отд. изд.,Санкт-Петербург,1902,социально-психологический,дворяне,3 лицо,,социальный,социальный,NOUN ADJF,2,0,,,,,
"Апраксин, Александр Дмитриевич",мужской,0,Тернистый путь,Роман в 2-х частях,1,Отд. изд.,Санкт-Петербург,1903,психологический,дворяне,3 лицо,,психологический,психологический,ADJF NOUN,2,0,,,,,
"Апраксин, Александр Дмитриевич",мужской,0,Три плута,роман из столичной уголовной хроники,1,Отд. изд.,Санкт-Петербург,1904,уголовный роман,мелкие чиновники,3 лицо,apraksin_a_tri_pluta_1904.xml,уголовный,криминальный,NUMR NOUN,2,0,уголовный,авантюрный,социально-психологический,,
Ардов,женский,1,Без вины виноватые,Роман в 2 частях,0,Вестник Европы,,1877,социально-психологический,дворяне,3 лицо,apreleva_e_bez_viny_vinovatye_1877.xml,социальный,социальный,PREP NOUN ADJF,3,0,социально-психологический,семейный,,,
Ардов,женский,1,Руфина Каздоева,Роман в 5 частях,0,Дело,,1884,любовный,дворяне,3 лицо,,любовный,любовный,NOUN NOUN,2,0,,,,,
"Арнольди, Нина (Анна) Александровна",женский,0,Василиса,роман,1,Отд. изд.,Санкт-Петербург,1909,"любовный роман, трагедия","высшее дворянство, женщины",3 лицо,,любовный,любовный,NOUN,1,0,,,,,
"Арсеньев, Александр Васильевич",мужской,0,Князь Дмитрий Иоаннович Донской,Из эпохи грозного века. Исторический роман,0,Родина,,1892,исторический роман; россия времен дмитрия донского,,,,исторический,исторический,NOUN NOUN NOUN ADJF,4,0,,,,,
"Арсеньев, Александр Васильевич",мужской,0,Жестокое испытание,роман,0,Родина,,1894,исторический роман,,,,исторический,исторический,ADJF NOUN,2,0,,,,,
"Архипов, Николай Архипович",мужской,1,Тёмные воды,Роман,0,Новая жизнь,,1914,социально-психологический роман,,,,социальный,социальный,ADJF NOUN,2,0,,,,,
"Арцыбашев, Михаил Петрович",мужской,0,Санин,роман,0,Современный мир,,1907,социально- психологический роман,архитектор,3 лицо,arzybashev_m_sanin_1907.xml,социальный,социальный,NOUN,1,0,социально-психологический,философский,идеологический,,
"Арцыбашев, Михаил Петрович",мужской,0,У последней черты,роман,1,Земля,Мюнхен; Лейпциг,1910,"социально-психологический роман, бытовой","горожане, студенты, солдаты",3 лицо,arzybashev_m_u_poslednej_cherty_1910.xml,социальный,социальный,PREP ADJF NOUN,3,0,социально-психологический,бытовой,философский,,
"Аскоченский, Виктор Ипатьевич",мужской,0,Асмодей нашего времени,роман,1,Отд. изд.,Санкт-Петербург,1858,социально-психологический,дворяне,3 лицо,askochenskij_v_asmodej_nashego_vremeni_1858.xml,социальный,социальный,NOUN ADJF NOUN,3,0,социально-психологический,идеологический,религиозный,,
"Ауслендер, Сергей Абрамович",мужской,0,Последний спутник,Роман в 3-х частях,1,Отд. изд.,Москва,1913,психологический роман,"купцы, крестьяне, разночинцы",3 лицо,,психологический,психологический,ADJF NOUN,2,0,,,,,
"Афанасьев-Чужбинский, Александр Степанович",мужской,1,Соседка,роман,0,Пантеон,,1854,социально-психологический,дворяне,3 лицо,afanasev-chuzhbinskij_a_sosedka_1854.xml,социальный,социальный,NOUN,1,0,социально-психологический,бытовой,,,
"Афанасьев-Чужбинский, Александр Степанович",мужской,1,Петербургские игроки,Роман в 4 частях,0,Заря,,1871,бытовой роман,дворяне,3 лицо,afanasev-chuzhbinskij_a_peterburgskie_igroki_1871.xml,бытоописательный,описательный,ADJF NOUN,2,0,бытовой,социально-психологический,нравоописательный,,
"Ахшарумов, Николай Дмитриевич",мужской,0,К чему?,Роман,0,Наблюдатель,,1893,,,,,,,PREP NPRO,2,0,,,,,
"Ахшарумов, Николай Дмитриевич",мужской,0,Чужое имя,Роман в 3 частях,0,Русский вестник,,1861,социально-психологический,дворяне,3 лицо,akhsharumov_n_chuzhoe_imya_1861.xml,социальный,социальный,NOUN NOUN,2,0,социально-психологический,детективный,,,
"Ахшарумов, Николай Дмитриевич",мужской,0,Мудреное дело,Очерк из летописей русской словесности (В трех частях),0,Эпоха,,1864,социально-психологический,"Дворяне, разночинцы",1 лицо,akhsharumov_n_mudrenoe_delo_1864.xml,социальный,социальный,ADJF NOUN,2,0,социально-психологический,детективный,,,
"Ахшарумов, Николай Дмитриевич",мужской,0,Мандарин,Роман в 4 частях,0,Заря,,1870,социально-психологический,дворяне,3 лицо,akhsharumov_n_mandarin_1870.xml,социальный,социальный,NOUN,1,0,социально-психологический,философский,экзотический,,
"Ахшарумов, Николай Дмитриевич",мужской,0,Концы в воду,роман,0,Отечественные записки,,1872,детективный роман,криминальный мир,1 лицо,akhsharumov_n_konzy_v_vodu_1872.xml,детективный,криминальный,NOUN PREP NOUN,3,0,детективный,социально-психологический,уголовный,,
"Ахшарумов, Николай Дмитриевич",мужской,0,Во что бы то ни стало,роман,0,Новое время,,1880,социально-психологический,дворяне,3 лицо,,социальный,социальный,PREP CONJ PRCL CONJ PRCL VERB,6,0,,,,,
"Ахшарумов, Николай Дмитриевич",мужской,0,Потомок рода Ветрищевых,Роман,0,Дело,,1884,любовный,дворяне,3 лицо,,любовный,любовный,NOUN NOUN NOUN,3,0,,,,,
"Ахшарумов, Николай Дмитриевич",мужской,0,Блудный сын,Исповедь,0,Русское обозрение,,1890,социально-психологический,,1 лицо,,социальный,социальный,ADJF NOUN,2,0,,,,,
"Ахшарумов, Николай Дмитриевич",мужской,0,Старые счеты,Повесть,1,Русское обозрение,Москва,1892,социально-психологический,разночинцы,3 лицо,,социальный,социальный,NOUN NOUN,2,0,,,,,
"Ашешов, Николай Павлович",мужской,0,Бурное болото,Роман,0,Самарская газета,,1893,социально-психологический,революционеры,,,социальный,социальный,ADJF NOUN,2,0,,,,,
"Бабиков, Константин Иванович",мужской,0,Глухая улица,Роман,0,Эпоха,,1864,социально-психологический,Разночинцы (мещане),,,социальный,социальный,ADJF NOUN,2,0,,,,,
"Бажин, Николай Федотович",мужской,0,Лицом к лицу,роман,0,Русское богатство,,1881,социально-психологический,"разночинец, буржуа",,,социальный,социальный,NOUN PREP NOUN,3,0,,,,,
"Бажин, Николай Федотович",мужской,0,Клад,роман,0,Наблюдатель,,1891,социальный роман,интеллигенция,,,социальный,социальный,NOUN,1,0,,,,,
"Бажин, Николай Федотович",мужской,0,Итоги,роман,0,Наблюдатель,,1892,социальный роман,интеллигенция,,,социальный,социальный,NOUN,1,0,,,,,
"Бажин, Николай Федотович",мужской,0,Ночь,роман,0,Наблюдатель,,1893,социально-психологический,,,,социальный,социальный,NOUN,1,0,,,,,
"Бажин, Николай Федотович",мужской,0,Жизнь сызнова,роман,0,Наблюдатель,,1894,"социальный роман, интеллигенция",интеллигенция,,,социальный,социальный,NOUN ADVB,2,0,,,,,
"Бажин, Николай Федотович",мужской,0,Из огня да в полымя,Повесть,0,Дело,,1867,социальный роман,дворяне,3 лицо,bazhin_n_iz_ognya_da_v_polymya_1867.xml,социальный,социальный,PREP NOUN PRCL PREP NOUN,5,0,социально-психологический,идеологический,бытовой,,
"Бажин, Николай Федотович",мужской,0,История одного товарищества,Роман,0,Дело,,1869,социально-психологический,мелкие чиновники,3 лицо,bazhin_n_istoriya_odnogo_tovarishestva_1869.xml,социальный,социальный,NOUN ADJF NOUN,3,0,социально-психологический,идеологический,бытовой,,
"Бажин, Николай Федотович",мужской,0,Зовет...,Записки Семена Долгого. Роман,0,Дело,,1872,социальный роман,разночинцы,1 лицо,,социальный,социальный,VERB,1,0,,,,,
"Бажин, Николай Федотович",мужской,0,Злое дело,роман,0,Наблюдатель,,1895,"социальный роман, интеллигенция",интеллигенция,3 лицо,,социальный,социальный,ADJF NOUN,2,0,,,,,
"Бажин, Николай Федотович",мужской,0,Трус,Роман Н. Ф. Бажина,0,Наблюдатель,,1896,социальный роман,интеллигенция,3 лицо,,социальный,социальный,NOUN,1,0,,,,,
"Бажин, Николай Федотович",мужской,0,В начале жизни,роман,0,Наблюдатель,,1897,социальный роман,интеллегенция,3 лицо,,социальный,социальный,PREP NOUN NOUN,3,0,,,,,
"Бажина, Серафима Никитична",женский,0,Лотерея,Листки из романа,0,Ваза,,1869,социально-психологический,дворяне,1 лицо,,социальный,социальный,NOUN,1,0,,,,,
"Бажина, Серафима Никитична",женский,0,Старая история,,0,Ваза,,1870,социально-психологический,,1 лицо,,социальный,социальный,ADJF NOUN,2,0,,,,,
"Бажина, Серафима Никитична",женский,0,Самостоятельная жизнь,,0,Ваза,,1870,социально-психологический,,1 лицо,,социальный,социальный,ADJF NOUN,2,0,,,,,
"Бакунина, Прасковья Михайловна",женский,0,Одна из женщин XIX века,Эпизод из романа: Студенческая жизнь,0,Москвитянин,,1842,социальный,падшая женщина,1 лицо,bakunina_p_odna_iz_zhenshin__veka_1842.xml,социальный,социальный,ADJF PREP NOUN NUMR NOUN,5,0,социально-психологический,феминистский,,,
"Бантыш-Каменский, Дмитрий Николаевич",мужской,0,Княжна Меншикова,исторический роман,1,Отд. изд.,Москва,1833,исторический,петровская знать,3 лицо,,исторический,исторический,NOUN NOUN,2,0,,,,,
"Баранов, Кузьма Николаевич",мужской,0,Ночь на Рождество Христово,Роман,1,Отд. изд.,Москва,1834,социальный роман,Крестьяне,3 лицо,,социальный,социальный,NOUN PREP NOUN ADJF,4,0,,,,,
"Баранцевич, Казимир Станиславович",мужской,0,Раба,Роман,0,Дело,,1887,бытописательный роман,чиновник,1 лицо,,бытоописательный,описательный,NOUN,1,0,,,,,
"Баранцевич, Казимир Станиславович",мужской,0,Семейный очаг,Роман,0,Северный вестник,,1893,семейная хроника,дворяне,3 лицо,baranzevich_k_semejnyj_ochag_1893.xml,семейный,семейный,ADJF NOUN,2,0,семейный,социально-психологический,бытовой,,
"Баранцевич, Казимир Станиславович",мужской,0,Борцы,Роман,0,Русское богатство,,1896,бытописательный роман,военные,3 лицо,,бытоописательный,описательный,NOUN,1,0,,,,,
"Баранцевич, Казимир Станиславович",мужской,0,Кровь,Роман,0,Жизнь,,1900,"социально-психологический, семейная хроника?","чиновники, разночинцы",3 лицо,,социальный,социальный,NOUN,1,0,,,,,
"Баранцевич, Казимир Станиславович",мужской,0,"Вавилонская башня. История возникновения, существования и падения одного фантастического общества",Юмористический роман в 2-х частях,1,Отд. изд.,Москва,1896,юмористический роман,"дворяне, разночинцы, крестьяне",3 лицо,,юмористический,юмористический,ADJF NOUN NOUN NOUN NOUN CONJ NOUN ADJF ADJF NOUN,10,0,,,,,
"Баранчеев, Иван Николаевич",мужской,0,Крепости и станицы,Роман,0,Кавказ [газета],,1866,социальный роман,,3 лицо,,социальный,социальный,NOUN CONJ NOUN,3,0,,,,,
"Басанин, Марк",женский,1,Ильинское наследство. Сибирский гость,роман,1,Отд. изд.,Санкт-Петербург,1894,антинигилистический роман,,,,антинигилистический,социальный,ADJF NOUN ADJF NOUN,4,0,,,,,
"Басанин, Марк",женский,1,Клуб Козицкого дворянства,,0,Исторический вестник,,1892,антинигилистический роман,"разночинцы, студенты,",3 лицо,,антинигилистический,социальный,NOUN ADJF NOUN,3,0,,,,,
"Басанин, Марк",женский,1,Конец «Голубятни»,,0,Исторический вестник,,1895,антинигилистический роман,"рабочие, разночинцы",3 лицо,,антинигилистический,социальный,NOUN NOUN,2,0,,,,,
"Басанин, Марк",женский,1,На чужбине. Записки эмигранта в Южной Америке,Роман,0,Исторический вестник,,1901,приключенческий,эмигранты,1 лицо,,приключенческий,приключенческий,PREP NOUN NOUN NOUN PREP ADJF NOUN,7,0,,,,,
"Басанин, Марк",женский,1,Кружковцы,роман,0,Исторический вестник,,1905,психологический,общинники,3 лицо,,психологический,психологический,NOUN,1,0,,,,,
Басанин Марк,женский,1,Великий провокатор,Роман вчерашнего дня,0,Новая Петроградская газета,,1918,детективный роман,"эмигранты, революция",,,детективный,криминальный,ADJF NOUN,2,0,,,,,
"Баталин, Иван Андреевич",мужской,0,Разрушители,Роман,0,Минута,,1880,"социально-психологический, исторический",революционеры,3 лицо,,социальный,социальный,NOUN,1,0,,,,,
Бахметьев Владимир Матвеевич,мужской,0,Преступление Мартына,роман,1,Собрание сочинений,"М., Л.",1928,соц.-психологический,"беженцы, партийцы",3 лицо,,социальный,социальный,NOUN NOUN,2,0,,,,,
"Башурлов, Максим Петрович",мужской,0,"Дикая европеанка, или Исправленное преступление одного добродетелью другого",Писана. в Г.....,1,Отд. изд.,Санкт-Петербург,1804,авантюрный,дворяне,1 лицо,basharulov_m_dikaya_evropeyanka_ili_ispravlenie_prestupleniya_odnogo_dobrodetelyu_drugogo_1804.xml,авантюрный,приключенческий,ADJF NOUN CONJ PRTF NOUN ADJF NOUN ADJF,8,0,авантюрный,нравоучительный,сентиментальный,любовный,
"Башуцкий, Александр Павлович",мужской,0,Две главы из романа,,0,Русская беседа,,1841,социально-психологический,,3 лицо,,социальный,социальный,NUMR NOUN PREP NOUN,4,0,,,,,
"Башуцкий, Александр Павлович",мужской,0,Мещанин,Очерки из портфеля ученика натурного класса,1,Отд. изд.,Санкт-Петербург,1840,социально-психологический,разночинцы,1 лицо,,социальный,социальный,NOUN,1,0,,,,,
"Бебутова, Ольга Михайловна",женский,0,Декабристы,большой исторический роман,1,Отд. изд.,Санкт-Петербург,1906,"исторический, декабристы",,,,исторический,исторический,NOUN,1,0,,,,,
"Бебутова, Ольга Михайловна",женский,0,Наш Вавилон,роман,0,Петербургский листок,,1912,исторический,аристократия прошлого,,,исторический,исторический,ADJF NOUN,2,0,,,,,
"Бебутова, Ольга Михайловна",женский,0,Под гипнозом,роман,0,Свет,,1913,"исторический, лонжодры","князи, аферисты",,,исторический,исторический,PREP NOUN,2,0,,,,,
Бебутова Ольга Михайловна,женский,0,Страсть и душа,роман,1,Отд. Изд.,София,1925,автобиографичский,артисты,1 лицо,,автобиографический,биографический,NOUN CONJ GRND,3,0,,,,,
Бебутова Ольга Михайловна,женский,0,Муки страсти,роман,1,Отд. Изд.,Рига,1930,светский,,,,светский,светский,NOUN NOUN,2,0,,,,,
Бебутова Ольга Михайловна,женский,0,Пути к карьере,роман,1,Отд. Изд.,Рига,1930,светский,аристократия,,,светский,светский,NOUN PREP NOUN,3,0,,,,,
Бебутова Ольга Михайловна,женский,0,Вампир,Роман из петербургской жизни,1,Отд. Изд.,Рига,1934,светский,интелегенция,,,светский,светский,NOUN,1,0,,,,,
"Бебутова, Ольга Михайловна",женский,0,Хищники,Роман из петербургской жизни,0,Петербургский Листок,,1908,детективный,,,,детективный,криминальный,NOUN,1,0,,,,,
"Бегичев, Дмитрий Никитич",мужской,0,Семейство Холмских,"Некоторые черты нравов и образа жизни, семейных и одиноких, русских дворян",1,Отд. изд.,Москва,1832,социально-психологический,дворяне,3 лицо,,социальный,социальный,NOUN ADJF,2,0,,,,,
"Бегичев, Дмитрий Никитич",мужской,0,Ольга,"Быт русских дворян в начале нынешнего столетия. Сочинение автора: ""семейство Холмских""",1,Отд. изд.,Санкт-Петербург,1840,исторический,дворяне,3 лицо,,исторический,исторический,NOUN,1,0,,,,,
"Бегичев, Дмитрий Никитич",мужской,0,"Последствия услуги, оказанной кстати и вовремя",,1,Отд. изд.,Санкт-Петербург,1842,социально-психологический,дворяне,3 лицо,,социальный,социальный,NOUN NOUN PRTF CONJ CONJ ADVB,6,0,,,,,
"Бегичев, Дмитрий Никитич",мужской,0,Записки губернского чиновника,,1,Сто русских литераторов,Санкт-Петербург,1845,социально-психологический,чиновник,1 лицо,,социальный,социальный,NOUN ADJF NOUN,3,0,,,,,
"Бегичев, Дмитрий Никитич",мужской,0,Быт русского дворянина в разных эпохах и обстоятельствах его жизни,,1,Отд. изд.,Москва,1851,"исторический, социально-психологический",Дворяне,1 лицо,,исторический,исторический,NOUN ADJF NOUN PREP ADJF NOUN CONJ NOUN NPRO NOUN,10,0,,,,,
"Безобразов, Павел Владимирович",мужской,0,Дед и внук,роман,1,Труд. Вестник литературы и науки,Санкт-Петербург,1893,семейная хроника,,3 лицо,,семейный,семейный,NOUN CONJ NOUN,3,0,,,,,
"Безобразов, Павел Владимирович",мужской,0,Жених двух невест,роман,1,Отд. изд.,Москва,1894,роман,философский,3 лицо,,,,NOUN NUMR NOUN,3,0,,,,,
"Безродная, Юлия Ивановна",женский,0,Минувшее,роман в духе семейной хроники,0,Северный вестник,,1887,"семейный, автобиография, социально-психологический","современная женщина,чиновники, поэты",3 лицо,,семейный,семейный,ADJF,1,0,,,,,
Беленсон Александр Эммануилович (Менделевич),мужской,1,Джиадэ,роман ни о чем,1,Отд. Изд.,М.,1928,социально-психологический,аристократия,3 лицо,,социальный,социальный,NOUN,1,0,,,,,
"Белецкий, Павел Кузьмич",мужской,0,Король тайги,роман,0,Газета-Копейка,,1911,авантюрный,,,,авантюрный,приключенческий,NOUN NOUN,2,0,,,,,
"Белецкий, Павел Кузьмич",мужской,0,В горах Даурии,роман,0,Мир приключений,,1912,авантюрный,,,,авантюрный,приключенческий,PREP NOUN NOUN,3,0,,,,,
Белкина Любовь Михайловна,женский,0,Рольф Май,роман,1,Периодич. печать,Тула,1925,,,,,,,NOUN NOUN,2,0,,,,,
"Беломор, А.",мужской,1,Роковая война 18?? года,фантастический роман,1,Отд. изд.,Санкт-Петербург,1889,фантастический,военные,,,фантастический,фантастический,ADJF NOUN NUMR NOUN,4,0,,,,,
"Беломор, А.",мужской,1,Черноморский флот в ???? году,роман,0,Русское судоходство,,1890,утопический,военные (моряки),,,утопический,утопический,ADJF NOUN PREP NOUN,5,0,,,,,
"Беломор, А.",мужской,1,"Крейсер ""Русская надежда""",роман,0,Русское судоходство,,1886,"утопический, фантастический",моряки,3 лицо,,утопический,утопический,NOUN ADJF NOUN,3,0,,,,,
"Белый, Андрей",мужской,1,Серебряный голубь,Повесть в семи главах,0,Весы,,1909,"символистский, драма","крестьяне, духовенство, сектанты",3 лицо,belyj_a_serebryanyj_golub_1909.xml,символистский,символистский,ADJF NOUN,2,1,символистский,социально-психологический,мистический,идеологический,
"Белый, Андрей",мужской,1,Котик Летаев,роман,1,Скифы,Петроград,1917,"символистский, автобиографический",,1 лицо,belyj_a_kotik_letaev_1917.xml,символистский,символистский,NOUN NOUN,2,1,символистский,психологический,,,
"Белый, Андрей",мужской,1,Петербург,Роман в восьми главах с прологом и эпилогом,0,Сирин,,1913,"социально-психологический, философский, авантюрный","революционеры, чиновники",3 лицо,belyj_a_peterburg_1913.xml,социальный,социальный,NOUN,1,1,символистский,философский,социально-психологический,,
Белый Андрей,мужской,1,Крещеный китаец,роман,1,Записки мечтателей,Москва,1921,"символистский, автобиографический",,1 лицо,,символистский,символистский,ADJF NOUN,2,0,,,,,
Белый Андрей,мужской,1,Москва под ударом,роман,1,Отд. изд.,Москва,1926,"символистский, буржуи, интеллигенты",,3 лицо,,символистский,символистский,NOUN PREP NOUN,3,0,,,,,
Белый Андрей,мужской,1,Московский чудак,роман,1,Отд. изд.,Москва,1926,"символистский, буржуи, интеллигенты",,3 лицо,,символистский,символистский,ADJF NOUN,2,0,,,,,
Белый Андрей,мужской,1,Маски,роман,1,Отд. изд.,М.,1932,символистский,"буржуи, интелегенция",3 лицо,,символистский,символистский,NOUN,1,0,,,,,
"Беляев, Иван Степанович",мужской,0,Искушение,Исторический роман XVIII века,1,Отд. изд.,Москва,1898,"исторический роман, xviii в.",,,,исторический,исторический,NOUN,1,0,,,,,
"Беляев, Юрий Дмитриевич",мужской,0,Ведьма,роман,1,Отд. изд.,Петроград,1916,"любовный, авантюрный","Париж, аристократия",3 лицо,,любовный,любовный,NOUN,1,0,,,,,
"Берви, Василий Васильевич (Вильгельм Вильгельмович)",мужской,0,На жизнь и смерть. Изображение идеалистов,роман в 3 частях,1,Отд. изд.,Санкт-Петербург; Женева,1877,"о новых людях, разночинцы, революционеры","новые люди, разночинцы, революционеры",3 лицо,,социальный,социальный,PREP NOUN CONJ NOUN NOUN NOUN,6,0,,,,,
"Берг, Федор Николаевич",мужской,0,Закоулок,Роман,0,Современник,,1863,воспитания,,,,воспитания,воспитания,NOUN,1,0,,,,,
"Березайский, Василий Семенович",мужской,0,Анекдоты древних пошехонцев,,1,Отд. изд.,Санкт-Петербург,1798,авантюрно-сатирический,,1 лицо,berezajskij_v_anekdoty_drevnikh_poshekhonzev_1798.xml,авантюрный,приключенческий,NOUN NOUN NOUN,3,0,сатирический,авантюрный,бытовой,фольклорный,
"Березин, Владимир Петрович",мужской,0,Под чужим флагом,роман,1,Отд. изд.,Санкт-Петербург,1888,,,,,,,PREP NOUN NOUN,3,0,,,,,
Березовский Феоктист Александрович,мужской,0,В степных просторах,роман,1,Отд. изд.,Москва,1925,"реалистический,",кочевники,,,реалистический,социальный,PREP ADJF NOUN,3,0,,,,,
Березовский Феоктист Александрович,мужской,0,Бабьи тропы,роман,1,Отд. изд.,М.-Л.,1928,реалистический,крестьяне,3 лицо,,реалистический,социальный,ADJF NOUN,2,0,,,,,
"Бестужев, Николай Александрович",мужской,0,Русский в Париже 1814 года,,1,Отд. изд.,Москва,1860,исторический,военные,3 лицо,bestuzhev_n_russkij_v_parizhe__goda_1860.xml,исторический,исторический,ADJF PREP NOUN NUMR NOUN,5,0,исторический,авантюрный,,,
"Бефани, Василий Павлович",мужской,0,Аракчеевец,роман,0,Петербургский листок,,1894,"исторический, любовный",,,,исторический,исторический,NOUN,1,0,,,,,
"Бефани, Василий Павлович",мужской,0,Жертвы страсти,Роман из столичной жизни,0,Петербургский листок,,1894,любовный,,,,любовный,любовный,NOUN NOUN,2,0,,,,,
"Бешенцов, Александр Николаевич",мужской,0,Ссыльная,Роман в 2 частях,1,Отд. изд.,Москва,1866,любовный,,,,любовный,любовный,ADJF,1,0,,,,,
"Бешенцов, Александр Николаевич",мужской,0,Освобожденная,Роман в 3 частях,1,Отд. изд.,Москва,1882,,военные,,,,,PRTF,1,0,,,,,
"Бешенцов, Александр Николаевич",мужской,0,"Сказано, что Азия",Роман в 2 частях,0,Нива,,1874,любовный,"народности и этнические группы, военные",3 лицо,beshenzov_a_skazano_chto_aziya_1874.xml,любовный,любовный,PRTS CONJ NOUN,3,0,любовный,приключенческий,экзотический,,
"Бибик, Алексей Павлович",мужской,0,К широкой дороге,роман,1,Современный мир,Санкт-Петербург,1912,исторический,"рабочие, революционеры",,,исторический,исторический,PREP ADJF NOUN,3,0,,,,,
Бибик Алексей Павлович,мужской,0,На черной полосе,роман,1,Творчество,Москва,1921,исторический,"рабочие,революционеры",3 лицо,,исторический,исторический,PREP ADJF NOUN,3,0,,,,,
"Бибиков, Виктор Иванович",мужской,0,Моя мать,"роман, ""Из семейной хроники Гартманова""",0,Новь,,1889,,,,,,,ADJF NOUN,2,0,,,,,
"Бибиков, Виктор Иванович",мужской,0,Чистая любовь,роман,1,Отд. изд.,Санкт-Петербург,1887,натуралистический,дочь чиновника,3 лицо,,натуралистический,социальный,ADJF NOUN,2,0,,,,,
"Бибиков, Виктор Иванович",мужской,0,Друзья-приятели,роман,1,Живописное обозрение,Санкт-Петербург,1890,социально-психологический,,1 лицо,,социальный,социальный,NOUN,1,0,,,,,
Чичероне дель К.....О,мужской,1,Неправдоподобные рассказы,,1,Отд. изд.,Санкт-Петербург,1836,,,,,,,ADJF NOUN,2,0,,,,,
"Благовещенский, Николай Александрович",мужской,0,Перед рассветом,Роман,0,Русское слово,,1865,соц.-психологический,рабочие,3 лицо,,социальный,социальный,PREP NOUN,2,0,,,,,
"Ближнев, П.",женский,1,Семейство Снежиных,Роман,0,Вестник Европы,,1871,,дворяне,3 лицо,,,,NOUN NOUN,2,0,,,,,
"Блюммер, Леонид Петрович",мужской,0,Около золота,Роман,0,Заря,,1871,социально-психологический,рабочие,3 лицо,blyummer_l_okolo_zolota_1871.xml,социальный,социальный,PREP NOUN,2,0,социально-психологический,бытовой,,,
"Боборыкин, Петр Дмитриевич",мужской,0,Лихие болести,Роман в двух книгах,0,Отечественные записки,,1876,социально-психологический; любовный,,3 лицо,boborykin_p_likhie_bolesti_1876.xml,социальный,социальный,ADJF NOUN,2,0,социально-психологический,любовный,бытовой,,
"Боборыкин, Петр Дмитриевич",мужской,0,Перевал,роман,1,Вестник Европы,Санкт-Петербург,1894,соц.-психологический,,,,социальный,социальный,NOUN,1,0,,,,,
"Боборыкин, Петр Дмитриевич",мужской,0,Куда идти?,Роман в 2 частях,0,Вестник Европы,,1899,психологический,,,,психологический,психологический,NOUN INFN,2,0,,,,,
"Боборыкин, Петр Дмитриевич",мужской,0,В путь-дорогу!,Роман,0,Библиотека для чтения,,1862,соц.-психологический,дворяне,1 лицо,,социальный,социальный,PREP NOUN,2,0,,,,,
"Боборыкин, Петр Дмитриевич",мужской,0,Земские силы,Роман,0,Библиотека для чтения,,1865,соц.-психологический,дворяне,3 лицо,,социальный,социальный,ADJF NOUN,2,0,,,,,
"Боборыкин, Петр Дмитриевич",мужской,0,В чужом поле,Роман в двух книгах,0,Русский вестник,,1866,соц.-психологический,дворяне,3 лицо,,социальный,социальный,PREP NOUN NOUN,3,0,,,,,
"Боборыкин, Петр Дмитриевич",мужской,0,Жертва вечерняя,Роман,0,Всемирный труд,,1868,социально-психологический,дворяне,1 лицо,boborykin_p_zhertva_vechernyaya_1868.xml,социальный,социальный,NOUN ADJF,2,0,социально-психологический,светский,адюльтерный,,
"Боборыкин, Петр Дмитриевич",мужской,0,На суде,Роман в трех книгах,0,Всемирный труд,,1869,социально-психологический,дворяне,3 лицо,,социальный,социальный,PREP NOUN,2,0,,,,,
"Боборыкин, Петр Дмитриевич",мужской,0,Солидные добродетели,Роман в четырех книгах,0,Отечественные записки,,1870,социально-психологический,дворяне,3 лицо,,социальный,социальный,ADJF NOUN,2,0,,,,,
"Боборыкин, Петр Дмитриевич",мужской,0,Дельцы,Роман в четырех книгах,0,Отечественные записки,,1872,соц.-психологический,молодая буржуазия,3 лицо,,социальный,социальный,NOUN,1,0,,,,,
"Боборыкин, Петр Дмитриевич",мужской,0,Полжизни,Роман в двух книгах,0,Вестник Европы,,1873,соц.-психологический,студенты,1 лицо,,социальный,социальный,NOUN,1,0,,,,,
"Боборыкин, Петр Дмитриевич",мужской,0,Доктор Цыбулька,Рапсодия в трех книгах,1,Отечественные записки,Санкт-Петербург,1874,соц.-психологический,чиновники,3 лицо,boborykin_p_doktor_zybulka_1874.xml,социальный,социальный,NOUN NOUN,2,0,социально-психологический,бытовой,нравоописательный,,
"Боборыкин, Петр Дмитриевич",мужской,0,Китай-город,Роман,1,Вестник Европы,Санкт-Петербург,1882,соц.-психологический,"купцы, дворяне",3 лицо,boborykin_p_kitajgorod_1882.xml,социальный,социальный,NOUN,1,0,социально-психологический,бытовой,нравоописательный,,
"Боборыкин, Петр Дмитриевич",мужской,0,Из новых,роман,1,Вестник Европы,Санкт-Петербург,1887,соц.-психологический,"дворяне, интеллигенция",3 лицо,,социальный,социальный,PREP ADJF,2,0,,,,,
"Боборыкин, Петр Дмитриевич",мужской,0,На ущербе,роман,0,Вестник Европы,,1890,социально-психологический,роман о нигилистах,3 лицо,,социальный,социальный,PREP NOUN,2,0,,,,,
"Боборыкин, Петр Дмитриевич",мужской,0,Василий Теркин,роман в 3-х частях,0,Вестник Европы,,1892,соц.-психологический,молодая буржуазия,3 лицо,,социальный,социальный,NOUN NOUN,2,0,,,,,
"Боборыкин, Петр Дмитриевич",мужской,0,Ходок,Роман в 3 частях,0,Вестник Европы,,1895,соц.-психологический,дворяне,3 лицо,,социальный,социальный,NOUN,1,0,,,,,
"Боборыкин, Петр Дмитриевич",мужской,0,Княгиня,Роман в 2 частях,0,Вестник Европы,,1896,соц.-психологический,дворяне,3 лицо,,социальный,социальный,NOUN,1,0,,,,,
"Боборыкин, Петр Дмитриевич",мужской,0,По-другому,Роман в 2 частях,0,Вестник Европы,,1897,соц.-психологический,,3 лицо,,социальный,социальный,ADVB,1,0,,,,,
"Боборыкин, Петр Дмитриевич",мужской,0,Тяга,Роман в 2 частях,0,Вестник Европы,,1898,социально-психологический,,3 лицо,,социальный,социальный,NOUN,1,0,,,,,
"Боборыкин, Петр Дмитриевич",мужской,0,Великая разруха,Семейная хроника,1,Отд. изд.,Москва,1908,соц.-психологический,"дворяне, революционеры",3 лицо,,социальный,социальный,ADJF NOUN,2,0,,,,,
"Боборыкин, Петр Дмитриевич",мужской,0,Обмирщение,Роман,1,Отд. изд.,Москва,1912,"социально-психологический, философский","разночинцы, старообрядцы",3 лицо,,социальный,социальный,NOUN,1,0,,,,,
"Боборыкина, Софья Александровна",женский,0,Своим трудом,роман,1,Новь,Санкт-Петербург,1887,"социальный, богема",актеры,,,социальный,социальный,ADJF NOUN,2,0,,,,,
"Богданов, Александр Александрович",мужской,0,Красная звезда,роман-утопия,1,Отд. изд.,Санкт-Петербург,1907,"утопический, фантастика, научная фантастика",ученые,1 лицо,,утопический,утопический,ADJF NOUN,2,0,,,,,
"Богданов, Александр Александрович",мужской,0,Инженер Мэнни,роман,1,Отд. изд.,Москва,1913,"утопический, фантастика, научная фантастика",роман,1 лицо,bogdanov_a_inzhener_menni_1913.xml,утопический,утопический,NOUN NOUN,2,0,утопический,фантастический,философский,,
"Богданович, Петр Иванович",мужской,0,"Дикий человек, смеющийся учености и нравам нынешнего света",,1,Отд. изд.,Санкт-Петербург,1781,критика,,3 лицо,bogdanovich_p_dikij_chelovek_smeyushijsya_uchenosti_i_nravam_nyneshnego_sveta_1781.xml,,,ADJF NOUN PRTF NOUN CONJ NOUN ADJF NOUN,8,0,сатирический,философский,нравоучительный,просветительский,
"Богданович, Петр Иванович",мужской,0,"Кривонос-домосед, страдалец модный",,1,Отд. изд.,Санкт-Петербург,1789,сатира,,1 лицо,bogdanovich_p_krivonos-domosed_stradalez_modnyj_1789.xml,сатирический,юмористический,NOUN NOUN ADJF,3,0,сатирический,нравоописательный,бытовой,просветительский,
"Богораз, Владимир Германович",мужской,0,Восемь племен,Роман,0,Мир божий,,1903,исторический,древние народы,3 лицо,bogoraz_v_vosem_plemen_1903.xml,исторический,исторический,NUMR NOUN,2,0,исторический,этнографический,приключенческий,,
"Богораз, Владимир Германович",мужской,0,Жертвы дракона,роман,0,Современный мир,,1909,"исторический, этнографический (фентези?), легенды народов севера","народы Севера, племенные общинники",3 лицо,bogoraz_v_zhertvy_drakona_1909.xml,исторический,исторический,NOUN NOUN,2,0,исторический,этнографический,фантастический,фольклорный,
"Богораз, Владимир Германович",мужской,0,Завоевание вселенной,,1,Италия (Сб),Санкт-Петербург,1909,"научная фантастика, неоконченый роман",,1 лицо,bogoraz_v_zavoevanie_vselennoj_1909.xml,фантастический,фантастический,NOUN NOUN,2,0,фантастический,философский,утопический,,
"Богораз, Владимир Германович",мужской,0,За океаном,роман,1,Мир божий,Санкт-Петербург,1904,"соц.-психологический, русские эмигранты в америке",эмигранты,3 лицо,,социальный,социальный,PREP NOUN,2,0,,,,,
"Богородский, Василий",мужской,0,"Странные приключения Димитрия Магушкина, российского дворянина, описанные им на испанском языке, с которого переведены на немецкий, а с сего на российский язык",,1,Отд. изд.,Москва,1796,"приключение, похождения","Сын русского вельможи, крестьяне, татары",1 лицо,,приключенческий,приключенческий,ADJF NOUN NOUN NOUN ADJF NOUN PRTF NOUN PREP ADJF NOUN PREP ADJF PRTS PREP ADJF CONJ PREP ADJF PREP ADJF NOUN,22,0,,,,,
"Богров, Григорий Исаакович",мужской,0,Записки еврея,,0,Отечественные записки,,1871,социально-психологический,народности и этнические группы,1 лицо,bogrov_g_zapiski_evreya_1871.xml,социальный,социальный,NOUN NOUN,2,0,социально-психологический,этнографический,,,
"Богров, Григорий Исаакович",мужской,0,Еврейский манускрипт,Перед драмой,1,Отд. изд.,Санкт-Петербург,1876,исторический,народности и этнические группы,3 лицо,,исторический,исторический,ADJF NOUN,2,0,,,,,
"Бороградский, Никифор",мужской,0,"Путешествие в Смоленск, или Воспоминание 1812 года",Сочинение Никифора Бороградского,1,Отд. изд.,Москва,1839,исторический роман,"война 1812 года, военные",1 лицо,borogradskij_n_puteshestvie_v_smolensk_ili_vospominanie__goda_1839.xml,исторический,исторический,NOUN PREP NOUN CONJ NOUN NUMR NOUN,7,0,исторический,,,,
"Бранкевич, Михаил Степанович (Стефанович)",мужской,0,"Храбрый философ Лев Андреевич Громин, сослуживец Силы Андреевича Богатырева",Отрывок,1,Отд. изд.,Москва,1809,нравоучительный,Крестьянин-солдат,1 лицо,,нравоучительный,воспитания,ADJF NOUN ADJS NOUN NOUN NOUN NOUN NOUN NOUN,9,0,,,,,
"Брант (Брандт), Леопольд Васильевич",мужской,0,Жизнь как она есть,"Записки неизвестного, изданные Л. Брантом",1,Отд. изд.,Санкт-Петербург,1843,светский,дворяне,1 лицо,brant_l_zhizn_kak_ona_est_1843.xml,светский,светский,NOUN CONJ NPRO INTJ,4,0,светский,нравоописательный,бытовой,,
"Брешко-Брешковский, Николай Николаевич",мужской,0,Гладиаторы наших дней,роман,1,Отд. изд.,Санкт-Петербург,1908,"социально-психологическйи, борцы",,,,социальный,социальный,NOUN ADJF NOUN,3,0,,,,,
"Брешко-Брешковский, Николай Николаевич",мужской,0,Чемпион мира,повесть,1,Отд. изд.,Санкт-Петербург,1908,"социально-психологическйи, борцы",,,,социальный,социальный,NOUN NOUN,2,0,,,,,
"Брешко-Брешковский, Николай Николаевич",мужской,0,Записки натурщицы,роман,1,Отд. изд.,Санкт-Петербург,1909,"социально-психологический, светские люди",,,,социальный,социальный,NOUN NOUN,2,0,,,,,
"Брешко-Брешковский, Николай Николаевич",мужской,0,Чухонский бог,роман,1,Отд. изд.,Киев,1910,"социально-психологическйи, борцы",,,,социальный,социальный,ADJF NOUN,2,0,,,,,
"Брешко-Брешковский, Николай Николаевич",мужской,0,Гадины тыла,роман,1,Отд. изд.,Санкт-Петербург,1915,"детективный, шпионы","шпионы, криминальный мир",,,детективный,криминальный,NOUN NOUN,2,0,,,,,
"Брешко-Брешковский, Николай Николаевич",мужской,0,Позор династии,Политический роман в 2 частях,1,Отд. изд.,Санкт-Петербург,1917,"исторический, распутинщина",,,,исторический,исторический,NOUN NOUN,2,0,,,,,
"Брешко-Брешковский, Николай Николаевич",мужской,0,Записки проходимца,Прерванный роман,1,Отд. изд.,Санкт-Петербург,1901,"социально-психологический, роман воспитания",разночинцы (люди искусства),1 лицо,,социальный,социальный,NOUN NOUN,2,0,,,,,
"Брешко-Брешковский, Николай Николаевич",мужской,0,Прекрасный мужчина,роман,1,Отд. изд.,Санкт-Петербург,1917,"социально-психологический, люди искусства",,,,социальный,социальный,ADJF NOUN,2,0,,,,,
"Брешко-Брешковский, Николай Николаевич",мужской,0,В потемках жизни,роман,1,Отд. изд.,Петроград; Москва,1914,социально-психологический,разночинцы,3 лицо,,социальный,социальный,PREP NOUN NOUN,3,0,,,,,
"Брешко-Брешковский, Николай Николаевич",мужской,0,В сетях предательства,роман,1,Отд. изд.,Петроград,1916,"детективный, шпионы","шпионаж, криминальный мир, аристократия, военные",3 лицо,,детективный,криминальный,PREP NOUN NOUN,3,0,,,,,
"Брешко-Брешковский, Николай Николаевич",мужской,0,Ремесло сатаны,роман,1,Отд. изд.,Петроград,1916,"детективный, шпионы","криминальный мир, духовенство",3 лицо,,детективный,криминальный,NOUN NOUN,2,0,,,,,
"Брешко-Брешковский, Николай Николаевич",мужской,0,Танцовщица Лилиас,роман (на форзаце). на обложке - повесть,1,Отд. изд.,Петроград,1916,"исторический, благородная девушка",богема,3 лицо,,исторический,исторический,NOUN NOUN,2,0,,,,,
"Брусянин, Василий Васильевич",мужской,0,Молодежь,роман,1,Отд. изд.,Санкт-Петербург,1911,исторический,студенты,3 лицо,,исторический,исторический,NOUN,1,0,,,,,
"Брусянин, Василий Васильевич",мужской,0,Белые ночи,роман,1,Отд. изд.,Санкт-Петербург,1913,исторический,купцы/помещики,3 лицо,,исторический,исторический,NOUN NOUN,2,0,,,,,
"Брусянин, Василий Васильевич",мужской,0,Мужчина,роман,1,Отд. изд.,Москва,1913,исторический,интеллигенция,1 лицо,,исторический,исторический,NOUN,1,0,,,,,
"Брусянин, Василий Васильевич",мужской,0,Темный лик,роман,1,Отд. изд.,Петроград,1916,"исторический, дворяне, крестьяне",крестьяне,3 лицо,,исторический,исторический,ADJF NOUN,2,0,,,,,
"Брюсов, Валерий Яковлевич",мужской,0,Огненный ангел,роман,1,Весы,Москва,1907,"символистский, ангелы, демоны, жизнетворчество","разночинцы, студенты",1 лицо,,символистский,символистский,ADJF NOUN,2,1,,,,,
"Брюсов, Валерий Яковлевич",мужской,0,Алтарь Победы,повесть IV века,0,Русская мысль,,1911,"символистский, исторический","аристократия, священнослужители",1 лицо,,символистский,символистский,NOUN NOUN,2,1,,,,,
"Брянчанинов, Анатолий Александрович",мужской,0,В годину лихолетья (1905-1906),роман в 2-х частях,0,Мирный труд,,1912,исторический,дворяне,,,исторический,исторический,PREP NOUN NOUN NUMR,4,0,,,,,
"Брянчанинов, Анатолий Александрович",мужской,0,В шестидесятых годах (1862—1863),роман в 2 частях,1,Мирный труд,Харьков,1914,исторический,дворяне,,,исторический,исторический,PREP ADJF NOUN NUMR,4,0,,,,,
"Будищев, Алексей Николаевич",мужской,0,Бунт совести,роман,1,Отд. изд.,Санкт-Петербург,1909,"социально-психологический, детективный, дворяне",,,,социальный,социальный,NOUN NOUN,2,0,,,,,
"Будищев, Алексей Николаевич",мужской,0,Степь грезит,роман,1,Отд. изд.,Санкт-Петербург,1912,"социально-психологический, детективный",дворяне,,,социальный,социальный,NOUN VERB,2,0,,,,,
"Будищев, Алексей Николаевич",мужской,0,Пробужденная совесть,Роман,1,Отд. изд.,Санкт-Петербург,1900,авантюрный,дворяне,3 лицо,,авантюрный,приключенческий,PRTF NOUN,2,0,,,,,
"Будищев, Алексей Николаевич",мужской,0,Лучший друг,Роман,1,Отд. изд.,Санкт-Петербург,1901,социально-психологический,дворяне,3 лицо,budishev_a_luchshij_drug_1901.xml,социальный,социальный,ADJF NOUN,2,0,социально-психологический,нравоописательный,бытовой,,
"Будищев, Алексей Николаевич",мужской,0,Солнечные дни,Роман,1,Вестник Европы,Москва,1903,"социально-психологический, детективный, помещики",помещики,3 лицо,,социальный,социальный,ADJF NOUN,2,0,,,,,
"Булгаковский, Дмитрий Гаврилович",мужской,0,Близнецы,роман в 2 частях,1,Отд. изд.,Санкт-Петербург,1903,социально-психологический,аристократы,,,социальный,социальный,NOUN,1,0,,,,,
"Булгарин, Фаддей Венедиктович",мужской,0,Иван Выжигин,нравственно-сатирический роман,1,Отд. изд.,Санкт-Петербург,1829,авантюрный,дворяне,1 лицо,bulgarin_f_ivan_vyzhigin_1829.xml,авантюрный,приключенческий,NOUN NOUN,2,0,плутовской,нравоописательный,авантюрный,сатирический,
"Булгарин, Фаддей Венедиктович",мужской,0,Димитрий Самозванец,исторический роман,1,Отд. изд.,Санкт-Петербург,1830,исторический,легендарные исторические фигуры; аристократия прошлого; военные,3 лицо,bulgarin_f_dimitrij_samozvanez_1830.xml,исторический,исторический,NOUN NOUN,2,0,исторический,авантюрный,политический,,
"Булгарин, Фаддей Венедиктович",мужской,0,Петр Иванович Выжигин,Нравоописательный-исторический роман XIX века,1,Отд. изд.,Санкт-Петербург,1831,"социально-психологический, исторический",дворяне,3 лицо,,социальный,социальный,NOUN NOUN NOUN,3,0,,,,,
"Булгарин, Фаддей Венедиктович",мужской,0,Мазепа,,1,Отд. изд.,Санкт-Петербург,1833,исторический,легендарные исторические фигуры,3 лицо,bulgarin_f_mazepa_1833.xml,исторический,исторический,NOUN,1,0,исторический,авантюрный,биографический,,
"Булгарин, Фаддей Венедиктович",мужской,0,"Памятные записки титулярного советника Чухина, или Простая история обыкновенной жизни",,1,Отд. изд.,Санкт-Петербург,1835,социально-психологический,"Дворяне, чиновник",1 лицо,,социальный,социальный,ADJF NOUN ADJF NOUN NOUN CONJ ADJF NOUN ADJF NOUN,10,0,,,,,
"Булгарин, Фаддей Венедиктович (совместно с Полевым Николаем Алексеевичем)",мужской,0,Счастье лучше богатырства,"рукопись, найденная и изданная",0,Библиотека для чтения,,1845,социально-психологический,разночинцы,1 лицо,,социальный,социальный,NOUN COMP NOUN,3,0,,,,,
"Булыгин, Петр Павлович",мужской,0,Расплата,Роман в трех частях,1,Русское богатство,Санкт-Петербург,1897,социально-психологический,дворяне,,,социальный,социальный,NOUN,1,0,,,,,
"Буренин, Виктор Павлович",мужской,0,"Пипа и Пуся, или Горе от любви",роман,1,Отд. изд.,Санкт-Петербург,1894,"памфлет, сатира",,3 лицо,,сатирический,юмористический,NOUN CONJ VERB CONJ ADVB PREP NOUN,7,0,,,,,
"Валуев, Петр Александрович",мужской,0,Лорин,Роман,1,Отд. изд.,Санкт-Петербург,1882,светский,"дворяне, чиновники",3 лицо,,светский,светский,NOUN,1,0,,,,,
"Валуев, Петр Александрович",мужской,0,Княжна Татьяна,роман,0,Русский вестник,,1891,светский,аристократы,3 лицо,,светский,светский,NOUN NOUN,2,0,,,,,
"Ваненко, Иван",мужской,1,"Чудак, или человек каких мало","Роман, почти-исторический",1,Отд. изд.,Москва,1835,светский,"разночинцы, дворяне, помещики",3 лицо,,светский,светский,NOUN CONJ NOUN ADJF ADVB,5,0,,,,,
"Вашков, Иван Андреевич",мужской,0,Сила солому ломит,роман-фельетон,0,Московский листок,,1886,сатирический,,,,сатирический,юмористический,NOUN NOUN VERB,3,0,,,,,
"Вашков, Иван Андреевич",мужской,0,Жертва прихоти,роман-фельетон,1,Московский листок,Москва,1887,сатирический,,,,сатирический,юмористический,NOUN NOUN,2,0,,,,,
"Вашков, Иван Андреевич",мужской,0,Кровь за кровь,роман,1,Московский листок,Москва,1888,детективный,,,,детективный,криминальный,NOUN PREP NOUN,3,0,,,,,
"Вашков, Иван Андреевич",мужской,0,Безродная,роман-фельетон,1,Московский листок,Москва,1889,сатирический,,,,сатирический,юмористический,ADJF,1,0,,,,,
"Вашков, Иван Андреевич",мужской,0,В пылу сражений,роман-фельетон,1,Московский листок,Москва,1889,сатирический,,,,сатирический,юмористический,PREP NOUN NOUN,3,0,,,,,
"Вашков, Иван Андреевич",мужской,0,Среди зла и преступлений,роман-фельетон,0,Московский листок,,1890,сатирический,,,,сатирический,юмористический,PREP NOUN CONJ NOUN,4,0,,,,,
"Вашков, Иван Андреевич",мужской,0,Кровавая месть,роман-фельетон,0,Московский листок,,1891,сатирический,,,,сатирический,юмористический,ADJF NOUN,2,0,,,,,
"Вашков, Иван Андреевич",мужской,0,Среди чужих,Повесть для детей и юношества,1,Московский листок,Москва,1892,,,,,,,PREP NOUN,2,0,,,,,
"Вашков, Иван Андреевич",мужской,0,Роковой выстрел,(Разсказ),0,Московский листок,,1890,,,3 лицо,,,,ADJF NOUN,2,0,,,,,
"Вельтман, Александр Фомич",мужской,0,Странник,,1,Отд. изд.,Москва,1831,авантюрный,офицер,1 лицо,veltman_a_strannik_1831.xml,авантюрный,приключенческий,NOUN,1,0,философский,приключенческий,авантюрный,,
"Вельтман, Александр Фомич",мужской,0,Кощей бессмертный,былина старого времени,1,Отд. изд.,Москва,1833,фантастический,"аристократия прошлого, фольклорные герои",3 лицо,veltman_a_koshej_bessmertnyj_1833.xml,фантастический,фантастический,NOUN ADJF,2,1,фантастический,исторический,фольклорный,,
"Вельтман, Александр Фомич",мужской,0,MMMCDXLVIII год. Рукопись Мартена-Задека,,1,Отд. изд.,Москва,1833,фантастический,духовенство,3 лицо,,фантастический,фантастический,NUMR NOUN NOUN NOUN,4,0,,,,,
"Вельтман, Александр Фомич",мужской,0,Лунатик,случай,1,Отд. изд.,Москва,1834,"фантастический, соц.-психологический",луна (?),3 лицо,,фантастический,фантастический,NOUN,1,0,,,,,
"Вельтман, Александр Фомич",мужской,0,"Светославич, вражий питомец",Диво времен красного солнца Владимира,1,Отд. изд.,Москва,1835,"исторический, фантастический","Аристократия прошлого (князья), легендарные исторические фигуры",3 лицо,veltman_a_svetoslavich_vrazhij_pitomez_1835.xml,исторический,исторический,NOUN ADJF NOUN,3,0,исторический,фантастический,фольклорный,,
"Вельтман, Александр Фомич",мужской,0,Предки Калимероса,Александр Филиппович Македонский,1,Отд. изд.,Москва,1836,"исторический, фантастический",Легендарные исторические персонажи,1 лицо,,исторический,исторический,NOUN NOUN,2,0,,,,,
"Вельтман, Александр Фомич",мужской,0,"Виргиния, или поездка в Россию",роман,1,Отд. изд.,Москва,1837,"сатирический, иностранцы в россии",народности и этнические группы,3 лицо,,сатирический,юмористический,NOUN CONJ NOUN PREP NOUN,5,0,,,,,
"Вельтман, Александр Фомич",мужской,0,Сердце и думка,приключение,1,Отд. изд.,Москва,1838,"фантастический, соц.-психологический, сатирический, чиновники, представители потустороннего мира",,3 лицо,,фантастический,фантастический,NOUN CONJ NOUN,3,0,,,,,
"Вельтман, Александр Фомич",мужской,0,Генерал Каломерос,роман,1,Отд. изд.,Москва,1840,исторический,"истоические лица (Наполеон), военные, дворяне",3 лицо,veltman_a_general_kalomeros_1840.xml,исторический,исторический,NOUN NOUN,2,0,исторический,авантюрный,биографический,,
"Вельтман, Александр Фомич",мужской,0,"Райна, королевна болгарская",,0,Библиотека для чтения,,1843,исторический,"исторические лица, военные, дворяне",3 лицо,veltman_a_rajna_korolevna_bolgarskaya_1843.xml,исторический,исторический,NOUN NOUN ADJF,3,0,исторический,авантюрный,,,
"Вельтман, Александр Фомич",мужской,0,"Новый Емеля, или превращения",роман,1,Отд. изд.,Москва,1845,"фантастический, сатирический",дворяне,3 лицо,,фантастический,фантастический,ADJF NOUN CONJ NOUN,4,0,,,,,
"Вельтман, Александр Фомич",мужской,0,Саломея,"приключения, почерпнутые из моря житейского",0,Библиотека для чтения,,1846,соц.-психологический,"персонажи разных сословий: дворяне, разночинцы, военные",3 лицо,veltman_a_salomeya_1846.xml,социальный,социальный,NOUN,1,0,социально-психологический,любовный,светский,,
"Вельтман, Александр Фомич",мужской,0,Чудодей,Роман,1,Москвитянин,Москва,1849,социально-психологический,дворяне,3 лицо,,социальный,социальный,NOUN,1,0,,,,,
"Вельтман, Александр Фомич",мужской,0,Воспитанница Сара,"Приключения, почерпнутые из моря житейского",1,Русский вестник,Москва,1862,соц.-психологический,персонажи разных сословий,3 лицо,,социальный,социальный,NOUN NOUN,2,0,,,,,
"Вельтман, Александр Фомич",мужской,0,Счастье-несчастье,"Приключения, почерпнутые из моря житейского",1,Отд. изд.,Москва,1863,социально-психологический,Чиновник,3 лицо,,социальный,социальный,NOUN,1,0,,,,,
"Вельтман, Елена Ивановна",женский,0,"Приключения царевича Густава Ириковича, жениха царевны Ксении Годуновой",Исторический роман,0,Отечественные записки,,1867,исторический,члены правящих династий,3 лицо,,исторический,исторический,NOUN NOUN NOUN NOUN NOUN NOUN NOUN NOUN,8,0,,,,,
"Вербицкая, Анастасия Алексеевна",женский,0,Освободилась,Роман в 3 частях,0,Мир божий,,1899,,,,,,,VERB,1,0,,,,,
"Вербицкая, Анастасия Алексеевна",женский,0,Вавочка,Повесть в 3-х частях,1,Жизнь,Санкт-Петербург,1898,,,3 лицо,,,,NOUN,1,0,,,,,
"Вербицкая, Анастасия Алексеевна",женский,0,Дух времени,Роман в 2 частях,1,Отд. изд.,Москва,1907,"исторический, любовный","революционеры, разночинцы",3 лицо,verbizkaya_a_dukh_vremeni_1907.xml,исторический,исторический,NOUN NOUN,2,0,исторический,любовный,феминистский,,
"Вербицкая, Анастасия Алексеевна",женский,0,Ключи счастья,современный роман,1,Отд. изд.,Москва,1909,"светский, любовный",разночинцы,3 лицо,verbizkaya_a_klyuchi_schastya_1909.xml,светский,светский,NOUN NOUN,2,0,светский,любовный,социально-психологический,феминистский,
"Вербицкая, Анастасия Алексеевна",женский,0,Иго любви,роман,1,Отд. изд.,Москва,1914,"светский, любовный",разночинцы,3 лицо,verbizkaya_a_igo_lyubvi_1914.xml,светский,светский,NOUN NOUN,2,0,светский,любовный,феминистский,,
"Веревкин, Михаил Иванович",мужской,0,Небылица,,1,Отд. изд.,Санкт-Петербург,1778,любовный,крестьяне,3 лицо,,любовный,любовный,NOUN,1,0,,,,,
Вересаев Викентий Викентиевич,мужской,1,В тупике,роман,1,,М,1923,интеллигенция,интеллигенция,,,социальный,социальный,PREP NOUN,2,0,,,,,
Вересаев Викентий Викентиевич,мужской,1,Сестры,роман,1,отд.изд.,М,1933,семейная хроника,интеллигенция,1 лицо,,семейный,семейный,NOUN,1,0,,,,,
"Верхоустинский, Борис Алексеевич",мужской,0,Перед бурей,роман,1,Новая жизнь,Петроград; Москва,1914,,,,,,,PREP VERB,2,0,,,,,
"Верхоустинский, Борис Алексеевич",мужской,0,Маленькая буря,роман,1,Отд. изд.,Петроград,1916,социально-психологический,,,,социальный,социальный,ADJF NOUN,2,0,,,,,
"Веселкова-Кильштет, Мария Григорьевна",женский,0,На родной почве,роман,1,Исторический вестник,Петроград,1914,"исторический, семейный",дворяне,,,исторический,исторический,PREP ADJF NOUN,3,0,,,,,
"Веселкова-Кильштет, Мария Григорьевна",женский,0,Колычевская вотчина,роман,0,Исторический вестник,,1911,"исторический, семейная хроника",дворяне,3 лицо,,исторический,исторический,ADJF NOUN,2,0,,,,,
"Весеньев, Иван",женский,1,Мудреный человек,Роман,0,Отечественные записки,,1861,эпистолярный,дворяне,1 лицо,khvoshinskaya_s_mudrenyj_chelovek_1861.xml,эпистолярный,эпистолярный,ADJF NOUN,2,0,эпистолярный,социально-психологический,,,
"Весеньев, Иван",женский,1,Городские и деревенские,Роман,0,Отечественные записки,,1863,,,3 лицо,khvoshinskaya_s_gorodskie_i_derevenskie_1863.xml,,,ADJF CONJ ADJF,3,0,социально-психологический,бытовой,,,
"Весеньев, Иван",женский,1,Домашняя идиллия недавного времени,Роман,0,Отечественные записки,,1863,,,3 лицо,khvoshinskaya_s_domashnyaya_idilliya_nedavnogo_vremeni_1863.xml,,,ADJF NOUN ADJF NOUN,4,0,социально-психологический,семейный,бытовой,,
"Винниченко, Владимир Кириллович",мужской,0,Честность с собой,повесть,1,Земля (сборник),Санкт-Петербург,1911,,,,,,,NOUN PREP NPRO,3,0,,,,,
"Винниченко, Владимир Кириллович",мужской,0,На весах жизни,роман,0,Земля (сборник),,1912,,,,,,,PREP NOUN NOUN,3,0,,,,,
"Винниченко, Владимир Кириллович",мужской,0,Хочу!,роман,1,Отд. изд.,Санкт-Петербург,1916,,,,,,,VERB,1,0,,,,,
"Винниченко, Владимир Кириллович",мужской,0,Заветы отцов,роман,1,Земля,Санкт-Петербург,1914,социально-психологический,"революционеры, рабочие",3 лицо,,социальный,социальный,NOUN ADJF,2,0,,,,,
"Винниченко, Владимир Кириллович",мужской,0,Записки курносого Мефистофеля,роман,1,Земля (сборник),Санкт-Петербург; Киев,1917,"любовный, роман воспитания",,3 лицо,,любовный,любовный,NOUN ADJF NOUN,3,0,,,,,
"Вистенгоф, Павел Федорович",мужской,0,Урод,роман в 2 частях,1,Отд. изд.,Москва,1849,исторический,"дворяне, иностранцы",1 лицо,,исторический,исторический,NOUN,1,0,,,,,
"Владимирова, А.К.",женский,1,Без вины виноватые,Рассказ в 2 главах,0,Биржевые ведомости,,1867,соц-психологический,разночинцы,3 лицо,,социальный,социальный,PREP NOUN ADJF,3,0,,,,,
"Вовчок, Марко",женский,1,Живая душа,Роман,1,Отечественные записки,Санкт-Петербург,1868,социально-психолологический,городские обыватели,3 лицо,vilinskaya_m_zhivaya_dusha_1868.xml,социальный,социальный,ADJF GRND,2,0,социально-психологический,феминистский,идеологический,,
"Вовчок, Марко",женский,1,Записки причетника,,1,Отечественные записки,Санкт-Петербург,1869,социально-психологический,духовенство/священники,1 лицо,vilinskaya_m_zapiski_prichetnika_1869.xml,социальный,социальный,NOUN NOUN,2,0,социально-психологический,бытовой,религиозный,,
"Вовчок, Марко",женский,1,В глуши,Роман,0,Отечественные записки,,1875,социально-психологический,дворяне,3 лицо,vilinskaya_m_v_glushi_1875.xml,социальный,социальный,PREP NOUN,2,0,социально-психологический,бытовой,,,
"Воинов, Владимир Васильевич",мужской,0,Чертово колесо,Современный роман,1,Отд. изд.,Москва; Петроград,1916,"детектив, нравственный и социальный",,3 лицо,,детективный,криминальный,ADJS NOUN,2,0,,,,,
"Войт, Владимир Карлович",мужской,0,Битва с пиратами,Отрывок из морского романа,0,Северный архив,,1838,приключенческий,"пираты, моряки",3 лицо,vojt_v_bitva_s_piratami_1838.xml,приключенческий,приключенческий,NOUN PREP NOUN,3,0,приключенческий,авантюрный,,,
"Волконский, Михаил Николаевич",мужской,0,Юный герой,роман,0,Вокруг света,,1904,приключенческий роман,,,,приключенческий,приключенческий,ADJF NOUN,2,0,,,,,
"Волконский, Михаил Николаевич",мужской,0,Ерш и Пыж,роман,0,Родина,,1905,приключенческий роман,,,,приключенческий,приключенческий,NOUN CONJ NOUN,3,0,,,,,
"Волконский, Михаил Николаевич",мужской,0,Семья Колениных,Роман,0,Русское обозрение,,1890,социально-психологический,,3 лицо,,социальный,социальный,NOUN NOUN,2,0,,,,,
"Волконский, Михаил Николаевич",мужской,0,Князь Никита Федорович,Исторический роман в трех частях,0,"Ежемесячные литературные приложения к журналу ""Нива""",,1891,историко-авантюрный роман,бироновщица,3 лицо,volkonskij_m_knyaz_nikita_federovich_1891.xml,исторический,исторический,NOUN NOUN NOUN,3,0,исторический,авантюрный,приключенческий,политический,
"Волконский, Михаил Николаевич",мужской,0,Мальтийская цепь,Исторический роман Кн. М.Н. Волконского,0,"Ежемесячные литературные приложения к журналу ""Нива""",,1891,"историко-авантюрный роман, неофициальная история",,3 лицо,volkonskij_m_maltijskaya_zep_1891.xml,исторический,исторический,ADJF NOUN,2,0,исторический,авантюрный,приключенческий,политический,
"Волконский, Михаил Николаевич",мужской,0,Воля судьбы,Исторический роман в 3 ч.,1,Нива,Санкт-Петербург,1893,"исторический, авантюрный","аристократия прошлого, легендарные исторические фигуры,",3 лицо,,исторический,исторический,NOUN NOUN,2,0,,,,,
"Волконский, Михаил Николаевич",мужской,0,Брат герцога,Исторический роман графа М.Н. Волконского,1,Нива,Санкт-Петербург,1895,"историко-авантюрный роман, неофициальная история",,3 лицо,,исторический,исторический,NOUN NOUN,2,0,,,,,
"Волконский, Михаил Николаевич",мужской,0,Кольцо императрицы,Исторический роман эпохи XVIII столетия,0,Нива,,1896,"историко-авантюрный роман, неофициальная история",аристократия прошлого,3 лицо,,исторический,исторический,NOUN NOUN,2,0,,,,,
"Волконский, Михаил Николаевич",мужской,0,Записки прадеда,Роман,1,Родина,Санкт-Петербург,1897,исторический авантюрный роман,,3 лицо,volkonskij_m_zapiski_pradeda_1897.xml,исторический,исторический,NOUN NOUN,2,0,исторический,авантюрный,семейный,,
"Волконский, Михаил Николаевич",мужской,0,Мертвые и живые,Роман,0,Русский вестник,,1898,социально-психологический роман,,3 лицо,,социальный,социальный,NOUN CONJ NOUN,3,0,,,,,
"Волконский, Михаил Николаевич",мужской,0,Одержимые,Роман,0,Русский вестник,,1899,социально-психологический роман,,3 лицо,,социальный,социальный,ADJF,1,0,,,,,
"Волконский, Михаил Николаевич",мужской,0,Вязниковский самодур,Роман,0,Родина,,1900,"исторический, авантюрный (неофициальная история?)",аристократия прошлого,3 лицо,volkonskij_m_vyaznikovskij_samodur_1900.xml,исторический,исторический,ADJF NOUN,2,0,исторический,авантюрный,бытовой,,
"Волконский, Михаил Николаевич",мужской,0,Черный человек,Роман,0,Родина,,1901,историко-авантюрный роман,дворяне,3 лицо,volkonskij_m_chernyj_chelovek_1901.xml,исторический,исторический,NOUN NOUN,2,0,исторический,авантюрный,мистический,психологический,
"Волконский, Михаил Николаевич",мужской,0,Два мага,Роман из эпохи XVIII столетия,0,Родина,,1902,историко-авантюрный роман,,3 лицо,volkonskij_m_dva_maga_1902.xml,исторический,исторический,NUMR NOUN,2,0,исторический,авантюрный,мистический,философский,
"Волконский, Михаил Николаевич",мужской,0,Капитан корабля Дедалуса,Роман князя М. Н. Волконского,0,Вокруг света,,1902,"приключенческий, авантюрный",дворяне,3 лицо,,приключенческий,приключенческий,NOUN NOUN NOUN,3,0,,,,,
"Волконский, Михаил Николаевич",мужской,0,Тайна герцога,Исторический роман из эпохи бироновщины,0,Родина,,1902,историко-авантюрный роман,дворяне,3 лицо,volkonskij_m_tajna_gerzoga_1902.xml,исторический,исторический,NOUN NOUN,2,0,исторический,авантюрный,детективный,политический,
"Волконский, Михаил Николаевич",мужской,0,Гамлет XVIII века,Роман из времен Павла I,0,Русский вестник,,1903,историко-авантюрный роман,,3 лицо,volkonskij_m_gamlet__veka_1903.xml,исторический,исторический,NOUN NUMR NOUN,3,0,исторический,авантюрный,психологический,философский,
"Волконский, Михаил Николаевич",мужской,0,Сокровище родины,Роман кн. М. Н. Волконского,0,Вокруг света,,1903,приключенческий роман,,3 лицо,,приключенческий,приключенческий,NOUN NOUN,2,0,,,,,
"Волконский, Михаил Николаевич",мужской,0,Ищите и найдете,роман,1,Родина,Санкт-Петербург,1904,"историко-авантюрный роман, неофициальная история",художники,3 лицо,volkonskij_m_ishite_i_najdete_1904.xml,исторический,исторический,VERB CONJ VERB,3,0,исторический,авантюрный,детективный,политический,
"Волконский, Михаил Николаевич",мужской,0,Тайные силы,роман,0,Родина,,1907,"историко-авантюрный роман, неофициальная история",графы,3 лицо,volkonskij_m_tajnye_sily_1907.xml,исторический,исторический,ADJF NOUN,2,0,исторический,авантюрный,мистический,политический,
"Волконский, Михаил Николаевич",мужской,0,Жанна де Ламотт,роман,1,Родина,Санкт-Петербург,1910,"исторический, авантюрный, уголовный","аристократия, преступный мир",3 лицо,volkonskij_m_zhanna_de_lamott_1910.xml,исторический,исторический,NOUN PRCL NOUN,3,0,исторический,авантюрный,уголовный,биографический,
"Волконский, Михаил Николаевич",мужской,0,"Мне жаль тебя, герцог!",роман,0,Родина,,1913,"исторический, авантюрный","аристократия прошлого, легендарные исторические фигуры",3 лицо,volkonskij_m_mne_zhal_tebya_gerzog_1913.xml,исторический,исторический,NPRO PRED NPRO NOUN,4,0,исторический,авантюрный,психологический,политический,
"Волконский, Михаил Николаевич",мужской,0,Две жизни,роман,1,Родина,Петроград,1914,"историко-авантюрный роман, неофициальная история, шпионский роман","военные, аристократия",3 лицо,,исторический,исторический,NUMR NOUN,2,0,,,,,
"Волокос, А. (псевдоним)",мужской,1,За что ее убили,Роман в 2 частях,1,Отд. изд.,Санкт-Петербург,1888,уголовный,криминальный мир,3 лицо,,уголовный,криминальный,PREP CONJ NPRO VERB,4,0,,,,,
"Волховский, Феликс Вадимович",мужской,0,Адмирал Чагин,роман,1,Отд. изд.,Берлин,1913,,военные,,,,,NOUN NOUN,2,0,,,,,
"Вольский, А.",женский,1,Жена,роман,1,Отд. изд.,Санкт-Петербург,1888,,,,,,,NOUN,1,0,,,,,
"Вольский, А.",женский,1,Мертвая хватка,роман,1,Отд. изд.,Санкт-Петербург,1890,,,,,,,ADJF NOUN,2,0,,,,,
"Вольский, А.",женский,1,Под грозой,Повесть,1,Отд. изд.,Санкт-Петербург,1904,,,3 лицо,,,,PREP NOUN,2,0,,,,,
"Вонлярлярский, Василий Александрович",мужской,0,Силуэт,Роман в 3 частях,1,Отечественные записки,Москва,1851,авантюрный,"чиновники, дворяне, помещики, крестьяне",3 лицо,,авантюрный,приключенческий,NOUN,1,0,,,,,
"Вонлярлярский, Василий Александрович",мужской,0,Большая барыня,,0,Отд. изд.,,1852,социально-психологический,"Дворяне, военные",3 лицо,vonlyarlyarskij_v_bolshaya_barynya_1852.xml,социальный,социальный,ADJF NOUN,2,0,социально-психологический,бытовой,,,
"Вонлярлярский, Василий Александрович",мужской,0,Магистр,Роман,1,Отечественные записки,Москва,1852,авантюрный,"чиновники, дворяне, помещики, крестьяне",3 лицо,,авантюрный,приключенческий,NOUN,1,0,,,,,
"Вонлярлярский, Василий Александрович",мужской,0,Сосед,Роман,1,Библиотека для чтения,Москва,1853,авантюрный,"чиновники, дворяне, помещики, крестьяне",3 лицо,,авантюрный,приключенческий,NOUN,1,0,,,,,
"Воскресенский, Михаил Ильич",мужской,0,Проклятое место,роман,1,Отд. изд.,Москва,1838,светский роман,"мистика, запутанность присшествий, московская жизнь",,,светский,светский,ADJF NOUN,2,0,,,,,
"Воскресенский, Михаил Ильич",мужской,0,Наташа Подгорич,Роман,1,Отд. изд.,Москва,1858,"аристократы, общественные тенденции",аристократы,,,социальный,социальный,NOUN NOUN,2,0,,,,,
"Воскресенский, Михаил Ильич",мужской,0,"Увлечение, или Семейство Каллиопиных",Роман М.И. Воскресенского,1,Отд. изд.,Москва,1860,"аристократы, общественные тенденции",аристократы,,,социальный,социальный,NOUN CONJ NOUN NOUN,4,0,,,,,
"Воскресенский, Михаил Ильич",мужской,0,Он и она,роман,1,Отд. изд.,Москва,1836,любовно-бытовой,дворяне,3 лицо,,любовный,любовный,NPRO CONJ NPRO,3,0,,,,,
"Воскресенский, Михаил Ильич",мужской,0,Черкес,роман,1,Отд. изд.,Москва,1839,"аристократы, общественные тенденции, осуждение крепостничества",аристократы,3 лицо,,социальный,социальный,NOUN,1,0,,,,,
"Воскресенский, Михаил Ильич",мужской,0,Мечтатель,роман,1,Отд. изд.,Москва,1841,социальный,аристократы + ?,3 лицо,,социальный,социальный,NOUN,1,0,,,,,
"Воскресенский, Михаил Ильич",мужской,0,Сердце женщины,роман,1,Отд. изд.,Москва,1842,социально-любовный,дворяне,3 лицо,,социальный,социальный,NOUN NOUN,2,0,,,,,
"Воскресенский, Михаил Ильич",мужской,0,Самопожертвование,роман,1,Отд. изд.,Москва,1844,социально-психологический,дворяне,3 лицо,,социальный,социальный,NOUN,1,0,,,,,
"Воскресенский, Михаил Ильич",мужской,0,Мудреный контракт,Роман,1,Пантеон,Санкт-Петербург,1850,светский,"дворяне, помещики",3 лицо,,светский,светский,ADJF NOUN,2,0,,,,,
"Воскресенский, Михаил Ильич",мужской,0,Затаенная мысль,Роман М.И. Воскресенского,1,Отд. изд.,Москва,1856,социальный,"дворяне, семинаристы",3 лицо,,социальный,социальный,ADJF NOUN,2,0,,,,,
"Вроцкий, Н.А.",мужской,1,Под ударами судьбы,Роман,1,Отд. изд.,Санкт-Петербург,1898,мелодраматический,,,,мелодраматический,любовный,PREP NOUN NOUN,3,0,,,,,
"Вроцкий, Н.А.",мужской,1,Каждому свое,Роман в трех частях,1,Отд. изд.,Санкт-Петербург,1899,мелодраматический,,,,мелодраматический,любовный,ADJF ADJF,2,0,,,,,
"Вроцкий, Н.А.",мужской,1,Семейство Тарских,Роман в трех частях,1,Отд. изд.,Москва,1869,семейная хроника,дворяне,3 лицо,,семейный,семейный,NOUN ADJF,2,0,,,,,
"Выставкина, Екатерина Владимировна",женский,1,Амазонка,роман,0,Русские записки,,1916,"социально-психологический роман, женско-интеллектуальная трагедия",феминистки,,,социальный,социальный,NOUN,1,0,,,,,
Вяткин Георгий Андреевич,мужской,0,Открытыми глазами,роман,1,Сибирские огни,Омск,1936,автобиографический роман,"интеллигенция, революционеры",,,автобиографический,биографический,ADJF NOUN,2,0,,,,,
"Галинковский, Яков Андреевич",мужской,0,Глафира или Прекрасная Валдайка,народный русский роман,1,Утренник прекрасного пола; Русский вестник,Санкт-Петербург,1807,,,в письмах,,,,NOUN CONJ ADJF NOUN,4,0,,,,,
"Галинковский, Яков Андреевич",мужской,0,Часы задумчивости,,1,Отд. изд.,Москва,1799,,,1 лицо,galinkovskij_ya_chasy_zadumchivosti_1799.xml,,,NOUN NOUN,2,0,сентиментальный,философский,нравоучительный,,
"Гарднер, Раиса Александровна",женский,0,Всякому свое,Роман,0,Русский вестник,,1862,соц.-психологический,"дворяне, отцы и дети",3 лицо,gardner_r_vsyakomu_svoe_1862.xml,социальный,социальный,ADJF ADJF,2,0,социально-психологический,нравоучительный,,,
"Гарин, Сергей Александрович",мужской,0,У дальнего моря,роман,1,Русское богатство,Санкт-Петербург,1912,приключенческий,моряки,3 лицо,garin_s_u_dalnego_morya_1912.xml,приключенческий,приключенческий,PREP ADJF NOUN,3,0,приключенческий,авантюрный,экзотический,,
"Ге, Григорий Николаевич",мужской,0,Софья Малич: между старым и новым,роман в 4-х ч,1,Отд. изд.,Санкт-Петербург,1888,соц.-психологический,еврейка протагонист,3 лицо,,социальный,социальный,NOUN NOUN PREP NOUN CONJ ADJF,6,0,,,,,
"Гейнце, Николай Эдуардович",мужской,0,В чаду измены,Исторический роман конца XVII столетия в трех частях,1,Отд. изд.,Санкт-Петербург,1899,,,,,,,PREP NOUN NOUN,3,0,,,,,
"Гейнце, Николай Эдуардович",мужской,0,По трупам,Соврем. уголов. роман : В 2 частях,1,Отд. изд.,Санкт-Петербург,1895,уголовно-бытовой,,,,уголовный,криминальный,PREP NOUN,2,0,,,,,
"Гейнце, Николай Эдуардович",мужской,0,Месть дивы,роман,1,Отд. изд.,Санкт-Петербург,1905,уголовно-бытовой; детектив,,,,уголовный,криминальный,NOUN NOUN,2,0,,,,,
"Гейнце, Николай Эдуардович",мужской,0,В тине адвокатуры,Роман конца века,0,Приложение к журналу Луч,,1885,"уголовный, любовный","разночинцы, чиновники",3 лицо,gejnze_n_v_tine_advokatury_1885.xml,уголовный,криминальный,PREP NOUN NOUN,3,0,уголовный,любовный,нравоописательный,,
"Гейнце, Николай Эдуардович",мужской,0,Малюта Скуратов,Исторический роман в 2-х частях,1,Отд. изд.,Санкт-Петербург,1891,исторический,аристократы,3 лицо,gejnze_n_malyuta_skuratov_1891.xml,исторический,исторический,NOUN NOUN,2,0,исторический,биографический,авантюрный,политический,
"Гейнце, Николай Эдуардович",мужской,0,Женский яд,"роман-быль из московско-петербургской жизни, в 2-х частях, с прологом и эпилогом",1,Отд. изд.,Санкт-Петербург,1892,уголовно-бытовой,разночинцы,3 лицо,,уголовный,криминальный,ADJF NOUN,2,0,,,,,
"Гейнце, Николай Эдуардович",мужской,0,Аракчеев,роман,1,Отд. изд.,Санкт-Петербург,1893,исторический,"аристократия прошлого, легендарные исторические фигуры,",3 лицо,gejnze_n_arakcheev_1893.xml,исторический,исторический,NOUN,1,0,исторический,биографический,политический,психологический,
"Гейнце, Николай Эдуардович",мужской,0,Тайна высокого дома,Роман из сибирской жизни в 2 частях,1,Отд. изд.,Санкт-Петербург,1894,"детективный, социально-психологический","криминальный мир, купцы/промышленники",3 лицо,gejnze_n_tajna_vysokogo_doma_1898.xml,детективный,криминальный,NOUN ADJF NOUN,3,0,детективный,социально-психологический,авантюрный,,
"Гейнце, Николай Эдуардович",мужской,0,Князь Тавриды,Исторический роман в трех частях,1,Отд. изд.,Санкт-Петербург,1895,исторический,аристократы,3 лицо,,исторический,исторический,NOUN NOUN,2,0,,,,,
"Гейнце, Николай Эдуардович",мужской,0,Коронованный рыцарь (Тайны Таврического сада),Историч. роман из времен царствования имп. Павла I : В 3 ч.,1,Отд. изд.,Санкт-Петербург,1895,исторический,"аристократы, легендарные исторические фигуры",3 лицо,gejnze_n_koronovannyj_ryzar_tajny_tavricheskogo_sada_1895.xml,исторический,исторический,PRTF NOUN NOUN ADJF NOUN,5,0,исторический,авантюрный,политический,психологический,
"Гейнце, Николай Эдуардович",мужской,0,Новгородская вольница,Исторический роман из времен Иоанна III. В 2 частях,1,Отд. изд.,Санкт-Петербург,1895,исторический,аристократия прошлого,3 лицо,gejnze_n_novgorodskaya_volniza_1895.xml,исторический,исторический,ADJF NOUN,2,0,исторический,авантюрный,политический,,
"Гейнце, Николай Эдуардович",мужской,0,Генералиссимус Суворов,Исторический роман XVIII столетия : В 3-х частях,1,Отд. изд.,Санкт-Петербург,1896,исторический,"аристократы,военные",3 лицо,gejnze_n_generalissimus_suvorov_1896.xml,исторический,исторический,NOUN NOUN,2,0,исторический,биографический,военный,,
"Гейнце, Николай Эдуардович",мужской,0,Герой конца века,Роман-хроника в трех частях,1,Отд. изд.,Санкт-Петербург,1896,"любовный, исторический, уголовно-бытовой",аристократы,3 лицо,,любовный,любовный,NOUN NOUN NOUN,3,0,,,,,
"Гейнце, Николай Эдуардович",мужской,0,Под гнетом страсти,Роман в 3-х ч,1,Отд. изд.,Санкт-Петербург,1896,"любовный, уголовно-бытовой","криминальный мир, дворяне, разночинцы",1 лицо,gejnze_n_pod_gnetom_strasti_1896.xml,любовный,любовный,PREP NOUN NOUN,3,0,любовный,уголовный,авантюрный,нравоописательный,светский
"Гейнце, Николай Эдуардович",мужской,0,Первый русский самодержец,Исторический роман в 2 частях,1,Отд. изд.,Санкт-Петербург,1897,исторический,аристократия прошлого,3 лицо,,исторический,исторический,ADJF ADJF NOUN,3,0,,,,,
"Гейнце, Николай Эдуардович",мужской,0,Тайна любви,Роман в 3-х частях,1,Отд. изд.,Санкт-Петербург,1897,любовный,,3 лицо,gejnze_n_tajna_lyubvi_1897.xml,любовный,любовный,NOUN NOUN,2,0,любовный,социально-психологический,бытовой,,
"Гейнце, Николай Эдуардович",мужской,0,Власть женщины,Повесть,1,Отд. изд.,Санкт-Петербург,1898,любовный,аристократия прошлого (князь),3 лицо,,любовный,любовный,NOUN NOUN,2,0,,,,,
"Гейнце, Николай Эдуардович",мужской,0,Современный самозванец,Роман-хроника в 3-х частях,1,Отд. изд.,Санкт-Петербург,1898,"уголовный, любовный",криминальный мир,3 лицо,gejnze_n_sovremennyj_samozvanez_1898.xml,уголовный,криминальный,ADJF NOUN,2,0,уголовный,любовный,авантюрный,,
"Гейнце, Николай Эдуардович",мужской,0,Людоедка,Исторический роман XVIII в. : В 3 частях,1,Отд. изд.,Санкт-Петербург,1898,уголовно-бытовой,"духовенство/священники, аристократия прошлого, легендарные исторические фигуры",3 лицо,gejnze_n_lyudoedka_1898.xml,уголовный,криминальный,NOUN,1,0,уголовный,бытовой,социально-психологический,,
"Гейнце, Николай Эдуардович",мужской,0,В царстве приведений,Роман в трех частях,1,Отд. изд.,Санкт-Петербург,1899,"уголовной, социально-психологический","аристократия прошлого, разночинцы, криминальный мир",3 лицо,,уголовный,криминальный,PREP NOUN NOUN,3,0,,,,,
"Гейнце, Николай Эдуардович",мужской,0,Ермак Тимофеевич,Исторический роман в двух частях,1,Отд. изд.,Санкт-Петербург,1900,исторический (аристократы),"военные, аристократия прошлого (купцы/промышленники?)",3 лицо,,исторический,исторический,NOUN NOUN,2,0,,,,,
"Гейнце, Николай Эдуардович",мужской,0,По пятачку,Роман из жизни газетных труженников. В трех частях,1,Отд. изд.,Санкт-Петербург,1900,детективный,"разночинцы, дворяне",3 лицо,,детективный,криминальный,PREP NOUN,2,0,,,,,
"Гейнце, Николай Эдуардович",мужской,0,Женщина-демон,Роман из петербургской жизни,1,Отд. изд.,Санкт-Петербург,1902,"уголовный, социально-психологический, любовный","дворяне, разночинцы",3 лицо (пролог - 1 лицо),,уголовный,криминальный,NOUN,1,0,,,,,
"Гейнце, Николай Эдуардович",мужской,0,Дочь Великого Петра,роман,1,Отд. изд.,Санкт-Петербург,1913,исторический,аристократы,3 лицо,gejnze_n_doch_velikogo_petra_1913.xml,исторический,исторический,NOUN NOUN NOUN,3,0,исторический,биографический,политический,авантюрный,
"Георгиевский, Иван Сергеевич",мужской,0,"Евгения, или письма к другу",собранныя Иваном Георгиевским,1,Отд. изд.,Санкт-Петербург,1818,любовный,дворяне,в письмах,georgievskij_i_evgeniya_ili_pisma_k_drugu_1818.xml,любовный,любовный,NOUN CONJ NOUN PREP NOUN,5,0,любовный,сентиментальный,эпистолярный,,
"Герасимов, А.",мужской,0,"Добромирский и президент Шукайло, или Французские войска в Белоруссии в 1812 году",Соч. А...... Г.....,1,Отд. изд.,Москва,1833,исторический,,3 лицо,,исторический,исторический,ADJF CONJ NOUN NOUN CONJ ADJF NOUN PREP NOUN PREP NUMR NOUN,12,0,,,,,
"Герцен, Александр Иванович",мужской,0,Кто виноват?,роман,0,Современник,,1847,"социально-психологический, философский","дворяне, разночинцы",3 лицо,gerzen_a_kto_vinovat_1847.xml,социальный,социальный,NPRO ADJS,2,1,социально-психологический,философский,идеологический,,
"Гиппиус, Зинаида Николаевна",женский,0,Чертова кукла,Жизнеописание в 33-х главах,0,Русская мысль,,1911,социально-психологический,,3 лицо,gippius_z_chertova_kukla_1911.xml,социальный,социальный,ADJS NOUN,2,0,социально-психологический,политический,идеологический,символистский,
"Гиппиус, Зинаида Николаевна",женский,0,Роман-царевич,"История одного начинания (роман-трилогия, ч. II)",0,Русская мысль,,1912,социально-психологический,,3 лицо,gippius_z_roman-zarevich_1912.xml,социальный,социальный,NOUN,1,0,социально-психологический,символистский,философский,,
"Гирс, Дмитрий Константинович",мужской,0,Старая и юная Россия,Роман,0,Отечественные записки,,1868,социально-психологический,,3 лицо,girs_d_staraya_i_yunaya_rossiya_1868.xml,социальный,социальный,ADJF CONJ ADJF NOUN,4,0,социально-психологический,идеологический,бытовой,,
"Глинка, Василий Сергеевич",мужской,0,Счастливые люди,роман,0,Нева [газета],,1879,,,3 лицо,,,,ADJF NOUN,2,0,,,,,
"Глухарев, Иван Никитич",мужской,0,Ольга Милославская,Исторический роман XIX столетия,1,Отд. изд.,Москва,1831,исторический,легендарные исторические фигуры,3 лицо,glukharev_i_olga_miloslavskaya_1831.xml,исторический,исторический,NOUN ADJF,2,0,исторический,любовный,,,
"Глухарев, Иван Никитич",мужской,0,"Братоубийца, или Святополк-Окаянный",,1,Дамский журнал,Москва,1833,исторический,,3 лицо,glukharev_i_bratoubijza_ili_svyatopolk-okayannyj_1833.xml,исторический,исторический,NOUN CONJ ADJF,3,0,исторический,религиозный,нравоучительный,,
"Глухарев, Иван Никитич",мужской,0,Клятвопреступница,Русский современный роман,1,Отд. изд.,Москва,1834,"социально-бытовой, мелодрама",купцы,3 лицо,,социальный,социальный,NOUN,1,0,,,,,
"Глухарев, Иван Никитич",мужской,0,"Графиня Рославлева, или Супруга-героиня, отличившаяся в знаменитую войну 1812",Историко-описательная повесть XIX столетия,1,Отд. изд.,Москва,1832,"исторический, любовный",аристократия прошлого,3 лицо,,исторический,исторический,NOUN NOUN CONJ NOUN PRTF PREP ADJF NOUN NUMR,9,0,,,,,
"Глухарев, Иван Никитич",мужской,0,Проклятый,"Историко-военно описательный роман XIX столетия, заимствованый из истинного происшествия, случившегося во время войны Русских с Турками.",1,Отд. изд.,Москва,1833,исторический,,3 лицо; 1 лицо,glukharev_i_proklyatyj_1833.xml,исторический,исторический,ADJF,1,0,исторический,готический,религиозный,,
"Гнедич, Николай Иванович",мужской,0,"Мориц, или Жертва мщения",,1,Отд. изд.,Москва,1802,любовный,дворяне,3 лицо,gnedich_n_moriz_ili_zhertva_msheniya_1802.xml,любовный,любовный,NOUN CONJ NOUN NOUN,4,0,любовный,сентиментальный,психологический,готический,
"Гнедич, Петр Петрович",мужской,0,Китайские тени,Роман,1,Русский вестник,Санкт-Петербург,1894,исторический роман,"история, пароход, дворяне",3 лицо,,исторический,исторический,ADJF VERB,2,0,,,,,
"Гнедич, Петр Петрович",мужской,0,Ноша мира сего,Роман,0,Книжки Недели,,1897,социально-психологический,разночинцы,1 лицо,,социальный,социальный,NOUN NOUN ADJF,3,0,,,,,
"Гнедич, Петр Петрович",мужской,0,Туманы,Роман,0,Книжки Недели,,1899,социально-психологический,разночинцы,3 лицо,,социальный,социальный,NOUN,1,0,,,,,
"Гнедич, Петр Петрович",мужской,0,Купальные огни,Роман,0,Книжки Недели,,1900,социально-психологический,"дворяне, чиновники",3 лицо,,социальный,социальный,ADJF NOUN,2,0,,,,,
"Гоголь, Николай Васильевич",мужской,0,"Похождения Чичикова, или Мертвые души",поэма,1,Отд. изд.,Москва,1842,социальный,дворяне,3 лицо,gogol_n_mertvye_dushi_1842.xml,социальный,социальный,NOUN NOUN CONJ NOUN NOUN,5,1,сатирический,плутовской,философский,авантюрный,
"Голицын (Муравлин), Дмитрий Петрович",мужской,0,Тенор,роман,1,Отд. изд.,Санкт-Петербург,1885,"социально-психологический, аристократия",,,,социальный,социальный,NOUN,1,0,,,,,
"Голицын (Муравлин), Дмитрий Петрович",мужской,0,Мрак,роман,1,Отд. изд.,Санкт-Петербург,1886,социально-психологический,,,,социальный,социальный,NOUN,1,0,,,,,
"Голицын (Муравлин), Дмитрий Петрович",мужской,0,Рубли,роман,1,Отд. изд.,Санкт-Петербург,1889,социально-психологический,,,,социальный,социальный,NOUN,1,0,,,,,
"Голицын (Муравлин), Дмитрий Петрович",мужской,0,На безлюдье,Роман,1,Отд. изд.,Санкт-Петербург,1902,социально-психологический,,,,социальный,социальный,PREP NOUN,2,0,,,,,
"Голицын (Муравлин), Дмитрий Петрович",мужской,0,Около любви,роман,1,Отд. изд.,Санкт-Петербург,1887,социально-психологический,дворяне,,,социальный,социальный,PREP NOUN,2,0,,,,,
"Голицын (Муравлин), Дмитрий Петрович",мужской,0,Баба,Роман,1,Отд. изд.,Санкт-Петербург,1885,"приключенческий, путешественники",,3 лицо,golizyn_d_baba_1885.xml,приключенческий,приключенческий,NOUN,1,0,приключенческий,авантюрный,этнографический,экзотический,
"Голицын (Муравлин), Дмитрий Петрович",мужской,0,Хворь,петербургская история,1,Отд. изд.,Санкт-Петербург,1886,исторический,"военные: казаки, полководцы",3 лицо,,исторический,исторический,NOUN,1,0,,,,,
"Голицын (Муравлин), Дмитрий Петрович",мужской,0,Поэзия,,1,Отд. изд.,Санкт-Петербург,1895,социально-психологический,дворяне,3 лицо,,социальный,социальный,NOUN,1,0,,,,,
"Голицын (Муравлин), Дмитрий Петрович",мужской,0,Вавилоняне,Роман,0,Русский вестник,,1900,"социально-психологический, чиновничество?",,3 лицо,,социальный,социальный,NOUN,1,0,,,,,
"Голицын (Муравлин), Дмитрий Петрович",мужской,0,От смутных дней,Роман,0,Русский вестник,,1901,социально-психологический,дворяне,3 лицо,,социальный,социальный,PREP ADJF NOUN,3,0,,,,,
"Голицын (Муравлин), Дмитрий Петрович",мужской,0,На Руси,Роман,1,Русский вестник,Санкт-Петербург,1903,социально-психологический,,3 лицо,,социальный,социальный,PREP NOUN,2,0,,,,,
"Голицын (Муравлин), Дмитрий Петрович",мужской,0,Святыни,роман,1,Русский вестник,Санкт-Петербург,1905,социально-психологический,чиновники,3 лицо,,социальный,социальный,NOUN,1,0,,,,,
"Головин (Орловский), Константин Федорович",мужской,1,Молодежь,роман,1,Русский вестник,Москва,1887,социальнно-психологический,,,,социальный,социальный,NOUN,1,0,,,,,
"Головин (Орловский), Константин Федорович",мужской,1,Язычники,роман в 2 частях,1,Отд. изд.,Санкт-Петербург,1907,роман о современной жизни,,,,бытоописательный,описательный,NOUN,1,0,,,,,
"Головин (Орловский), Константин Федорович",мужской,1,Вне колеи,Роман,1,Русский вестник,Москва,1882,романы о нигилистах,"дворянство, великосветское общество",3 лицо,,антинигилистический,социальный,PREP NOUN,2,0,,,,,
"Головин (Орловский), Константин Федорович",мужской,1,Дядюшка Михаил Петрович,роман,0,Русский вестник,,1886,любовный,разночинцы,1 лицо,,любовный,любовный,NOUN NOUN NOUN,3,0,,,,,
"Головин (Орловский), Константин Федорович",мужской,1,Сильный человек,Роман,1,Нива,Санкт-Петербург,1893,социально-психологический,дворяне,1 лицо,,социальный,социальный,ADJF NOUN,2,0,,,,,
"Головин (Орловский), Константин Федорович",мужской,1,На весах,Роман,1,Русский вестник,Санкт-Петербург,1894,,,3 лицо,,,,PREP NOUN,2,0,,,,,
"Головин (Орловский), Константин Федорович",мужской,1,Погром,Роман,1,Русское обозрение,Санкт-Петербург,1894,,,3 лицо,,,,NOUN,1,0,,,,,
"Голота, Петр Иванович",мужской,0,Иван Мазепа,"исторический роман, взятый из народных преданий",1,Отд. изд.,Москва,1832,исторический,легендарные исторические фигуры,3 лицо,,исторический,исторический,NOUN NOUN,2,0,,,,,
"Голота, Петр Иванович",мужской,0,"Наливайко, или Времена бедствий Малороссии",Исторический роман XVI века,1,Отд. изд.,Москва,1833,исторический,военные,3 лицо,,исторический,исторический,NOUN CONJ NOUN NOUN NOUN,5,0,,,,,
"Голота, Петр Иванович",мужской,0,"Хмельницкие, или Присоединение Малороссии",Исторический роман XVII века,1,Отд. изд.,Москва,1834,исторический,Легендарные исторические фигуры,3 лицо,golota_p_khmelnizkie_ili_prisoedinenie_malorossii_1834.xml,исторический,исторический,ADJF CONJ NOUN NOUN,4,0,исторический,авантюрный,политический,,
"Голота, Петр Иванович",мужской,0,"Заруцкий, гетман войска Запорожского",Исторический роман из смутных времен России 1606-1612 г. : В 2 ч,1,Отд. изд.,Москва,1857,исторический,казаки,3 лицо,,исторический,исторический,NOUN NOUN NOUN ADJF,4,0,,,,,
"Голохвастов, К.К.",мужской,0,"Одомар, или Литовский волк",историческая повесть,1,Отд. изд.,Санкт-Петербург,1890,исторический,,,,исторический,исторический,NOUN CONJ ADJF NOUN,4,0,,,,,
"Голохвастов, К.К.",мужской,0,Рыцари степей,Повесть о запорожском гетмане Иване Свирговском и молдавском князе Ивоне,1,Отд. изд.,Санкт-Петербург,1892,исторический,военные,,,исторический,исторический,NOUN NOUN,2,0,,,,,
"Голохвастов, К.К.",мужской,0,Али-паша Скутарийский,Ист. повесть из времен восстания славян против тур. владычества,1,Отд. изд.,Санкт-Петербург,1893,исторический,"военные, легендарные исторические фигуры",,,исторический,исторический,NOUN ADJF,2,0,,,,,
"Голохвастов, К.К.",мужской,0,"Ванька Каин, знаменитый московский сыщик (фискал)",Рассказ,1,Отд. изд.,Санкт-Петербург,1900,"детективный, воры",криминальный мир,,,детективный,криминальный,NOUN NOUN ADJF ADJF NOUN NOUN,6,0,,,,,
"Голохвастов, К.К.",мужской,0,Черный монах,Повесть из жизни чернигорцев,1,Отд. изд.,Санкт-Петербург,1901,"исторический, монахи",,,,исторический,исторический,NOUN NOUN,2,0,,,,,
"Голохвастов, К.К.",мужской,0,Приключения петербургского Макарки Душегуба,Уголовный роман из современной жизни,1,Отд. изд.,Санкт-Петербург,1901,детективный,криминальный мир,,,детективный,криминальный,NOUN ADJF NOUN NOUN,4,0,,,,,
"Голохвастов, К.К.",мужской,0,"Князь Япанча, лихой татарский наездник",Историческая повесть из времен покорения Казани царем Иоанном Грозным,1,Отд. изд.,Санкт-Петербург,1905,"исторический, опричники, казань, иван грозный",,,,исторический,исторический,NOUN NOUN ADJF ADJF NOUN,5,0,,,,,
"Голохвастов, К.К.",мужской,0,Новый цыган Яшка,Роман из современной жизни,1,Отд. изд.,Санкт-Петербург,1906,"детективный, цыгане",,,,детективный,криминальный,ADJF NOUN NOUN,3,0,,,,,
"Голохвастов, К.К.",мужской,0,Страшный злодей и разбойник Федот Чуркин,роман в 4 частях,1,Отд. изд.,Санкт-Петербург,1906,"детективный, уголовный, воры",,,,детективный,криминальный,ADJF NOUN CONJ NOUN NOUN NOUN,6,0,,,,,
"Голохвастов, К.К.",мужской,0,Матрос 30-го Черноморского экипажа Петр Кошка и другие доблестные защитники Севастополя,К. Голохвастова,1,Отд. изд.,Санкт-Петербург,1893,исторический,"военные, исторические фигуры",3 лицо,golokhvastov_k_matros_-30go_chernomorskogo_ekipazha_petr_koshka_i_drugie_doblestnye_zashitniki_sevastopolya_1893.xml,исторический,исторический,NOUN NUMR ADJF NOUN NOUN NOUN CONJ ADJF ADJF NOUN NOUN,11,0,исторический,военный,биографический,,
"Голохвастов, К.К.",мужской,0,Шамиль,Повесть из времен покорения Кавказа,1,Отд. изд.,Санкт-Петербург,1894,"исторический, казаки","история, война, Кавказ",1 лицо,,исторический,исторический,NOUN,1,0,,,,,
"Голубев, Александр Александрович",мужской,0,Бродячая вольница,Хроница-роман первой половины XVIII ст. в 2 томах,1,Отд. изд.,Москва,1891,"исторический роман, xviii в.",,,,исторический,исторический,ADJF NOUN,2,0,,,,,
Гольдберг Исаак Григорьевич,мужской,0,Поэма о фарфоровой чашке,Роман,1,Сибирские огни,Новосибирск,1930,социально-психологический,рабочие,3 лицо,,социальный,социальный,NOUN PREP ADJF NOUN,4,0,,,,,
Гольдберг Исаак Григорьевич,мужской,0,Жизнь начинается сегодня,Роман,1,Сибирские огни,Новосибирск,1934,"социально-психологический, кулаки, рабочие, крестьяне",крестьяне,3 лицо,,социальный,социальный,NOUN VERB ADVB,3,0,,,,,
Гольдберг Исаак Григорьевич,мужской,0,День разгорается,Роман,0,Новая Сибирь,,1935,"социально-психологический, революционеры, рабочие","революционеры, рабочие",3 лицо,,социальный,социальный,NOUN VERB,2,0,,,,,
"Гончаров, Иван Александрович",мужской,0,Обыкновенная история,роман,0,Современник,,1847,"роман воспитания, социально-психологический",двояне,3 лицо,goncharov_i_obyknovennaya_istoriya_1847.xml,воспитания,воспитания,ADJF NOUN,2,1,роман воспитания,социально-психологический,семейный,,
"Гончаров, Иван Александрович",мужской,0,Обломов,Роман,0,Отечественные записки,,1859,социально-психологический,дворяне,3 лицо,goncharov_i_oblomov_1859.xml,социальный,социальный,NOUN,1,1,социально-психологический,философский,бытовой,,
"Гончаров, Иван Александрович",мужской,0,Обрыв,Роман,0,Вестник Европы,,1869,социально-психологический,дворяне,3 лицо,goncharov_i_obryv_1869.xml,социальный,социальный,NOUN,1,1,социально-психологический,любовный,философский,идеологический,
"Городчанинов, Григорий Николаевич",мужской,0,Добродетельный богач,na,1,Отд. изд.,Москва,1791,нравоучительный,,н/д,,нравоучительный,воспитания,ADJF NOUN,2,0,,,,,
"Горчаков, Дмитрий Петрович",мужской,0,Пламир и Раида,Российская повесть,1,Отд. изд.,Москва,1796,любовный,"дворяне, помещики",3 лицо,,любовный,любовный,NOUN CONJ NOUN,3,0,,,,,
"Горький, Максим",мужской,1,Фома Гордеев,,0,Жизнь,,1899,социально-психологический,"разночинцы (капиталисты, буржуа?)",3 лицо,gorkij_m_foma_gordeev_1899.xml,социальный,социальный,NOUN NOUN,2,1,социально-психологический,идеологический,нравоописательный,,
"Горький, Максим",мужской,1,Трое,Повесть М. Горького,0,Жизнь,,1900,"социально-психологический, уголовный","рабочие (свободные), криминальный мир, духовенство",3 лицо,gorkij_m_troe_1900.xml,социальный,социальный,NUMR,1,1,социально-психологический,уголовный,идеологический,,
"Горький, Максим",мужской,1,Мать,повесть,0,Знание,,1907,"социально-психологический, революционеры, рабочие, крестьяне",крестьяне,3 лицо,gorkij_m_mat_1907.xml,социальный,социальный,NOUN,1,1,социально-психологический,идеологический,политический,,
Горький Максим,мужской,1,Дело Артамоновых,Роман,1,Отд.изд.,Берлин,1925,роман-эпопея,"крестьяне,рабочие,мещане",3 лицо,,эпопея,исторический,NOUN NOUN,2,0,,,,,
Горький Максим,мужской,1,Жизнь Клима Самгина,Роман-эпопея,1,Отд.изд.,Берлин; М.,1927,"роман-эпопея, интеллигенция, рабочие, революционеры",интеллигенция,,,эпопея,исторический,NOUN NOUN NOUN,3,0,,,,,
Горянский Валентин Иванович,мужской,1,Необычайные приключения Боба,Юмористический роман,1,Отд.изд.,Хорватия,1923,"юмористический, детский",,,,юмористический,юмористический,ADJF NOUN NOUN,3,0,,,,,
Горянский Валентин Иванович,мужской,1,Парфандр и Глафира,Роман в стихах,1,Отд.изд.,Париж,1956,"любовный, влюбленные",,,,любовный,любовный,NOUN CONJ NOUN,3,0,,,,,
Грааль-Арельский,мужской,1,Враг Птоломея,?,1,Отд. Изд,Л,1928,биографический,ученые,,,биографический,биографический,NOUN NOUN,2,0,,,,,
Граф Амори,мужской,1,1905 - кровавый год,роман,1,Отд. изд.,Санкт-Петербург,1906,"политический, роман-хроника, освободительные движения",,,,политический,социальный,NUMR ADJF NOUN,4,0,,,,,
Граф Амори,мужской,1,Золото и кровь,роман из современной жизни,1,Отд. изд.,Санкт-Петербург,1912,"авантюрный, уголовный, любовный","купцы, разночинцы",,,авантюрный,приключенческий,NOUN CONJ NOUN,3,0,,,,,
Граф Амори,мужской,1,Любовные похождения мадам Вербицкой,роман,1,Отд. изд.,Санкт-Петербург,1913,любовный,,,,любовный,любовный,ADJF NOUN NOUN NOUN,4,0,,,,,
Граф Амори,мужской,1,Рабы страсти,роман,1,Отд. изд.,Санкт-Петербург,1913,уголовный роман,Аристократы,,,уголовный,криминальный,NOUN NOUN,2,0,,,,,
Граф Амори,мужской,1,Дочь Вильгельма II. Придворный скандал,роман,1,Отд. изд.,Санкт-Петербург,1914,"исторический, любовный",аристократия прошлого,,,исторический,исторический,NOUN NOUN NUMR ADJF NOUN,5,0,,,,,
Граф Амори,мужской,1,Сановные шалости,роман,1,Отд. изд.,Санкт-Петербург,1915,"авантюрно-любовный, эротический",аристократы,,,авантюрный,приключенческий,ADJF NOUN,2,0,,,,,
Граф Амори,мужской,1,Тайны японского двора,роман,1,Свет,Санкт-Петербург,1904,авантюрно-приключенческий,аристократы,3 лицо,rapgof_i_tajny_yaponskogo_dvora_1904.xml,авантюрный,приключенческий,NOUN ADJF NOUN,3,0,авантюрный,приключенческий,экзотический,исторический,
Граф Амори,мужской,1,Побежденные,"окончание романа ""Ключи счастья"" А. Вербицкой",1,Отд. изд.,Санкт-Петербург,1912,любовный,,3 лицо,,любовный,любовный,PRTF,1,0,,,,,
Граф Амори,мужской,1,Банкир-преступник,роман,1,Отд. изд.,Санкт-Петербург,1913,,купцы/помещики,3 лицо,,,,NOUN,1,0,,,,,
Граф Амори,мужской,1,Финал,Роман из современной жизни,1,Отд. изд.,Санкт-Петербург,1913,социально-психологический,проститутки,3 лицо,,социальный,социальный,NOUN,1,0,,,,,
Граф Амори,мужской,1,Возвращение Санина,роман,1,Отд. изд.,Петроград,1914,"философский, любовный, драма","интеллигенция, провинциалы, военные",3 лицо,,философский,философский,NOUN NOUN,2,0,,,,,
Граф Амори,мужской,1,Тайны Апраксина двора,Роман из недавнего прошлого и настоящего,1,Отд. изд.,Санкт-Петербург,1914,приключенческий,,3 лицо,,приключенческий,приключенческий,NOUN NOUN NOUN,3,0,,,,,
"Гребёнка, Евгений Павлович",мужской,0,Чайковский,Роман,0,Отечественные записки,,1843,исторический,военные,1 лицо,grebenka_e_chajkovskij_1843.xml,исторический,исторический,NOUN,1,0,исторический,авантюрный,,,
"Гребёнка, Евгений Павлович",мужской,0,Доктор,повесть,0,Отечественные записки,,1844,социально-психологический,дворяне,3 лицо,,социальный,социальный,NOUN,1,0,,,,,
Гребенщиков Георгий Дмитриевич,мужской,0,Чураевы,?,1,Собрание сочинений. Т. 1—6.,Париж,1922,"семейный, социально-психологический, крестьяне",крестьяне,3 лицо,,семейный,семейный,NOUN,1,0,,,,,
"Греч, Николай Иванович",мужской,0,Поездка в Германию,Роман в письмах,1,Отд. изд.,Санкт-Петербург,1831,социально-психологический,дворяне,1 лицо,,социальный,социальный,NOUN PREP NOUN,3,0,,,,,
"Греч, Николай Иванович",мужской,0,Черная женщина,роман,1,Отд. изд.,Санкт-Петербург; Москва,1834,социально-психологический,Дворяне,3 лицо,grech_a_chernaya_zhenshina_1834.xml,социальный,социальный,ADJF NOUN,2,0,готический,социально-психологический,мистический,авантюрный,
"Грибоедов, И.",мужской,0,"София Кучко, или Любовь и мщение",Исторический роман XII столетия,1,Отд. изд.,Москва,1836,исторический роман,"бояре, аристократия А. Боголюбского",3 лицо,,исторический,исторический,NOUN NOUN CONJ NOUN CONJ NOUN,6,0,,,,,
"Григорович, Дмитрий Васильевич",мужской,0,Проселочные дороги,Роман без интриги,0,Отечественные записки,,1852,социально-психологический,"Дворяне, крестьяне",3 лицо,grigorovich_d_proselochnye_dorogi_1852.xml,социальный,социальный,ADJF NOUN,2,0,социально-психологический,бытовой,,,
"Григорович, Дмитрий Васильевич",мужской,0,Рыбаки,Роман из простонародного быта,0,Современник,,1853,социально-психологический,"Крестьяне, дворяне",3 лицо,grigorovich_d_rybaki_1853.xml,социальный,социальный,NOUN,1,1,социально-психологический,роман-идиллия,бытовой,этнографический,крестьянский
"Григорович, Дмитрий Васильевич",мужской,0,Переселенцы,Роман из народного быта,0,Отечественные записки,,1855,социально-психологический,"крестьяне, помещики",1 лицо,grigorovich_d_pereselenzy_1855.xml,социальный,социальный,NOUN,1,1,социально-психологический,бытовой,крестьянский,этнографический,
"Григорович, Дмитрий Васильевич",мужской,0,Два генерала,Эпизод из романа,0,Русский вестник,,1864,социально-психологический,Дворяне,1 лицо,grigorovich_d_dva_generala_1864.xml,социальный,социальный,NUMR NOUN,2,0,социально-психологический,бытовой,,,
"Григорович, Дмитрий Васильевич",мужской,0,Петербург прошлого времени,роман,1,Русская мысль,Москва,1887,"социально-психологический, петербург",горожане Петербурга,1 лицо,,социальный,социальный,NOUN NOUN NOUN,3,0,,,,,
"Григорьев, Р.",женский,1,Недавнее,роман,0,Современный мир,,1915,социально-психологический,интеллигенция,,,социальный,социальный,ADJF,1,0,,,,,
"Григорьев, Р.",женский,1,На ущербе,роман,1,Отд. изд.,Санкт-Петербург,1913,исторический,"Интеллигенция, пролетариат",3 лицо,lemberg_r_na_usherbe_1913.xml,исторический,исторический,PREP NOUN,2,0,исторический,социально-психологический,,,
Грин Александр Степанович,мужской,1,Блистающий мир,роман,1,Отд. Изд,Москва,1924,"приключенческий, фантастический, символистский",,3 лицо,,приключенческий,приключенческий,PRTF NOUN,2,0,,,,,
Грин Александр Степанович,мужской,1,Золотая цепь,роман,1,Новый мир,Москва,1925,"социально-психологический, приключенческий",моряки,1 лицо,,социальный,социальный,ADJF NOUN,2,0,,,,,
Грин Александр Степанович,мужской,1,Бегущая по волнам,роман,1,Отд. Изд,М.-Л,1928,"любвный, фантастический","пианист, незнакомка",1 лицо,,любовный,любовный,PRTF PREP NOUN,3,0,,,,,
Грин Александр Степанович,мужской,1,Джесси и Моргиана,роман,1,Отд. Изд,Л.,1929,социально-психологический,аристократия,3 лицо,,социальный,социальный,NOUN CONJ NOUN,3,0,,,,,
Грин Александр Степанович,мужской,1,Дорога никуда,роман,1,Отд. Изд,М.,1930,"философский, фантастический",,3 лицо,,философский,философский,NOUN ADVB,2,0,,,,,
"Гринев, Сергей Апполонович",мужской,0,Повстанцы,Роман из времени польского восстания 1863 г.,1,Отд. изд.,Киев,1894,исторический роман; польское восстание 1863 г.,,,,исторический,исторический,NOUN,1,0,,,,,
"Гриневич, Н.",мужской,0,На заре жизни,Роман,1,Русское богатство,Санкт-Петербург,1883,исторический,,3 лицо,,исторический,исторический,PREP NOUN NOUN,3,0,,,,,
"Громов, Алексей Матвеевич",мужской,0,Девичьи сны,роман,1,Отд. изд.,Москва,1913,"психологический, любовный",,,,психологический,психологический,ADJF NOUN,2,0,,,,,
Громов Алексей Матвеевич,мужской,0,Огни погасли,роман,1,Отд. изд.,Москва,1918,"психологический, любовный",,,,психологический,психологический,NOUN VERB,2,0,,,,,
Гумилевский Лев Иванович,мужской,0,Эмигранты,Роман,1,Отд. Изд,Саратов,1922,"социально-психологический, аристократы",,,,социальный,социальный,NOUN,1,0,,,,,
Гумилевский Лев Иванович,мужской,0,Харита,Роман,1,Отд. Изд,Москва,1926,детский,дети,,,детский,детский,NOUN,1,0,,,,,
Гумилевский Лев Иванович,мужской,0,Черный яр,Роман,1,Отд. Изд,Москва,1926,детский,дети,,,детский,детский,NOUN ADJS,2,0,,,,,
Гумилевский Лев Иванович,мужской,0,Собачий переулок,Роман,1,Отд. Изд,Ленинград,1927,социально-психологический,пролетариат,3 лицо,,социальный,социальный,ADJF NOUN,2,0,,,,,
"Гуревич, Любовь Яковлевна",женский,0,Плоскогорье,роман,0,Северный Вестник,,1895,социально-психологический,Интелигенция,3 лицо,gurevich_l_ploskogore_1895.xml,социальный,социальный,NOUN,1,0,,,,,
"Гурьянов, Иван Гавриилович",мужской,0,"Дмитрий Иоаннович Донской, или Ужасное Мамаево Побоище",повесть XIV столетия,1,Отд. изд.,Москва,1847,исторический роман,"легендарная историческая фигура - князь, Дмитрий Донской",3 лицо,,исторический,исторический,NOUN NOUN ADJF CONJ ADJF ADJF NOUN,7,0,,,,,
"Гурьянов, Иван Гавриилович",мужской,0,"Илья Пройдохин. Открытая тайна на некоторых, или горе от ума или горе без ума","Нравстенно сатирический роман, сочиненный Иваном Гурьяновым",1,Отд. изд.,Москва,1831,"нравоописательный, сатирический","дворяне, [отсылки к Горе от ума]",1 лицо,,нравоописательный,описательный,NOUN NOUN ADJF NOUN PREP ADJF CONJ ADVB PREP NOUN CONJ ADVB PREP NOUN,14,0,,,,,
"Гурьянов, Иван Гавриилович",мужской,0,"Марина Мнишех, Княжна Сандомирская","Исторический роман, относящийся ко временам царя Бориса Годунова, Лжедмитрия, царя Василия Шуйского и междуцарствия, служащий дополнением романа: Дмитрий Самозванец.",1,Отд. изд.,Москва,1831,исторический,дворяне,3 лицо,guryanov_i_marina_mnishekh_knyazhna_sandomirskaya_1831.xml,исторический,исторический,NOUN NOUN NOUN ADJF,4,0,исторический,авантюрный,любовный,биографический,
"Гурьянов, Иван Гавриилович",мужской,0,Новый Выжигин на Макарьевской ярмарке,Нравоописательный роман XIX века,1,Отд. изд.,Москва,1831,"сатирический, бытовой",купцы,3 лицо,,сатирический,юмористический,ADJF NOUN PREP ADJF NOUN,5,0,,,,,
"Гусев, Сергей Сергеевич",мужской,0,Иван Николаевич Истуканов,na,1,Саратовский листок,Саратов,1875,социально-психологический,разночинцы,,,социальный,социальный,NOUN NOUN NOUN,3,0,,,,,
Гусев-Оренбургский Сергей Иванович,мужской,0,Страна детей,Роман,1,Отд. изд.,Лондон,1928,исторический,аристократия,,,исторический,исторический,NOUN NOUN,2,0,,,,,
"Дан, Фёдор Ильич",мужской,0,Юлиан Отступник,Исторический роман,0,Наблюдатель,,1894,исторический,,3 лицо,,исторический,исторический,NOUN NOUN,2,0,,,,,
"Данилевский (А. Скавронский), Григорий Петрович",мужской,0,Беглые в Новороссии,Повесть в двух частях,0,Время,,1862,социально-психологический,крестьяне,3 лицо,danilevskij_g_beglye_v_novorossii_1862.xml,социальный,социальный,ADJF PREP NOUN,3,0,социально-психологический,этнографический,бытовой,,
"Данилевский (А. Скавронский), Григорий Петрович",мужской,0,Беглые воротились,Роман в трех частях,0,Время,,1863,социально-психологический,Крестьяне,3 лицо,danilevskij_g_beglye_vorotilis_1863.xml,социальный,социальный,ADJF VERB,2,0,социально-психологический,этнографический,бытовой,,
"Данилевский, Григорий Петрович",мужской,0,Новые места,Роман в двух частях,0,Русский вестник,,1867,бытовой,крестьяне,3 лицо,,бытоописательный,описательный,NOUN NOUN,2,0,,,,,
"Данилевский, Григорий Петрович",мужской,0,Мирович,Исторический роман в трех частях,0,Вестник Европы,,1877,исторический,легендарные исторические фигуры,3 лицо,danilevskij_g_mirovich_1877.xml,исторический,исторический,NOUN,1,0,исторический,авантюрный,психологический,,
"Данилевский, Григорий Петрович",мужской,0,Княжна Тараканова,"Историческая повесть, в 2 частях",0,Вестник Европы,,1883,исторический,"дворяне, легендарные исторические фигуры, Романовы",1 лицо,danilevskij_g_knyazhna_tarakanova_1883.xml,исторический,исторический,NOUN NOUN,2,0,исторический,биографический,авантюрный,,
"Данилевский, Григорий Петрович",мужской,0,Сожженная Москва,Роман,0,Русская мысль,,1886,исторический,Офицеры,3 лицо,danilevskij_g_sozhzhennaya_moskva_1886.xml,исторический,исторический,PRTF NOUN,2,0,исторический,военный,бытовой,,
"Данилевский, Григорий Петрович",мужской,0,Черный год,роман,0,Русская мысль,,1888,исторический,легендарные исторические фигуры,3 лицо,,исторический,исторический,NOUN NOUN,2,0,,,,,
"Данилевский, Григорий Петрович",мужской,0,Царевич Алексей,,0,Русская мысль,,1892,исторический,"аристократия прошлого, легендарные исторические фигуры",3 лицо,,исторический,исторический,NOUN NOUN,2,0,,,,,
"Данилевский, Григорий Петрович",мужской,0,Девятый вал,Роман в трех частях,0,Вестник Европы,,1874,роман воспитания,,,,воспитания,воспитания,ADJF NOUN,2,0,,,,,
"Данилин, Иван Андреевич",мужской,0,Николай Жаров,Роман,0,Москвская газета копейка,,1911,социально-психологический,рабочие,,,социальный,социальный,NOUN NOUN,2,0,,,,,
"Данковский, Е.",мужской,1,Портретная галерея,Роман,0,Отечественные записки,,1856,"любовно-авантюрный роман, разорение дворянства, дворянство, помещичьи имения, дельцы, вольноотпущенник",,,,любовный,любовный,ADJF NOUN,2,0,,,,,
"Санглен, Яков Иванович, де",мужской,0,"Рыцарская клятва на гробе, или Два портрета",русский роман из времен меченосцев,1,Отд. изд.,Москва,1832,"исторический, авантюрный",аристократия прошлого,3 лицо,,исторический,исторический,ADJF NOUN PREP NOUN CONJ NUMR NOUN,7,0,,,,,
"Де-Воллан, Григорий Александрович",мужской,0,Отто фон Нейзан,na,0,"Карпат [газета, г. Пешт, Венгрия]",,1873,социально-психологический,Аристократы,,,социальный,социальный,NOUN PRCL NOUN,3,0,,,,,
Де-Воллан Григорий Александрович,мужской,0,Полная чаша. Из семейной хроники Ногайцевых,Роман,0,Русское богатство,,1920,политический,разночинцы,,,политический,социальный,ADJF NOUN PREP ADJF NOUN NOUN,6,0,,,,,
"Демерт, Николай Александрович",мужской,0,Черноземные силы,Отрывок из неоконченного романа,1,Невский сборник,Санкт-Петербург,1867,"социально-политический, крестьяне",крестьяне,3 лицо,demert_n_chernozemnye_sily_1867.xml,социальный,социальный,ADJF NOUN,2,0,политический,крестьянский,бытовой,,
"Дингельштедт, Николай Федорович, фон",мужской,0,Жертвы страсти (Тангейзер нашего времени),Роман,1,Отд. изд.,Санкт-Петербург,1900,светский,,,,светский,светский,NOUN NOUN NOUN ADJF NOUN,5,0,,,,,
"Дмитревский, Михаил Иванович",мужской,0,"Иван Сусанин, или Смерть за царя",исторический роман,1,Отд. изд.,Москва,1839,исторический,"крестьяне, Сусанин",3 лицо,,исторический,исторический,NOUN NOUN CONJ NOUN PREP NOUN,6,0,,,,,
"Дмитриев, Александр Иванович",мужской,0,Слава русских и горе шведов,,1,Отд. изд.,Санкт-Петербург,1790,исторический,"военные, дворяне",1 лицо,,исторический,исторический,NOUN ADJF CONJ ADVB NOUN,5,0,,,,,
"Дмитриев, Дмитрий Савватиевич",мужской,0,Золотой век,Исторический роман из царствования императрицы Екатерины II. В двух частях,1,Отд. изд.,Москва,1902,исторический,дворяне,3 лицо,dmitriev_d_zolotoj_vek_1902.xml,исторический,исторический,ADJF ADVB,2,0,исторический,утопический,философский,идеологический,
"Дмитриев, Дмитрий Савватиевич",мужской,0,Государева невеста,Роман Д. Дмитриева,1,Отд. изд.,Москва,1899,"исторический, придворные",,,,исторический,исторический,ADJF NOUN,2,0,,,,,
"Дмитриев, Дмитрий Савватиевич",мужской,0,Иван Мазепа,Исторический роман времен Петра I,1,Отд. изд.,Москва,1899,"исторический, военные",,,,исторический,исторический,NOUN NOUN,2,0,,,,,
"Дмитриев, Дмитрий Савватиевич",мужской,0,Таинственный дом,Исторический роман из эпохи императрицы Екатерины Великой,1,Отд. изд.,Москва,1901,исторический,дворяне,,,исторический,исторический,ADJF NOUN,2,0,,,,,
"Дмитриев, Дмитрий Савватиевич",мужской,0,Змей огненный,роман,1,Отд. изд.,Москва,1904,"исторический, придворные",,,,исторический,исторический,NOUN ADJF,2,0,,,,,
"Дмитриев, Дмитрий Савватиевич",мужской,0,Полудержавный властелин,исторический роман,1,Отд. изд.,Москва,1905,"исторический, придворные",,,,исторический,исторический,ADJF NOUN,2,0,,,,,
"Дмитриев, К.",мужской,0,"Не в силе Бог, а в правде",исторический роман из времен Иоанна III,1,Отд. изд.,Санкт-Петербург,1890,исторический,аристократия прошлого,3 лицо,dmitriev_k_ne_v_sile_bog_a_v_pravde_1890.xml,исторический,исторический,PRCL PREP NOUN NOUN CONJ PREP NOUN,7,0,исторический,религиозный,идеологический,,
"Добров, Ф.",мужской,1,"Владимир Красное Солнышко, или девятьсот лет назад",роман,1,Отд. изд.,Санкт-Петербург,1888,исторический,"аристократия прошлого, легендарные исторические фигуры",,,исторический,исторический,NOUN ADJF NOUN CONJ NUMR NOUN ADVB,7,0,,,,,
"Добров, Ф.",мужской,1,Перст судьбы,роман,1,Отд. изд.,Санкт-Петербург,1888,социальный,разночинцы,,,социальный,социальный,NOUN NOUN,2,0,,,,,
"Добронравов, Леонид Михайлович",мужской,0,Новая бурса,роман,1,Заветы,Санкт-Петербург,1913,,духовенство/священники,,,,,ADJF NOUN,2,0,,,,,
"Доганович, Анна Никитична",женский,0,Печальник земли русской,Историческая повесть: для школьного и семейного чтения,1,Отд. изд.,Санкт-Петербург,1886,исторический,"легендарные исторические фигуры, духовенство",3 лицо,,исторический,исторический,NOUN NOUN ADJF,3,0,,,,,
"Долгов, К.",мужской,0,На новом пути,Роман,0,Дело,,1871,исторический,,,,исторический,исторический,PREP ADJF NOUN,3,0,,,,,
"Долинский, Александр",мужской,0,Три сердца,Сочинение Александра Долинского,1,Отд. изд.,Москва,1835,любовный,Дворяне,1 лицо,,любовный,любовный,NUMR NOUN,2,0,,,,,
"Долинский, Александр",мужской,0,Страсть и мщение,роман,1,Отд. изд.,Москва,1836,светский,дворяне,3 лицо,,светский,светский,NOUN CONJ NOUN,3,0,,,,,
"Долинский, Александр",мужской,0,"Жизнь сердца, или как любят женщины?",,1,Отд. изд.,Москва,1839,любовный,дворяне,1 лицо,,любовный,любовный,NOUN NOUN CONJ CONJ VERB NOUN,6,0,,,,,
"Достоевский, Михаил Михайлович",мужской,0,Брат и сестра,Эпизод из романа,0,Пантеон,,1852,роман,,3 лицо,,,,NOUN CONJ NOUN,3,0,,,,,
"Достоевский, Федор Михайлович",мужской,0,Бедные люди,Роман,1,Петербургский сборник,Санкт-Петербург,1846,социально-психологический,"чиновники, разночинцы",в письмах,dostoevskij_f_bednye_lyudi_1846.xml,социальный,социальный,ADJF NOUN,2,1,социально-психологический,сентиментальный,эпистолярный,,
"Достоевский, Федор Михайлович",мужской,0,Неточка Незванова,История одной женищны,0,Отечественные записки,,1849,социально-психологический,разночинцы,1 лицо,dostoevskij_f_netochka_nezvanova_1849.xml,социальный,социальный,NOUN ADJS,2,1,социально-психологический,роман воспитания,,,
"Достоевский, Федор Михайлович",мужской,0,Униженные и оскорбленные,Роман в четырех частях,0,Время,,1861,социально-психологический,князь,1 лицо,dostoevskij_f_unizhennye_i_oskorblennye_1861.xml,социальный,социальный,PRTF CONJ PRTF,3,1,социально-психологический,семейный,любовный,,
"Достоевский, Федор Михайлович",мужской,0,Игрок,Роман (Из записок молодого человека),1,Отд. изд. (СС),Санкт-Петербург,1866,социально-психологический,чиновники,1 лицо,dostoevskij_f_igrok_1866.xml,социальный,социальный,NOUN,1,1,социально-психологический,любовный,,,
"Достоевский, Федор Михайлович",мужской,0,Преступление и наказание,Роман,0,Русский вестник,,1866,социальально-психологический,рабочие,3 лицо,dostoevskij_f_prestuplenie_i_nakazanie_1866.xml,социальный,социальный,NOUN CONJ NOUN,3,1,социально-психологический,философский,идеологический,уголовный,
"Достоевский, Федор Михайлович",мужской,0,Идиот,Роман,0,Русский вестник,,1868,социально-психологический,"Дворяне, мещане",3 лицо,dostoevskij_f_idiot_1868.xml,социальный,социальный,NOUN,1,1,социально-психологический,философский,идеологический,,
"Достоевский, Федор Михайлович",мужской,0,Бесы,Роман,0,Русский вестник,,1871,роман,"дворяне, нигилисты, разночинцы",3 лицо,dostoevskij_f_besy_1871.xml,,,NOUN,1,1,антинигилистический,философский,идеологический,психологический,
"Достоевский, Федор Михайлович",мужской,0,Подросток,Роман,1,Отечественные записки,Санкт-Петербург,1875,социально-психологический,дворяне,1 лицо,dostoevskij_f_podrostok_1875.xml,социальный,социальный,NOUN,1,1,роман воспитания,социально-психологический,идеологический,,
"Достоевский, Федор Михайлович",мужской,0,Братья Карамазовы,Роман,1,Русский вестник,Москва,1879,"социально-психологический, философский",дворяне,3 лицо,dostoevskij_f_bratya_karamazovy_1879.xml,социальный,социальный,NOUN NOUN,2,1,философский,психологический,семейный,религиозный,детективный
"Дриянский, Егор Эдуардович",мужской,0,Туз,Жизнеописание Антона Антоновича: Роман в 4 ч,1,Отд. изд.,Москва,1867,социально-психологический,буржуазия,,,социальный,социальный,NOUN,1,0,,,,,
"Дружинин, Александр Васильевич",мужской,0,Жюли,роман,0,Современник,,1849,роман,,3 лицо,,,,NOUN,1,0,,,,,
"Дружинин, Александр Васильевич",мужской,0,Прошлое лето в деревне,,0,Русский вестник,,1862,социально-психологический,дворяне,1 лицо,druzhinin_a_proshloe_leto_v_derevne_1862.xml,социальный,социальный,NOUN NOUN PREP NOUN,4,0,социально-психологический,бытовой,,,
"Дубровина, Екатерина Оскаровна",женский,0,Заслуженная кара,Исторический роман времен Аракчеева,1,Отд. изд.,Санкт-Петербург,1891,исторический роман,"графы, князья, аристократия",3 лицо,,исторический,исторический,PRTF NOUN,2,0,,,,,
"Дубровина, Екатерина Оскаровна",женский,0,Сфинкс,Роман,1,Дело,Санкт-Петербург,1877,,,,,,,NOUN,1,0,,,,,
"Дубровина, Екатерина Оскаровна",женский,0,Жертва трех честолюбий,Исторический роман Е. О. Дубровиной в 2 частях,1,Родина,Санкт-Петербург,1897,исторический роман,аристократия прошлого,3 лицо,,исторический,исторический,NOUN NUMR NOUN,3,0,,,,,
"Дубровина, Екатерина Оскаровна",женский,0,Мертвецы-мстители,роман,1,Отд. изд.,Санкт-Петербург,1888,"готический роман, ужасы",,,,готический,фантастический,NOUN,1,0,,,,,
"Дубровина, Екатерина Оскаровна",женский,0,Рухнувший великан,Исторический роман XV века,0,Живописное обозрение,,1888,исторический,,,,исторический,исторический,PRTF NOUN,2,0,,,,,
"Дубровина, Екатерина Оскаровна",женский,0,Под гнетом контрастов,Роман,1,Семья,Москва,1902,социально-психологический роман,дворяне,3 лицо,,социальный,социальный,PREP NOUN NOUN,3,0,,,,,
"Дубровина, Екатерина Оскаровна",женский,0,В тумане жизни,Роман,1,Отд. изд.,Санкт-Петербург,1884,социальный,"средние слои, женщины из народа",,,социальный,социальный,PREP NOUN NOUN,3,0,,,,,
"Дубровина, Екатерина Оскаровна",женский,0,Опальный,исторический роман в 2-х частях,1,Отд. изд.,Санкт-Петербург,1890,исторический,,,,исторический,исторический,ADJF,1,0,,,,,
"Дубровина, Екатерина Оскаровна",женский,0,Из тьмы веков,Роман,1,Отд. изд.,Санкт-Петербург,1892,исторический роман,,,,исторический,исторический,PREP NOUN NOUN,3,0,,,,,
"Дубровина, Екатерина Оскаровна",женский,0,Бескровная месть,Исторический роман,1,Отд. изд.,Санкт-Петербург,1894,исторический роман,,,,исторический,исторический,ADJF NOUN,2,0,,,,,
"Дубровина, Екатерина Оскаровна",женский,0,Под натиском страсти,Роман,1,Отд. изд.,Санкт-Петербург,1899,роман,,,,,,PREP NOUN NOUN,3,0,,,,,
"Дубровина, Екатерина Оскаровна",женский,0,Идиллия на Волге,,1,Отд. изд.,Санкт-Петербург,1902,,,,,,,NOUN PREP NOUN,3,0,,,,,
"Дубровский, Петр Павлович",мужской,0,Мальвина или предчувствие сердца,"Сочинение Изабеллы Чарторыской, нынешней герцогини Виртенбергской",1,Отд. изд.,Москва,1834,роман,,3 лицо,,,,NOUN CONJ NOUN NOUN,4,0,,,,,
"Дурова, Надежда Андреевна",женский,0,Гудишки,Роман,1,Отд. изд.,Санкт-Петербург,1839,роман,гусарский полк,1 лицо,durova_n_gudishki_1839.xml,,,NOUN,1,0,социально-психологический,бытовой,,,
"Дымов, Осип",мужской,1,Томление духа,Роман,1,Шиповник,Санкт-Петербург,1912,,разночинцы,3 лицо,,,,NOUN NOUN,2,0,,,,,
"Дьяков, Александр Александрович",мужской,0,Степные миссионеры,Отрывки из романа Юлия Тимченко,1,Новое время,Санкт-Петербург,1874,исторический,,1 лицо,,исторический,исторический,ADJF NOUN,2,0,,,,,
"Евстигнеев, Михаил Евдокимович",мужской,0,"Ведьма из-за Днепра, или Разбойник Соловей",Историческое повествование времен Василия Темного,1,Отд. изд.,Москва,1868,исторический,"князья, атаманы",3 лицо,,исторический,исторический,NOUN PREP NOUN CONJ NOUN NOUN,6,0,,,,,
"Евстигнеев, Михаил Евдокимович",мужской,0,Мститель,Роман,1,Отд. изд.,Москва,1870,детективный,,,,детективный,криминальный,NOUN,1,0,,,,,
"Евстигнеев, Михаил Евдокимович",мужской,0,Сын нищего,Роман из староверского быта : В 2 частях,1,Отд. изд.,Москва,1873,детективный,духовенство,,,детективный,криминальный,NOUN ADJF,2,0,,,,,
"Евстигнеев, Михаил Евдокимович",мужской,0,Раскольничее гнездо сообщников царевны Софи,Исторический роман в трех частях,1,Отд. изд.,Москва,1874,исторический,,,,исторический,исторический,ADJF NOUN NOUN NOUN NOUN,5,0,,,,,
"Евстигнеев, Михаил Евдокимович",мужской,0,"Страшный клад, или Татарская пленница",Повесть времен татарщины,1,Отд. изд.,Москва,1874,исторический,,,,исторический,исторический,ADJF NOUN CONJ ADJF NOUN,5,0,,,,,
"Елец, Юлий Лукьянович",мужской,0,Болезнь века,Роман в 3-х частях,1,Отд. изд.,Санкт-Петербург,1892,документальный,"дворяне, военные",3 лицо,,исторический,исторический,NOUN NOUN,2,0,,,,,
"Ельцова, К.",женский,1,В чужом гнезде,Роман,0,Новое слово,,1896,социально-психологический,дворяне,3 лицо,,социальный,социальный,PREP NOUN NOUN,3,0,,,,,
"Ельцова, М.",женский,0,Отмычки счастья,современный роман-пародия,1,Отд. изд.,Москва,1910,,,,,,,NOUN NOUN,2,0,,,,,
"Емельянов-Коханский, Александр Николаевич",мужской,0,Клеопатра,,1,Отд. изд.,Москва,1897,,,,,,,NOUN,1,0,,,,,
"Емельянов-Коханский, Александр Николаевич",мужской,0,Сумерки века,,1,Отд. изд.,Москва,1897,,,,,,,NOUN NOUN,2,0,,,,,
"Емельянов-Коханский, Александр Николаевич",мужской,0,"Записки грешника. Книга злобы, ненависти, насмешки",роман,1,Отд. изд.,Москва,1904,,,,,,,NOUN NOUN NOUN NOUN NOUN NOUN,6,0,,,,,
"Емельянченко, Иван Яковлевич",мужской,0,За границей,роман,0,Новое обозрение,,1906,"социально-психологический, эммигранты",,,,социальный,социальный,PREP NOUN,2,0,,,,,
"Емельянченко, Иван Яковлевич",мужской,0,Под молотом истории,роман,1,Отд. изд.,Одесса,1914,семейный,евреи,,,семейный,семейный,PREP ADJF NOUN,3,0,,,,,
"Жадовская, Юлия Валериановна",женский,0,В стороне от большого света,роман,0,Русский вестник,,1857,любовный,дворяне,1 лицо,zhadovskaya_yu_v_storone_ot_bolshogo_sveta_1857.xml,любовный,любовный,PREP NOUN PREP ADJF NOUN,5,0,любовный,социально-психологический,бытовой,,
"Жадовская, Юлия Валериановна",женский,0,Женская история,Роман в трех частях,0,Время,,1861,социально-психологический,дворяне,1 лицо,,социальный,социальный,ADJF NOUN,2,0,,,,,
"Жадовский, Павел Валерианович",мужской,0,Житейские сцены,,1,Отд. изд.,Москва,1859,социально-психологический,чиновники,3 лицо,zhadovskij_p_zhitejskie_szeny_1859.xml,социальный,социальный,ADJF NOUN,2,0,социально-психологический,бытовой,,,
"Жандр, Николай Павлович",мужской,0,Свет,Роман минувшей эпохи,1,Отд. изд.,Санкт-Петербург,1864,светский,дворяне,3 лицо,,светский,светский,NOUN,1,0,,,,,
"Жданов, Лев",мужской,1,Царь Иоанн Грозный,историческая повесть,1,Отд. изд.,Санкт-Петербург,1904,"исторический, дворяне",Иван Грозный; дворяне,3 лицо,gelman_l_zar_ioann_groznyj_1904.xml,исторический,исторический,NOUN NOUN NOUN,3,0,исторический,биографический,политический,психологический,
"Жданов, Лев",мужской,1,Последний фаворит. Екатерина II и Зубов,роман-хроника,1,Отд. изд.,Москва,1911,исторический,"дворяне, аристократия прошлого",3 лицо,gelman_l_poslednij_favorit_ekaterina__i_zubov_1911.xml,исторический,исторический,ADJF NOUN NOUN NUMR CONJ NOUN,6,0,исторический,биографический,любовный,политический,
"Жданов, Лев",мужской,1,В сетях интриги. Два потока.,Исторический роман времен Екатерины II,1,Отд. изд.,Санкт-Петербург,1912,исторический,"дворяне, аристократия прошлого",3 лицо,gelman_l_v_setyakh_intrigi_1912.xml,исторический,исторический,PREP NOUN NOUN NUMR NOUN,5,0,исторический,авантюрный,политический,,
"Жданов, Лев",мужской,1,Под властью фаворита,роман,1,Отд. изд.,Петроград,1916,"исторический, дворяне","легендарные исторические фигуры, царская Россия",3 лицо,gelman_l_pod_vlastyu_favorita_1916.xml,исторический,исторический,PREP NOUN NOUN,3,0,исторический,политический,авантюрный,любовный,
"Жданов, Лев",мужской,1,Закат,роман в 2 частях,1,Отд. изд.,Санкт-Петербург; Москва,1905,,,,,,,NOUN,1,0,,,,,
"Жданов, Лев",мужской,1,Царь и опричники,Историческая повесть в 2-х частях,1,Отд. изд.,Санкт-Петербург,1911,исторический,"дворяне, аристократия прошлого",,,исторический,исторический,NOUN CONJ NOUN,3,0,,,,,
Жданов Лев,мужской,1,Во власти золота (Ленская бойня),повесть-хроника,1,Отд. изд.,М.-Л.,1926,исторический,,,,исторический,исторический,PREP NOUN NOUN ADJF NOUN,5,0,,,,,
Жданов Лев,мужской,1,Крушение богов,"житие ""св. отцов"" Феофила и Кирилла Александрийского",1,Отд. изд.,Москва,1929,"исторический, хроника","духовенство, легендарные исторические фигуры",3 лицо,,исторический,исторический,NOUN NOUN,2,0,,,,,
"Железнов, Иоасаф Игнатьевич",мужской,0,Уральская старина. Василий Струняшев,,0,Москвитянин; Отечественные записки,,1854,авантюрный,Военные (казаки),3 лицо,,авантюрный,приключенческий,ADJF NOUN NOUN NOUN,4,0,,,,,
"Желиховская, Вера Петровна",женский,0,"Было, прошло и быльем поросло",Роман на старый лад,1,Отд. изд.,Одесса,1885,"любовный, роман воспитания",аристократы,3 лицо,,любовный,любовный,VERB ADJS CONJ NOUN VERB,5,0,,,,,
"Желиховская, Вера Петровна",женский,0,На весенней заре,Повесть для юношества,1,Нива,Санкт-Петербург,1886,светский,дворяне,3 лицо,,светский,светский,PREP ADJF NOUN,3,0,,,,,
"Желиховская, Вера Петровна",женский,0,Княжна Цхени,роман из кавказской жизни,1,Досуг и дело,Санкт-Петербург,1890,авантюрный,народности и этнические группы,3 лицо,,авантюрный,приключенческий,NOUN VERB,2,0,,,,,
"Желиховская, Вера Петровна",женский,0,Ложь,современная быль,1,Русское обозрение,Санкт-Петербург,1890,социально-психологический,дворяне,3 лицо,,социальный,социальный,NOUN,1,0,,,,,
"Желиховская, Вера Петровна",женский,0,На берегах Невы и Темзы,Роман,1,Нива,Санкт-Петербург,1892,"любовный, социально психологический",дворяне,3 лицо,,любовный,любовный,PREP NOUN NOUN CONJ NOUN,5,0,,,,,
"Желиховская, Вера Петровна",женский,0,На синеморских буграх,Роман,1,Нива,Санкт-Петербург,1892,социально-психологический,"разночинцы, народности и этнические группы",3 лицо,,социальный,социальный,PREP ADJF NOUN,3,0,,,,,
"Животов, Николай Николаевич",мужской,0,Тайны двух клубов,Роман в 2-х частях с эпилогом,1,Отд. изд.,Санкт-Петербург,1895,детективный,,,,детективный,криминальный,NOUN NUMR NOUN,3,0,,,,,
"Животов, Николай Николаевич",мужской,0,Цыган Яшка,роман в 3 частях,1,Отд. изд.,Санкт-Петербург,1896,детективный,"купцы, цыгане",,,детективный,криминальный,NOUN NOUN,2,0,,,,,
"Животов, Николай Николаевич",мужской,0,Леший барин,роман в 2 частях,1,Отд. изд.,Санкт-Петербург,1896,детективный,,,,детективный,криминальный,NOUN NOUN,2,0,,,,,
"Животов, Николай Николаевич",мужской,0,Макарка-Душегуб,Роман из петербургской жизни,1,Отд. изд.,Санкт-Петербург,1896,детективный,разночинцы,3 лицо,zhivotov_n_makarka-dushegub_1896.xml,детективный,криминальный,NOUN,1,0,детективный,уголовный,авантюрный,,
"Животов, Николай Николаевич",мужской,0,Дочь трактирщика,роман,1,Отд. изд.,Санкт-Петербург,1897,детективный,,,,детективный,криминальный,NOUN NOUN,2,0,,,,,
"Животов, Николай Николаевич",мужской,0,Подложный жених,роман в 3 частях,1,Отд. изд.,Санкт-Петербург,1898,детективный,,,,детективный,криминальный,ADJF NOUN,2,0,,,,,
"Животов, Николай Николаевич",мужской,0,Живой покойник,роман,1,Отд. изд.,Санкт-Петербург,1899,детективный,,,,детективный,криминальный,NOUN NOUN,2,0,,,,,
"Животов, Николай Николаевич",мужской,0,Пират Влас,роман в 2 частях,1,Отд. изд.,Санкт-Петербург,1899,,,,,,,NOUN NOUN,2,0,,,,,
"Животов, Николай Николаевич",мужской,0,Разрытая могила,роман в 2 частях с прологом,1,Отд. изд.,Санкт-Петербург,1899,детективный,,,,детективный,криминальный,PRTF NOUN,2,0,,,,,
"Животов, Николай Николаевич",мужской,0,Тотализатор и тотошники,роман 2 частях,1,Отд. изд.,Санкт-Петербург,1900,,,,,,,NOUN CONJ NOUN,3,0,,,,,
Жилкин Иван Васильевич,мужской,0,Ганочка,роман с ключом,1,Отд. изд.,М.,1931,автобиографический,,,,автобиографический,биографический,NOUN,1,0,,,,,
"Жукова, Мария Семеновна",женский,0,Две свадьбы,Роман в двух частях,0,Отечественные записки,,1857,любовный,дворяне,3 лицо,,любовный,любовный,NUMR NOUN,2,0,,,,,
"Забелло, М.П.",мужской,0,"Подсечное хозяйство, или земство строит железную дорогу",Роман,0,Русская мысль,,1881,социально-психологический,"дворяне, чиновники",3 лицо,zabello_m_podsechnoe_khozyajstvo_ili_zemstvo_stroit_zheleznuyu_dorogu_1881.xml,социальный,социальный,ADJF NOUN CONJ NOUN VERB ADJF NOUN,7,0,социально-психологический,политический,,,
"Загоскин, Михаил Васильевич",мужской,0,Магистр,Роман,1,"Сборник газеты ""Сибирь""",Санкт-Петербург,1876,социально-психологический,духовенство/священники,3 лицо,zagoskin_m_magistr_1876.xml,социальный,социальный,NOUN,1,0,бытовой,роман воспитания,,,
"Загоскин, Михаил Васильевич",мужской,0,"Юрий Милославский, или Русские в 1612 году",Исторический роман в 3 частях,1,Отд. изд.,Москва,1829,исторический,легендарные исторические фигуры; аристократия прошлого; военные,3 лицо,zagoskin_m_yurij_miloslavskij_ili_russkie_v__godu_1829.xml,исторический,исторический,NOUN ADJF CONJ ADJF PREP NUMR NOUN,7,0,исторический,авантюрный,любовный,,
"Загоскин, Михаил Васильевич",мужской,0,"Рославлев, или Русские в 1812 году",,1,Отд. изд.,Москва,1831,"исторический, любовный",военные,3 лицо,zagoskin_m_roslavlev_ili_russkie_v__godu_1831.xml,исторический,исторический,NOUN CONJ ADJF PREP NUMR NOUN,6,0,исторический,любовный,военный,,
"Загоскин, Михаил Васильевич",мужской,0,Аскольдова могила,Повесть из времен Владимира I,1,Отд. изд.,Москва,1833,исторический,"дворяне, крестьяне",3 лицо,zagoskin_m_askoldova_mogila_1833.xml,исторический,исторический,NOUN NOUN,2,0,исторический,фольклорный,,,
"Загоскин, Михаил Николаевич",мужской,0,Искуситель,сочинение,1,Отд. изд.,Москва,1838,исторический,дворяне,1 лицо,zagoskin_m_iskusitel_1838.xml,исторический,исторический,NOUN,1,0,исторический,религиозный,нравоучительный,,
"Загоскин, Михаил Николаевич",мужской,0,Тоска по родине,Повесть,1,Отд. изд.,Москва,1839,,,3 лицо,,,,NOUN PREP NOUN,3,0,,,,,
"Загоскин, Михаил Николаевич",мужской,0,Кузьма Петрович Мирошев,Русская быль времен Екатерины II,1,Отд. изд.,Москва,1842,исторический,дворяне,3 лицо,,исторический,исторический,NOUN NOUN NOUN,3,0,,,,,
"Загоскин, Михаил Николаевич",мужской,0,Брынский лес,Эпизод из первых годов царствования Петра Великого,1,Отд. изд.,Москва,1846,исторический,аристократия,3 лицо,zagoskin_m_brynskij_les_1846.xml,исторический,исторический,NOUN NOUN,2,1,исторический,приключенческий,бытовой,авантюрный,
"Загоскин, Михаил Васильевич",мужской,0,Русские в начале осьмнадцатого столетия,Рассказ из времен единодержавия Петра 1,1,Отд. изд.,Москва,1848,исторический,"истрические лица, дворяне",3 лицо,zagoskin_m_russkie_v_nachale_osmnadzatogo_stoletiya_1848.xml,исторический,исторический,ADJF PREP NOUN ADJF NOUN,5,0,исторический,бытовой,приключенческий,,
"Загуляев, Михаил Андреевич",мужской,0,Странная история,,0,Вестник Европы,,1883,исторический,дворяне,1 лицо,,исторический,исторический,ADJF NOUN,2,0,,,,,
"Загуляев, Михаил Андреевич",мужской,0,Просветлённые,роман,0,Новое время,,1888,исторический,,,,исторический,исторический,ADJF,1,0,,,,,
"Зайцев, Борис Константинович",мужской,0,Дальний край,роман,1,Шиповник,Санкт-Петербург,1913,исторический,"русская интеллигенция, революционеры",3 лицо,zajzev_b_dalnij_kraj_1913.xml,исторический,исторический,ADJF NOUN,2,0,исторический,социально-психологический,философский,,
Зайцев Борис Константинович,мужской,0,Золотой узор,роман,1,Отд. изд.,Прага,1926,"социально-психологический, русская интеллигенция",интеллигенция,1 лицо,,социальный,социальный,ADJF NOUN,2,0,,,,,
Зайцев Борис Константинович,мужской,0,Жизнь Тургенева,романизир. биография,1,Отд. изд.,Париж,1932,историко-биографический,дворяне,3 лицо,,исторический,исторический,NOUN NOUN,2,0,,,,,
Зайцев Борис Константинович,мужской,0,Дом в Пасси,роман,1,Отд. изд.,Берлин,1935,исторический,русская интеллигенция в эмиграции,3 лицо,,исторический,исторический,NOUN PREP NOUN,3,0,,,,,
Зайцев Борис Константинович,мужской,0,Заря,роман,1,Отд. изд.,Берлин,1937,"автобиографическая тетралогия ""путешествие глеба"" (психологический,)",интеллигенция,3 лицо,,автобиографический,биографический,NOUN,1,0,,,,,
Зайцев Борис Константинович,мужской,0,Тишина,роман,1,Отд. изд.,Париж,1948,"автобиографическая тетралогия ""путешествие глеба"" (психологический)",интеллигенция,3 лицо,,автобиографический,биографический,NOUN,1,0,,,,,
Зайцев Борис Константинович,мужской,0,Юность,роман,1,Отд. изд.,Париж,1950,"автобиографическая тетралогия ""путешествие глеба"" (психологический)",интеллигенция,3 лицо,,автобиографический,биографический,NOUN,1,0,,,,,
Зайцев Борис Константинович,мужской,0,Жуковский,романизир. биография,1,Отд. изд.,Париж,1951,историко-биографический,дворяне,,,исторический,исторический,ADJF,1,0,,,,,
Зайцев Борис Константинович,мужской,0,Древо жизни,роман,1,Отд. изд.,Нью-Йорк,1953,"автобиографическая тетралогия ""путешествие глеба"" (психологический, интеллигенция)",интеллигенция,3 лицо,,автобиографический,биографический,NOUN NOUN,2,0,,,,,
Зайцев Борис Константинович,мужской,0,Чехов,романизир. биография,1,Отд. изд.,Нью-Йорк,1954,историко-биографический,"врачи, купцы, интеллигенция",3 лицо,,исторический,исторический,NOUN,1,0,,,,,
Закамский,мужской,1,Женщина XIX столетия,роман,1,Отд. изд.,Москва,1839,социально-психологический,дворяне,3 лицо + 1л (дневник),,социальный,социальный,NOUN NUMR NOUN,3,0,,,,,
"Закревская, Софья Алексеевна",женский,0,Институтка,роман в письмах,0,Отечественные записки,,1841,социально-психологический,"институтки, военные",в письмах,,социальный,социальный,NOUN,1,1,,,,,
"Закревская, Софья Алексеевна",женский,0,Креницы,Роман в двух частях С. А. Закревской,0,Финский вестник,,1847,семейно-бытовой,дворяне,3 лицо,,семейный,семейный,NOUN,1,0,,,,,
Замятин Евгений Иванович,мужской,0,Мы,роман,1,Отд. изд.,Нью-Йорк,1925,"антиутопический, граждане единого государства",,1 лицо,,антиутопический,антиутопический,NPRO,1,0,,,,,
"Запольский, Иван Ипатович",мужской,0,Желанная встреча,,1,"Иппокрена, или Утехи любословия",Москва,1799,"философский, аллегорический, нравоучительный",,3 лицо,,философский,философский,ADJF NOUN,2,0,,,,,
"Зарин, Андрей Ефимович",мужской,0,Серые герои,Роман,1,Отд. изд.,Санкт-Петербург,1893,социально-психологический,"мещане, военные",3 лицо,,социальный,социальный,ADJF NOUN,2,0,,,,,
"Зарин, Андрей Ефимович",мужской,0,Под корень,Роман,1,Отд. изд.,Санкт-Петербург,1895,культурно-исторические,"мещане,рабочие",3 лицо,,исторический,исторический,PREP NOUN,2,0,,,,,
"Зарин, Андрей Ефимович",мужской,0,Ложный след,Роман,1,Отд. изд.,Санкт-Петербург,1896,детективный,мещане,3 лицо,,детективный,криминальный,ADJF NOUN,2,0,,,,,
"Зарин, Андрей Ефимович",мужской,0,На изломе,Исторический роман из времен царя Алексея Михайловича (1653–1673 г.),1,Отд. изд.,Санкт-Петербург,1901,исторический,"военные, аристократия прошлого",3 лицо,zarin_a_na_izlome_1901.xml,исторический,исторический,PREP NOUN,2,0,исторический,социально-психологический,политический,,
"Зарин, Андрей Ефимович",мужской,0,Казнь,Роман,1,Отд. изд.,Санкт-Петербург,1902,детективный,"разночинцы, криминальный мир",3 лицо,zarin_a_kazn_1902.xml,детективный,криминальный,NOUN,1,0,детективный,социально-психологический,уголовный,,
"Зарин, Андрей Ефимович",мужской,0,Спирит,Роман в 6 кл.,1,Отд. изд.,Санкт-Петербург,1902,фантастический,дворяне,3 лицо,,фантастический,фантастический,NOUN,1,0,,,,,
"Зарин, Андрей Ефимович",мужской,0,Власть земли,Исторический роман,1,Отд. изд.,Санкт-Петербург,1912,исторический,аристократия прошлого,3 лицо,,исторический,исторический,NOUN NOUN,2,0,,,,,
"Зарин, Андрей Ефимович",мужской,0,Двоевластие,роман,1,Отд. изд.,Санкт-Петербург,1912,исторический,аристократия прошлого,3 лицо,zarin_a_dvoevlastie_1912.xml,исторический,исторический,NOUN,1,0,исторический,политический,авантюрный,,
"Зарин, Андрей Ефимович",мужской,0,Живой мертвец,Исторический роман из времен царствования императора Павла I,1,Отд. изд.,Санкт-Петербург,1912,исторический,аристократия прошлого,3 лицо,,исторический,исторический,NOUN NOUN,2,0,,,,,
"Зарин, Андрей Ефимович",мужской,0,В поисках убийцы,роман,1,Отд. изд.,Санкт-Петербург,1915,детективный,мещане,3 лицо,zarin_a_v_poiskakh_ubijzy_1915.xml,детективный,криминальный,PREP NOUN NOUN,3,0,детективный,уголовный,авантюрный,,
"Зарин, Андрей Ефимович",мужской,0,Кровавый пир (1669—1672): Бунт Стеньки Разина,Исторический роман в 6 частях,1,Отд. изд.,Ростов на Дону,1901,исторический,военные (донские казаки),3 лицо,zarin_a_krovavyj_pir_-_bunt_stenki_razina_1901.xml,исторический,исторический,ADJF NOUN NUMR NOUN NOUN NOUN,6,0,исторический,авантюрный,политический,этнографический,
"Зарин, Андрей Ефимович",мужской,0,Дочь пожарного,роман,1,Отд. изд.,Санкт-Петербург,1892,культурно-исторические,мещане,,,исторический,исторический,NOUN ADJF,2,0,,,,,
"Зарин, Федор Ефимович",мужской,0,Джиакометта,Исторический рассказ,0,Детское чтение,,1902,исторический,,3 лицо,,исторический,исторический,NOUN,1,0,,,,,
"Зарин, Федор Ефимович",мужской,0,Летающий пономарь,Исторический роман,1,Отд. изд.,Санкт-Петербург,1911,исторический,"священники, аристократы",3 лицо,,исторический,исторический,PRTF NOUN,2,0,,,,,
"Зарин, Федор Ефимович",мужской,0,Борьба у престола,роман,0,Исторический вестник,,1913,исторический,"легендарные исторические фигуры, аристократия прошлого",3 лицо,zarin_f_borba_u_prestola_1913.xml,исторический,исторический,NOUN PREP NOUN,3,0,исторический,политический,авантюрный,,
"Зарин, Федор Ефимович",мужской,0,За чужую свободу,роман,0,Исторический вестник,,1915,"исторический, военные",военные,3 лицо,,исторический,исторический,PREP ADJF NOUN,3,0,,,,,
"Зарина, Екатерина Ивановна",женский,0,Разбитая жизнь (Николай Бронской),роман,0,"Литературное приложение к ""Гражданину""",,1886,социально-психологический,помещики,3 лицо,,социальный,социальный,ADJF NOUN NOUN ADJF,4,0,,,,,
"Зарницын, Михаил",мужской,0,Стенька Разин,исторический роман,1,Отд. изд.,Санкт-Петербург,1837,исторический роман,легендарная историческая фигура,,,исторический,исторический,NOUN NOUN,2,0,,,,,
"Зарубин, Павел Алексеевич",мужской,0,Тёмные и светлые стороны русской жизни,Роман,1,Отд. изд.,Санкт-Петербург,1872,автобиографический,мещане,3 лицо,,автобиографический,биографический,ADJF CONJ ADJF NOUN ADJF NOUN,6,0,,,,,
"Засодимский (Вологдин), Павел Владимирович",мужской,1,Хроника села Смурина,,0,Отечественные записки,,1874,социально-психологический,крестьяне,3 лицо,,социальный,социальный,NOUN NOUN NOUN,3,0,,,,,
"Засодимский, Павел Владимирович",мужской,0,Кто во что горазд,Повесть в трех книгах,1,Слово,Санкт-Петербург,1878,"социальный, крестьяне",крестьяне,3 лицо,,социальный,социальный,NPRO PREP CONJ ADJS,4,0,,,,,
"Засодимский, Павел Владимирович",мужской,0,Степные тайны,Роман в двух книгах,0,Русское богатство,,1880,"социальный, исторический",крестьяне,3 лицо,,социальный,социальный,ADJF NOUN,2,0,,,,,
"Засодимский, Павел Владимирович",мужской,0,По градам и весям (из истории нашего времени),Роман,0,Наблюдатель,,1885,исторический,"крестьяне, мещане",3 лицо,,исторический,исторический,PREP NOUN CONJ NOUN PREP NOUN ADJF NOUN,8,0,,,,,
"Засодимский, Павел Владимирович",мужской,0,Грех,роман,0,Русское богатство,,1893,психологический,,,,психологический,психологический,NOUN,1,0,,,,,
"Захарьин, Петр Михайлович",мужской,0,Арфаксад,"Халдейская повесть, содержащая в себе: образ жизни и нравов древних восточных народов, новыя возстановления чиноначалия, низпровержения вредной независимости, соединения обществ, царств, воздвижение городов, первоначальныя причины военных действий и проч. с помещением в различных местах нравственных разсуждений к различным предметам относящихся.",1,Отд. изд.,Москва,1793,"нравоучительный, социально-психологический, философский, авантюрный",Народности и этнические группы,3 лицо,,нравоучительный,воспитания,NOUN,1,0,,,,,
"Захарьин, Петр Михайлович",мужской,0,"Приключения Клеандра, храброго царевича Лакедемонского, и Ниотильды, королевны Фракийской",российское сочинение,1,Отд. изд.,Николаев,1798,,,3 лицо,,,,NOUN NOUN ADJF NOUN ADJF CONJ NOUN NOUN ADJF,9,0,,,,,
Зео,женский,1,Свыше сил,Роман в 2 частях,1,Отд. изд.,Одесса,1885,"социально-психологический, женщины",,,,социальный,социальный,ADVB NOUN,2,0,,,,,
Зео,женский,1,Первая жена,роман в 2-х частях,0,Новорос. Телеграф,,1888,социально-психологический,,,,социальный,социальный,ADJF NOUN,2,0,,,,,
Зео,женский,1,Три соперницы,роман в 2-х частях,1,Новорос. Телеграф,Одесса,1889,социально-психологический,,,,социальный,социальный,NUMR NOUN,2,0,,,,,
"Зиновьев, Дмитрий Николаевич",мужской,0,"Торжествующая добродетель, или Жизнь и приключения гонимого фортуною Селима","Истинная повесть, в восточных странах происходившая и по свидетельству самовидца на российском языке сочинённая Д. Зиновьевым",1,Отд. изд.,Москва,1789,авантюрный,"Принцы, принцессы, короли, королевы и другие представители придворной знати",3 лицо,zinovev_d_torzhestvuyushaya_dobrodetel_ili_zhizn_i_priklyucheniya_gonimogo_fortunoyu_selima_1789.xml,авантюрный,приключенческий,PRTF NOUN CONJ NOUN CONJ NOUN ADJF NOUN PRTS,9,0,авантюрный,нравоучительный,сентиментальный,,
"Златовратский, Николай Николаевич",мужской,0,Устои,История одного поселка,0,Отечественные записки,,1878,социально-психологический,крестьяне,3 лицо,zlatovratskij_n_ustoi_1878.xml,социальный,социальный,NOUN,1,0,крестьянский,роман-идиллия,этнографический,,
"Зотов, Владимир Рафаилович",мужской,0,Черный таракан,Фантастический роман из жизни одного чиновника,0,Пантеон,,1843,фантастический,"чиновники, разночинцы",1 лицо,zotov_v_chernyj_tarakan_1843.xml,фантастический,фантастический,NOUN NOUN,2,0,фантастический,мистический,готический,,
"Зотов, Владимир Рафаилович",мужской,0,Коломенская роза,роман из первых годов девятнадцатого столетия,0,Отечественные записки,,1850,,,3 лицо,,,,ADJF NOUN,2,0,,,,,
"Зотов, Владимир Рафаилович",мужской,0,Старый дом,роман в 8 частях и с прологом,0,Отечественные записки,,1850,приключенческий,"аристократы, авантюристы",3 лицо,,приключенческий,приключенческий,ADJF NOUN,2,0,,,,,
"Зотов, Владимир Рафаилович",мужской,0,Человек с характером,Роман в двух частях,0,Библиотека для чтения,,1852,,,3 лицо,zotov_v_chelovek_s_kharakterom_1852.xml,,,NOUN PREP NOUN,3,0,социально-психологический,бытовой,,,
"Зотов, Рафаил Михайлович",мужской,0,"Студент и княжна, или Возвращение Наполеона с острова Эльбы",историческая повесть,1,Отд. изд.,Санкт-Петербург,1838,исторический роман,легендарная историческая фигура - Наполеон,1 лицо,,исторический,исторический,NOUN CONJ NOUN CONJ NOUN NOUN PREP NOUN NOUN,9,0,,,,,
"Зотов, Рафаил Михайлович",мужской,0,"Леонид, или Некоторые черты из жизни Наполеона",,1,Отд. изд.,Санкт-Петербург,1832,"исторический, авантюрный","дворяне, военные",3 лицо,,исторический,исторический,NOUN CONJ ADJF NOUN PREP NOUN NOUN,7,0,,,,,
"Зотов, Рафаил Михайлович",мужской,0,"Таинственный монах, или Некоторые черты из жизни Петра I",Исторический роман,1,Отд. изд.,Санкт-Петербург,1834,"приключенческий, исторический",,3 лицо,zotov_r_tainstvennyj_monakh_1834.xml,приключенческий,приключенческий,ADJF NOUN CONJ ADJF NOUN PREP NOUN NOUN NUMR,9,0,исторический,приключенческий,авантюрный,мистический,
"Зотов, Рафаил Михайлович",мужской,0,"Никлас, Медвежья лапа, атаман контрабандистов, или Некоторые черты из жизни Фридриха II",исторический роман,1,Отд. изд.,Санкт-Петербург,1837,исторический,", аристократы",3 лицо,,исторический,исторический,NOUN ADJF NOUN NOUN NOUN CONJ ADJF NOUN PREP NOUN NOUN NUMR,12,0,,,,,
"Зотов, Рафаил Михайлович",мужской,0,"Фра-Диаволо, или Последние годы Венеции",Исторический роман,1,Отд. изд.,Санкт-Петербург,1839,исторический,аристократы,3 лицо,,исторический,исторический,NOUN CONJ ADJF NOUN NOUN,5,0,,,,,
"Зотов, Рафаил Михайлович",мужской,0,"Шапка юродивого, или Трилиственник",Исторический роман из времен Елисаветы и Екатерины,1,Отд. изд.,Москва,1839,исторический,"военные, дворяне",3 лицо,,исторический,исторический,NOUN ADJF CONJ NOUN,4,0,,,,,
"Зотов, Рафаил Михайлович",мужской,0,Бородинское ядро и Березинская переправа,Исторический роман,0,Пантеон,,1844,исторический,военные,3 лицо,zotov_r_borodinskoe_yadro_i_berezinskaya_pereprava_1844.xml,исторический,исторический,ADJF NOUN CONJ ADJF NOUN,5,0,исторический,военный,авантюрный,,
"Зотов, Рафаил Михайлович",мужской,0,"Два брата, или Москва в 1812 г.",роман,1,Отд. изд.,Санкт-Петербург,1850,исторический,"Военные, дворяне",3 лицо,zotov_r_dva_brata_ili_moskva_v__godu_1850.xml,исторический,исторический,NUMR NOUN CONJ NOUN PREP NUMR NOUN,7,0,исторический,семейный,военный,,
"Зотов, Рафаил Михайлович",мужской,0,"Таинственные силы, или Некоторые черты из царствования императора Павла I",Исторический роман из времен царствования Павла I: В 3 ч,1,Отд. изд.,Санкт-Петербург,1859,исторический,аристократы,3 лицо,,исторический,исторический,ADJF NOUN CONJ ADJF NOUN PREP NOUN NOUN NOUN NUMR,10,0,,,,,
"Зотов, Рафаил Михайлович",мужской,0,Последний потомок Чингис-хана,Роман в трех частях,0,Иллюстрированная газета,,1872,биографический,военные и аристократы,3 лицо,,биографический,биографический,ADJF NOUN NOUN,3,0,,,,,
"Зотов, Рафаил Михайлович",мужской,0,"Цын-Киу-Тонг, или Три добрые дела духа тьмы",фантастический роман в 4 частях,1,Отд. изд.,Санкт-Петербург,1840,фантастический,китайские духи,,,фантастический,фантастический,NOUN CONJ NUMR ADJF NOUN NOUN NOUN,7,0,,,,,
"Зотов, Рафаил Михайлович",мужской,0,"Две сестры, или Смоленск в 1812 г.",исторический роман в 2 частях,1,Отд. изд.,Санкт-Петербург,1860,"исторический, дворяне, военные",,,,исторический,исторический,NUMR NOUN CONJ NOUN PREP NUMR NOUN,7,0,,,,,
"Зражевская, Александра Васильевна",женский,0,Картины дружеских связей,Сочинение Александры Зражевской,1,Отд. изд.,Санкт-Петербург,1833,эпистолярный,дворяне,3 лицо,,эпистолярный,эпистолярный,NOUN ADJF NOUN,3,0,,,,,
"Зражевская, Александра Васильевна",женский,0,Женщина - поэт и автор,Отрывок из романа,0,Москвитянин,,1842,"эпистолярный,",дворяне,в письмах,zrazhevskaya_a_zhenshina_-_poet_i_avtor_1842.xml,эпистолярный,эпистолярный,NOUN NOUN CONJ NOUN,5,0,эпистолярный,социально-психологический,,,
"Зряхов, Николай Ильич",мужской,0,"Дева закубанская, или Любовь до могилы","Роман, сочиненный жителем Кавказа",1,Отд. изд.,Москва,1836,"авантюрный, любовный",аристократия Кавказа,3 лицо,,авантюрный,приключенческий,NOUN ADJF CONJ NOUN PREP NOUN,6,0,,,,,
"Зряхов, Николай Ильич",мужской,0,"Прекрасная астраханка, или Хижина на берегу реки Оки","Роман, взятый из истинного происшествия. Российское сочинение в двух частях.",1,Отд. изд.,Москва,1836,"авантюрный, любовный",Аристократия прошлого,1 лицо,zryakhov_n_prekrasnaya_astrakhanka_ili_khizhina_na_beregu_reki_oki_1836.xml,авантюрный,приключенческий,ADJF NOUN CONJ NOUN PREP NOUN NOUN NOUN,8,0,авантюрный,любовный,сентиментальный,,
"Зряхов, Николай Ильич",мужской,0,"Михаил Новгородский, или Нарушенная клятва",российско-исторический роман в 3 частях,1,Отд. изд.,Москва,1837,исторический,"бояре, купцы",3 лицо,,исторический,исторический,NOUN ADJF CONJ PRTF NOUN,5,0,,,,,
"Зряхов, Николай Ильич",мужской,0,"Геройство и любовь, или Замок на берегах Дона",российско-исторический роман,1,Отд. изд.,Москва,1845,"исторический, приключенческий, иван грозный","бояре, казаки",3 лицо,,исторический,исторический,NOUN CONJ NOUN CONJ NOUN PREP NOUN NOUN,8,0,,,,,
"Зряхов, Николай Ильич",мужской,0,"Амалия, или Хижина среди гор",роман в 4-х частях,1,Отд. изд.,Москва,1828,,,,,,,NOUN CONJ NOUN PREP NOUN,5,0,,,,,
"Зряхов, Николай Ильич",мужской,0,"Дагестанский пленник, или Неуловимый мститель",Закавказский роман,1,Отд. изд.,Москва,1848,"приключенческий, любовный, народ, кавказский",,,,приключенческий,приключенческий,ADJF NOUN CONJ ADJF NOUN,5,0,,,,,
"Зубов, Платон Павлович",мужской,0,"Карабахский астролог, или Основание крепости Шуши в 1752 году",Исторический закавказский роман,1,Отд. изд.,Москва,1834,"исторический, ориентальный",военные,3 лицо,,исторический,исторический,ADJF NOUN CONJ NOUN NOUN NOUN PREP NUMR NOUN,9,0,,,,,
"Зубов, Платон Павлович",мужской,0,"Прекрасная грузинка, или Нашествие Аги магмет Хана на Тифлис в 1796 году",Исторический грузинский роман,1,Отд. изд.,Москва,1834,"любовный, кавказский, исторический",аристократы местные,3 лицо,,любовный,любовный,ADJF NOUN CONJ NOUN NOUN NOUN NOUN PREP NOUN PREP NUMR NOUN,12,0,,,,,
"Зубов, Платон Павлович",мужской,0,"Талисман, или Кавказ в последние годы царствования императрицы Екатерины II",исторический роман в 2-х ч,1,Отд. изд.,Санкт-Петербург,1847,"исторический, любовный","горцы, дворяне",3 лицо,,исторический,исторический,NOUN CONJ NOUN PREP ADJF NOUN NOUN NOUN NOUN NUMR,10,0,,,,,
И.Р.,na,1,Любовь победила,Роман в 2 частях,0,Русский вестник,,1898,,,1 лицо,,,,NOUN VERB,2,0,,,,,
"Иванов, Ил.",мужской,0,Медальон,Роман,1,Новости дня,Москва,1893,,,,,,,NOUN,1,0,,,,,
"Иванов, Федор Константинович",мужской,0,Скелет в замке,(Из уголовной хроники),0,Московский листок,,1883,"уголовный, исторический",криминальный мир,1 лицо,,уголовный,криминальный,NOUN PREP NOUN,3,0,,,,,
"Иванов, Федор Константинович",мужской,0,Среди погибших,Рассказ из уголовной хроники,0,Московский листок,,1889,,,3 лицо,,,,PREP ADJF,2,0,,,,,
"Иванов, Федор Константинович",мужской,0,Темное дело,Рассказ. (Из уголовной хроники),0,Московский листок,,1889,,,3 лицо,,,,ADJF NOUN,2,0,,,,,
"Иванов, Федор Константинович",мужской,0,Золотое дело,(Разсказ),0,Московский листок,,1891,,,3 лицо,,,,ADJF NOUN,2,0,,,,,
"Иванов, Федор Константинович",мужской,0,В погоню за миллионами,Из уголовной хроники,0,Московский листок,,1885,"криминальный, преступники",,,,криминальный,криминальный,PREP NOUN PREP NOUN,4,0,,,,,
"Иванов, Федор Константинович",мужской,0,Ценою жизни,Уголовный роман,0,Московский листок,,1886,криминальный,преступники,,,криминальный,криминальный,NOUN NOUN,2,0,,,,,
"Иванов, Федор Константинович",мужской,0,Убийство в Зарядье,роман из уголовной хроники,0,Московский листок,,1888,"исторический, уголовный",криминальный мир,,,исторический,исторический,NOUN PREP NOUN,3,0,,,,,
"Ивнев, Рюрик",мужской,1,Несчастный ангел,роман,1,Отд. изд.,Петроград,1917,социально-психологический,,3 лицо,,социальный,социальный,ADJF NOUN,2,0,,,,,
"Игнатьев, Семен Егорович",мужской,0,Похождение новомодной красавицы Гуланданы и храброго принца Барама,"Сочиненное Диларгетом, секретарем тифлисским, а переведено с грузинского языка московского университета информатором Семеном Игнатьевым",1,Отд. изд.,Санкт-Петербург,1773,"фантастический, авантюрный, любовный","Принцы, принцессы, короли, королевы и другие представители придворной знати",3 лицо,,фантастический,фантастический,NOUN ADJF NOUN PRTS CONJ ADJF NOUN NOUN,8,0,,,,,
"Извекова, Мария Евграфовна",женский,0,"Милена, или Редкий пример великодушия",сочинение девицы Марии Извековой,1,Отд. изд.,Санкт-Петербург,1809,соционально-психологический,дворяне провинциальные,3 лицо,,социальный,социальный,NOUN CONJ ADJF NOUN NOUN,5,0,,,,,
"Извекова, Мария Евграфовна",женский,0,Торжествующая добродетель над коварством и злобою,Сочинение девицы Марьи Извековой,1,Отд. изд.,Санкт-Петербург,1809,"социально-психологический, любовный",дворяне (Англия),3 лицо,,социальный,социальный,PRTF NOUN PREP NOUN CONJ NOUN,6,0,,,,,
"Извекова, Мария Евграфовна",женский,0,"Эмилия, или Печальные следствия безрассудной любви",Сочинение девицы Марьи Извековой,1,Отд. изд.,Санкт-Петербург,1809,любовный,дворяне (французские),3 лицо,,любовный,любовный,NOUN CONJ ADJF NOUN ADJF NOUN,6,0,,,,,
"Измайлов, Александр Алексеевич",мужской,0,Ураган,роман,1,Отд. изд.,Москва,1909,"любовный, социально-психологический, роман воспитания","творческие люди, горожане",3 лицо,,любовный,любовный,NOUN,1,0,,,,,
"Измайлов, Александр Ефимович",мужской,0,"Евгений, или Пагубные следствия дурного воспитания и сообщества",Повесть написанная А. Измайловым,1,Отд. изд.,Санкт-Петербург,1799,роман воспитания,,3 лицо,,воспитания,воспитания,NOUN CONJ ADJF NOUN ADJF NOUN CONJ NOUN,8,0,,,,,
"Икскуль фон Гильдебранд, Варвара Ивановна",женский,0,На туманном севере,роман,1,Северный вестник,Санкт-Петербург,1886,мелодрама/светский,дворяне,3 лицо,,мелодраматический,любовный,PREP ADJF NOUN,3,0,,,,,
"Ильин, Николай Дмитриевич",мужской,0,В новом краю,роман-хроника,0,Книжки Недели,,1886,исторический/приключенческий,"чиновники, разночинцы",,,исторический,исторический,PREP ADJF NOUN,3,0,,,,,
"Иноградский, Василий Александрович",мужской,0,"Низверженный Зелул, образец злобы, или Жизнь и редкие приключения восточного принца Клеоранда и принцессы Зефизы",Сочинение У... Вас... Иног...,1,Отд. изд.,Москва,1794,"аллегорический, нравоучительный, авантюрный, социально-психологический, философский, фантастический","Принцы, принцессы, короли, королевы и другие представители придворной знати Египта",3 лицо,,нравоучительный,воспитания,ADJF VERB NOUN NOUN CONJ NOUN CONJ ADJF NOUN ADJF NOUN NOUN CONJ NOUN NOUN,15,0,,,,,
"Иноземцева, Анна Андреевна",женский,0,Отчего она переменила убеждения,из путевых заметок,1,Родина,Санкт-Петербург,1889,,,,,,,CONJ NPRO VERB NOUN,4,0,,,,,
"Иогель/Йогель, Михаил Константинович",мужской,0,Между вечностью и минутой,Роман,1,Русская мысль,Москва,1880,роман воспитания/светская повесть/философский/социально-психологический,дворяне,3 лицо,iogel_m_mezhdu_vechnostyu_i_minutoj_1879.xml,воспитания,воспитания,PREP NOUN CONJ NOUN,4,0,роман воспитания,светский,философский,социально-психологический,
"Иогель/Йогель, Михаил Константинович",мужской,0,Сестры Кудеяровы,роман в 2 частях,0,Новости дня,,1886,семейный,,3 лицо,,семейный,семейный,NOUN NOUN,2,0,,,,,
"Иогель/Йогель, Михаил Константинович",мужской,0,Мрак и свет,Роман в 2-х частях,1,Отд. изд.,Москва,1900,социально-психологический (утопический?),"дворяне, разночинцы",3 лицо,,социальный,социальный,NOUN CONJ NOUN,3,0,,,,,
"Иогель/Йогель, Михаил Константинович",мужской,0,Царевна Софья,роман,1,Отд. изд.,Москва,1888,исторический,,,,исторический,исторический,NOUN NOUN,2,0,,,,,
"Иогель/Йогель, Михаил Константинович",мужской,0,В старом доме,Повесть М.К. Иогеля,1,Отд. изд.,Москва,1891,социально-психологический/философский,,,,социальный,социальный,PREP ADJF NOUN,3,0,,,,,
"Иогель/Йогель, Михаил Константинович",мужской,0,Призраки,Роман,1,Семья,Москва,1892,,,,,,,NOUN,1,0,,,,,
"Иогель/Йогель, Михаил Константинович",мужской,0,Мученики мира,Роман из жизни ваших знакомых,1,Отд. изд.,Москва,1893,"социально-психологический, философский",,,,социальный,социальный,NOUN NOUN,2,0,,,,,
"Казанцев, Николай Владимирович",мужской,0,Против течения,Исторический роман из времен Степана Разина: в 4 частях.,1,Отд. изд.,Санкт-Петербург,1881,исторический,"аристократия прошлого, казаки, крестьяне, крепостные",3 лицо,,исторический,исторический,PREP NOUN,2,0,,,,,
"Казина, Александра Никандровна",женский,0,Чья вина?,роман,1,Северный вестник,Санкт-Петербург,1887,"семейный , социально-психологический",дворяне среднего достатка,3 лицо,,семейный,семейный,ADJF NOUN,2,0,,,,,
"Казина, Александра Никандровна",женский,1,Мысли и думы,,1,Отд. изд.,Санкт-Петербург,1901,"семейный, дворяне среднего достатка, дневник",дворяне,1 лицо,,семейный,семейный,NOUN CONJ NOUN,3,0,,,,,
"Калашников, Иван Тимофеевич",мужской,0,Дочь купца Жолобова,"Роман, извлеченный из иркутских преданий",1,Северная пчела,Санкт-Петербург,1831,"авантюрный, социально-психологический",купцы,3 лицо,,авантюрный,приключенческий,NOUN NOUN NOUN,3,0,,,,,
"Калашников, Иван Тимофеевич",мужской,0,Камчадалка,Сочинение И. Калашникова,1,Северная пчела; Отд. изд.,Санкт-Петербург,1833,социально-психологический,"чиновники, купцы",3 лицо,kalashnikov_i_kamchadalka_1833.xml,социальный,социальный,NOUN,1,0,этнографический,приключенческий,экзотический,бытовой,
"Калашников, Иван Тимофеевич",мужской,0,Автомат,Сочинение И. Калашникова,1,Отд. изд.,Санкт-Петербург,1841,социально-психологический,чиновник,3 лицо,,социальный,социальный,NOUN,1,0,,,,,
Каллиников Иосиф Федорович,мужской,0,Мощи,роман,1,1-2 Отд. изд.,М.-Л.,1925,автобиографический/социально-психологический,духовенство,3 лицо,,автобиографический,биографический,NOUN,1,0,,,,,
"Каменская, Мария Федоровна",женский,0,Бабушкин внук,Роман в 3-х частях М. Ф. Каменской,0,Нива,,1894,,,3 лицо,,,,NOUN NOUN,2,0,,,,,
"Каменская, Мария Федоровна",женский,0,Пятьдесят лет назад,Роман,0,Отечественные записки,,1860,социальный,дворяне,3 лицо,,социальный,социальный,NUMR NOUN ADVB,3,0,,,,,
"Каменский, Анатолий Павлович",мужской,0,Люди,роман,1,Образование,Санкт-Петербург,1908,"социально-психологический, любовный","научное сообщество, дворяне,",3 лицо,kamenskij_a_lyudi_1908.xml,социальный,социальный,NOUN,1,0,социально-психологический,любовный,бытовой,,
"Каменский, Василий Васильевич",мужской,0,Стенька Разин,роман,1,Отд. изд.,Москва,1915,исторический/социально-психологический/футуристический,,3 лицо,,исторический,исторический,NOUN NOUN,2,0,,,,,
"Каменский, Василий Васильевич",мужской,0,Землянка,роман,1,Отд. изд.,Санкт-Петербург,1910,антиурбанистический/идиллический,,,,,,NOUN,1,0,,,,,
"Каменский, Павел Павлович",мужской,0,Сплавщики по Куре,отрывок из романа,0,Телескоп,,1836,,,3 лицо,,,,NOUN PREP NOUN,3,0,,,,,
"Каменский, Павел Павлович",мужской,0,Искатель сильных ощущений,сочинение,1,Отд. изд.,Санкт-Петербург,1839,автобиографический,"дворяне, военные",3 лицо,,автобиографический,биографический,NOUN ADJF NOUN,3,0,,,,,
"Кандауров, Василий Алексеевич",мужской,0,Поменьше опеки,Роман Кандаурова,1,Отд. изд.,Екатеринослав,1867,,дворяне,3 лицо,kandaurov_v_pomenshe_opeki_1867.xml,,,COMP NOUN,2,0,социально-психологический,идеологический,,,
"Карабчевский, Николай Платонович",мужской,0,Господин Арсков,Повесть,0,Вестник Европы,,1893,"социально-психологический, философский",разночинцы,3 лицо,,социальный,социальный,NOUN NOUN,2,0,,,,,
"Каразин, Николай Николаевич",мужской,0,На далеких окраинах,Роман,0,Дело,,1872,ориенталистский,офицеры,3 лицо,karazin_n_na_dalekikh_okrainakh_1872.xml,ориенталистский,ориенталистский,PREP ADJF NOUN,3,0,этнографический,приключенческий,ориенталистский,,
"Каразин, Николай Николаевич",мужской,0,Погоня за наживой,Роман,0,Дело,,1873,исторический,дворяне,3 лицо,,исторический,исторический,NOUN PREP NOUN,3,0,,,,,
"Каразин, Николай Николаевич",мужской,0,Двуногий волк,Роман,1,Нива,Санкт-Петербург,1874,,народности и этнические группы,3 лицо,karazin_n_dvunogij_volk_1874.xml,,,ADJF NOUN,2,0,приключенческий,этнографический,авантюрный,экзотический,
"Каразин, Николай Николаевич",мужской,0,С севера на юг,Роман,1,Дело,Санкт-Петербург,1874,,крестьяне,3 лицо,,,,PREP NOUN PREP NOUN,4,0,,,,,
"Каразин, Николай Николаевич",мужской,0,Тигрица,Быль,1,Отд. изд.,Санкт-Петербург,1876,,"дворяне, народности и этнические группы",1 лицо,karazin_n_tigriza_1876.xml,,,NOUN,1,0,приключенческий,экзотический,авантюрный,,
"Каразин, Николай Николаевич",мужской,0,В пороховом дыму,Роман,1,Дело,Санкт-Петербург,1877,,народности и этнические группы,3 лицо,,,,PREP ADJF NOUN,3,0,,,,,
"Каразин, Николай Николаевич",мужской,0,Варвара Лепко и ее семья,Недавняя быль,1,Отд. изд.,Санкт-Петербург,1879,,,3 лицо,,,,NOUN ADVB CONJ NPRO NOUN,5,0,,,,,
"Каразин, Николай Николаевич",мужской,0,Наль,роман в 3-х частях,1,Нива,Санкт-Петербург,1891,,народности (туркмены),3 лицо,,,,NOUN,1,0,,,,,
"Караскевич-Ющенко, Стефания Стефановна",женский,0,Неготовыми дорогами,Роман в четырех частях,0,Ежемесячн лит приложение к Живописному обозрению,,1899,в романе будет затрагиваться женский вопрос,,3 лицо,,женский,женский,ADJF NOUN,2,0,,,,,
"Каратыгин, Петр Петрович",мужской,0,Отсталый и передовой,Роман,0,Всемирный труд,,1867,соц-психологический,рабочие,3 лицо,,социальный,социальный,ADJF CONJ ADJF,3,0,,,,,
"Каратыгин, Петр Петрович",мужской,0,Мечтатель,Роман Петра Черногорова,0,Шехерезада,,1858,,,3 лицо,,,,NOUN,1,0,,,,,
"Каратыгин, Петр Петрович",мужской,0,Грязь и золото,Роман,0,Современник,,1861,,дворяне,3 лицо,,,,NOUN CONJ NOUN,3,0,,,,,
"Каратыгин, Петр Петрович",мужской,0,Чернокнижники,Роман из времен царствования Павла I,1,Отд. изд.,Санкт-Петербург,1885,исторический,эпоха Павла I,,,исторический,исторический,NOUN,1,0,,,,,
"Каратыгин, Петр Петрович",мужской,0,Заколдованное зеркало,роман,1,Отд. изд.,Санкт-Петербург,1886,исторический,эпоха Александра I,,,исторический,исторический,ADJF NOUN,2,0,,,,,
"Каратыгин, Петр Петрович",мужской,0,Дела давно минувших дней,роман,1,Отд. изд.,Санкт-Петербург,1888,исторический,легендарные исторические фигуры,,,исторический,исторический,NOUN ADVB ADJF NOUN,4,0,,,,,
"Каренин, Владимир",женский,1,Муся,роман в 2-х частях,0,Вестник Европы,,1888,любовный,дворяне,3 лицо,,любовный,любовный,NOUN,1,0,,,,,
"Карнович, Евгений Петрович",мужской,0,Любовь и корона,Исторический роман из времен императрицы Анны Иоановны и регентства принцессы Анны Леопольдовны,1,Отд. изд.,Санкт-Петербург,1879,исторический,легендарные исторические фигуры,3 лицо,karnovich_e_lyubov_i_koronay_1879.xml,исторический,исторический,NOUN CONJ NOUN,3,0,исторический,любовный,авантюрный,,
"Карнович, Евгений Петрович",мужской,0,На высоте и на доле,Из сказаний XVII столетия,0,Отечественные записки,,1879,исторический,легендарные исторические фигуры,3 лицо,karnovich_e_na_vysote_i_na_dole_1879.xml,исторический,исторический,PREP NOUN CONJ PREP ADVB,5,0,исторический,,,,
"Карнович, Евгений Петрович",мужской,0,Пагуба,Исторический роман [в изд 1887],0,Русский мир,,1884,исторический роман,военные,3 лицо,karnovich_e_paguba_1884.xml,исторический,исторический,NOUN,1,0,исторический,авантюрный,нравоописательный,,
"Карнович, Евгений Петрович",мужской,0,Придворное кружево,Исторический роман,1,Отд. изд.,Санкт-Петербург; Москва,1885,"исторический, 1720-е",,3 лицо,karnovich_e_pridvornoe_kruzhevo_1885.xml,исторический,исторический,ADJF NOUN,2,0,исторический,авантюрный,политический,бытовой,
"Карнович, Евгений Петрович",мужской,0,Смелая жизнь,роман,0,Новь,,1886,"социально-психологический, бояре",,,,социальный,социальный,ADJF NOUN,2,0,,,,,
"Карпенко, Степан Данилович",мужской,0,"Могила двух, или Чувствительное сердце только раз любит",исторический роман в 3 частях,1,Отд. изд.,Москва,1837,исторический роман,,,,исторический,исторический,NOUN NUMR CONJ ADJF NOUN PRCL NOUN VERB,8,0,,,,,
"Карпов, Пимен Иванович",мужской,0,Пламень,Из жизни и веры хлеборобов,1,Отд. изд.,Санкт-Петербург,1913,социально-психологический,"крестьяне, дворяне",3 лицо,karpov_p_plamen_1913.xml,социальный,социальный,NOUN,1,0,социально-психологический,религиозный,крестьянский,,
"Кафтырев, Семен Никанорович",мужской,0,"Похищенный клад, или Потерянное счастье",Бытовой русский роман в 3-х частях,1,Отд. изд.,Москва,1891,соц.-психологический,купцы,,,социальный,социальный,PRTF NOUN CONJ ADJF NOUN,5,0,,,,,
"Кашкаров, Иван Дмитриевич",мужской,0,Честные люди,"Роман в четырех частях. Продолжение романа ""Русские демократы""",1,Отд. изд.,Санкт-Петербург,1871,соц.-психологичесий,"дворяне, крестьяне",3 лицо,kashkarov_i_chestnye_lyudi_1871.xml,социальный,социальный,ADJF NOUN,2,0,социально-психологический,идеологический,нравоучительный,,
"Кашкаров, Иван Дмитриевич",мужской,0,Обновленная жизнь: Посвящается русскому дворянству,Роман в 4 частях,1,Отд. изд.,Санкт-Петербург,1887,соц.-психологический,"дворяне, крестьяне",3 лицо,,социальный,социальный,PRTF NOUN VERB ADJF NOUN,5,0,,,,,
"Кашкаров, Иван Дмитриевич",мужской,0,А. Большаков,(Роман в 2 частях),1,Отд. изд.,Санкт-Петербург,1868,социально-психологический,дворяне,,,социальный,социальный,CONJ NOUN,2,0,,,,,
"Кашкаров, Иван Дмитриевич",мужской,0,Хищники,Роман в двух частях,1,Отд. изд.,Санкт-Петербург,1875,соц.-психологический,"дворяне, крестьяне",,,социальный,социальный,NOUN,1,0,,,,,
"Кашкаров, Иван Дмитриевич",мужской,0,Без вести пропавший,Роман: В 2 ч.,1,Отд. изд.,Санкт-Петербург,1888,соц.-психологический,"дворяне, крестьяне",,,социальный,социальный,PREP INFN PRTF,3,0,,,,,
"Кашкаров, Иван Дмитриевич",мужской,0,Дворянин Сумский,Роман,1,Отд. изд.,Санкт-Петербург,1888,соц.-психологический,"дворяне, крестьяне",,,социальный,социальный,NOUN ADJF,2,0,,,,,
"Кашкаров, Иван Дмитриевич",мужской,0,Трудники русской земли,Роман,0,Мирный труд,,1906,роман-хроника,,,,хроника,исторический,NOUN ADJF NOUN,3,0,,,,,
"Квитка-Основьяненко, Григорий Федорович",мужской,0,"Жизнь и похождения Петра Степанова сына Столбикова, помещика в трех наместничествах",Рукопись XVIII века,1,Отд. изд.,Санкт-Петербург,1841,просветительский роман,"дворяне, помещики",1 лицо,,просветительский,воспитания,NOUN CONJ NOUN NOUN NOUN NOUN ADJS NOUN PREP NUMR NOUN,11,0,,,,,
"Квитка-Основьяненко, Григорий Федорович",мужской,0,Пан Халявский,Роман,0,Отечественные записки,,1839,соц.-психологический,панство,1 лицо,kvitka-osnovyanenko_g_pan_khalyavskij_1839.xml,социальный,социальный,NOUN ADJF,2,0,социально-психологический,сатирический,бытовой,,
"Кельсиев, Василий Иванович",мужской,0,Москва и Тверь,Историческая повесть,0,Нива,,1870,исторический,"дворяне, революционеры",3 лицо,kelsiev_v_moskva_i_tver_1870.xml,исторический,исторический,NOUN CONJ NOUN,3,0,исторический,политический,авантюрный,бытовой,
"Кельсиев, Василий Иванович",мужской,0,На все руки мастер,Историческая повесть,0,Семейные вечера,,1871,исторический,революционеры,3 лицо,,исторический,исторический,PREP ADJF NOUN NOUN,4,0,,,,,
"Кельсиев, Василий Иванович",мужской,0,При Петре,Историческая повесть времен преобразования Руси,0,Нива,,1871,"исторический роман, революционеры","аристократия прошлого, легендарные исторические фигуры",3 лицо,kelsiev_v_pri_petre_1871.xml,исторический,исторический,PREP NOUN,2,0,исторический,политический,авантюрный,идеологический,
"Кислов, Александр Степанович",мужской,0,"Падение Шуйских, или Времена бедствий России",Исторический роман XVII в.,1,Отд. изд.,Санкт-Петербург,1836,исторический,Аристократия прошлого,3 лицо,,исторический,исторический,NOUN ADJF CONJ NOUN NOUN NOUN,6,0,,,,,
"Киснемский, Семен Петрович",мужской,0,Темный рыцарь,Роман в 2 частях,1,Отд. изд.,Санкт-Петербург,1902,"авантюрный, юмористический",,,,авантюрный,приключенческий,ADJF NOUN,2,0,,,,,
"Киснемский, Семен Петрович",мужской,0,Предсказание ворожеи,Роман,1,Отд. изд.,Санкт-Петербург,1905,исторический роман; допетровская русь,,,,исторический,исторический,NOUN NOUN,2,0,,,,,
"Классен, Егор Иванович",мужской,0,Провинциальная жизнь,Описательный роман XIX века,1,Отд. изд.,Москва,1843,описательный роман,"дворяне, военные, чиновники",3 лицо,,описательный,описательный,ADJF NOUN,2,0,,,,,
Клычков Сергей Антонович,мужской,0,Сахарный немец,Роман,1,Отд. изд.,Москва,1925,сатирический роман,солдаты,1 лицо,,сатирический,юмористический,ADJF NOUN,2,0,,,,,
Клычков Сергей Антонович,мужской,0,Чертухинский балакирь,Роман,1,Отд. изд.,М.; Л.,1926,фантастический,крестьяне,3 лицо,,фантастический,фантастический,ADJF NOUN,2,0,,,,,
Клычков Сергей Антонович,мужской,0,Князь мира,Роман,1,Отд. изд.,М.,1928,автобиографический,крестьяне,3 лицо,,автобиографический,биографический,NOUN NOUN,2,0,,,,,
"Клюшников, Виктор Петрович",мужской,0,Марево,Роман в 4 частях,0,Русский вестник,,1864,роман о нигилистах,"Чиновники, нигилисты",3 лицо,klyushnikov_v_marevo_1864.xml,антинигилистический,социальный,ADJS,1,0,идеологический,социально-психологический,антинигилистический,,
"Клюшников, Виктор Петрович",мужской,0,Другая жизнь,Роман,0,Детское чтение,,1865,роман для детей,дворяне,1 лицо,,детский,детский,ADJF NOUN,2,0,,,,,
"Клюшников, Виктор Петрович",мужской,0,Большие корабли,Роман в трех частях,0,Литературная библиотека,,1867,"любовный роман,",,3 лицо,,любовный,любовный,ADJF NOUN,2,0,,,,,
"Клюшников, Виктор Петрович",мужской,0,Цыгане,Роман в трех частях,0,Заря,,1869,любовный,,3 лицо,,любовный,любовный,NOUN,1,0,,,,,
"Клюшников, Виктор Петрович; Петров, Петр Николаевич",мужской,0,Семья вольнодумцев,Роман Екатерининского времени,0,Нива,,1872,роман о нигилистах,нигилисты,3 лицо,klyushnikov_v_semya_volnodumzev_1872.xml,антинигилистический,социальный,NOUN NOUN,2,0,антинигилистический,идеологический,семейный,,
"Кобякова, Александра Петровна",женский,0,Последняя казнь,Роман,0,Современник,,1858,любовный,купцы,1 лицо,kobyakova_a_poslednyaya_kazn_1858.xml,любовный,любовный,ADJF NOUN,2,0,любовный,социально-психологический,,,
"Кобякова, Александра Петровна",женский,0,Семейство Подошвиных,Роман,0,Русское слово,,1860,семейный роман,купцы,3 лицо,,семейный,семейный,NOUN NOUN,2,0,,,,,
"Кобякова, Александра Петровна",женский,0,Неожиданное богатство,,0,Русское слово,,1861,социально-психологический,купцы,3 лицо,,социальный,социальный,ADJF NOUN,2,0,,,,,
"Кобякова, Александра Петровна",женский,0,Женщина в купеческом быту,Роман,0,Русское слово,,1863,социально-психологический,Купцы,,,социальный,социальный,NOUN PREP ADJF NOUN,4,0,,,,,
"Ковалевский, Егор Петрович",мужской,0,Век прожить не поле перейти,Роман,0,Отечественные записки,,1857,,дворяне,3 лицо,,,,ADVB INFN PRCL NOUN INFN,5,0,,,,,
"Ковалевский, Егор Петрович",мужской,0,Петербург днем и ночью,,0,Библиотека для чтения,,1845,социально-авантюрный роман-фельетон,,3 лицо,kovalevskij_e_peterburg_dnem_i_nochyu_1845.xml,социальный,социальный,NOUN ADVB CONJ ADVB,4,0,авантюрный,бытовой,,,
"Ковалевский, Павел Михайлович",мужской,0,Итоги жизни,Повесть,0,Вестник Европы,,1883,социальный роман,вольнодумцы,3 лицо,kovalevskij_p_itogi_zhizni_1883.xml,социальный,социальный,NOUN NOUN,2,0,социально-психологический,философский,,,
"Ковальская, Ольга Нестеровна; Ковальский, Казимир Адольфович",женский и мужской,0,К новым берегам,роман,0,Современный мир,,1914,социальный роман,аристократия,,,социальный,социальный,PREP ADJF NOUN,3,0,,,,,
"Ковальская, Ольга Нестеровна; Ковальский, Казимир Адольфович",женский и мужской,0,Двуликий бог,роман,0,Современный мир,,1915,театр,"театральные работники, актеры",,,,,ADJF NOUN,2,0,,,,,
"Ковнер, Аркадий Григорьевич",мужской,0,Вне колеи,Роман в четырех книгах,0,Библиотека дешевая общедоступная,,1872,социальный роман,разночинцы,3 лицо,,социальный,социальный,PREP NOUN,2,0,,,,,
"Ковнер, Аркадий Григорьевич",мужской,0,Около золотого тельца,повесть,0,Новости,,1880,социально-психологический,дворяне,3 лицо,,социальный,социальный,PREP NOUN NOUN,3,0,,,,,
Коллонтай Александра Михайловна,женский,0,Василиса Малыгина,повесть,1,Отд. изд.,М.-Л.,1927,беллетристика,революционеры,3 лицо,,,,NOUN NOUN,2,0,,,,,
"Колышко, Иосиф Иосифович",мужской,0,Волки и овцы,Роман в трех частях,1,Отд. изд.,Санкт-Петербург,1901,социально-психологический,"рабочие (свободные), разночинцы",3 лицо,,социальный,социальный,NOUN CONJ NOUN,3,0,,,,,
"Комаров, Матвей",мужской,0,Повесть о приключении английского милорда Георга и бранденбургской маркграфини Фредерики Луизы,изданная М.К.,1,Отд. изд.,Санкт-Петербург,1782,"авантюрный, любовный",,1 лицо,komarov_m_povest_o_priklyuchenii_aglinskogo_milorda_georga_i_o_brandeburgskoj_markgrafine_friderike-luize_1782.xml,авантюрный,приключенческий,NOUN PREP NOUN ADJF NOUN NOUN CONJ ADJF NOUN NOUN NOUN,11,0,авантюрный,любовный,приключенческий,,
"Кондратьев, Александр Алексеевич",мужской,0,Сатиресса,Роман,1,Отд. изд.,Москва,1907,"мифологический, люди и мифические существа",люди и мифические существа,3 лицо,kondratev_a_satiressa_1907.xml,мифологический,фантастический,NOUN,1,0,фантастический,символистский,,,
Кондратьев Александр Алексеевич,мужской,0,На берегах Ярыни,Роман,1,Отд. изд.,Берлин,1930,"демонологический, мистический",нечистая сила,3 лицо,,демонологический,фантастический,PREP NOUN NOUN,3,0,,,,,
"Кондратьев, Иван Кузьмич",мужской,0,Гунны: Эпоха великого переселения народов,Исторический роман из жизни славян IV-го и V-го столетий,1,Отд. изд.,Москва,1878,авантюрный; исторический,народности и этнические группы,3 лицо,,авантюрный,приключенческий,NOUN NOUN NOUN NOUN NOUN,5,0,,,,,
"Кондратьев, Иван Кузьмич",мужской,0,Иерихонская роза,Исторический роман из быта русских тайных сектантов,0,Свет и тени,,1882,"приключенческий, ист., религ.",,3 лицо,,приключенческий,приключенческий,ADJF NOUN,2,0,,,,,
"Кондратьев, Иван Кузьмич",мужской,0,Самозванная княжна,Исторический роман из быта русских тайных сектантов,1,Свет и тени,Москва,1883,"приключенческий, ист., религ.",сектанты,3 лицо,,приключенческий,приключенческий,ADJF NOUN,2,0,,,,,
"Кондратьев, Иван Кузьмич",мужской,0,Церковная крамольница,Исторический роман в 3 ч. из эпохи старообрядческих смут,1,Отд. изд.,Москва,1887,исторический,старообрядцы,3 лицо,,исторический,исторический,ADJF NOUN,2,0,,,,,
"Кондратьев, Иван Кузьмич",мужской,0,Салтычиха,"повесть в 3 ч., с эпилогом, из уголовных хроник XVIII в.",1,Развлечение,Москва,1888,"исторический, соц.-психологический","дворяне, крестьяне",3 лицо,kondratev_i_saltychikha_1888.xml,исторический,исторический,NOUN,1,0,исторический,социально-психологический,бытовой,уголовный,
"Кондратьев, Иван Кузьмич",мужской,0,Бич Божий,Исторический роман из жизни славян IV-го и V-го столетий,1,Отд. изд.,Москва,1896,"приключенческий, ист.",гунны,3 лицо,kalashnikov_i_bich_bozhij_1896.xml,приключенческий,приключенческий,NOUN ADJF,2,0,исторический,приключенческий,авантюрный,,
"Кондратьев, Иван Кузьмич",мужской,0,Раскольничьи гнезда,Исторический роман-хроника,1,Отд. изд.,Москва,1896,"приключенческий, ист., детективный,","военные, раскольники, аристократия прошлого",3 лицо,,приключенческий,приключенческий,ADJF NOUN,2,0,,,,,
"Кондратьев, Иван Кузьмич",мужской,0,Трифон-Сокольник,Историческая быль XVI столетия в двух частях с эпилогом,1,Отд. изд.,Москва,1898,исторический,,,,исторический,исторический,NOUN,1,0,,,,,
"Кондратьев, Иван Кузьмич",мужской,0,Лютая година,Историческая повесть в двух частях с прологом и эпилогом,1,Отд. изд.,Москва,1899,исторический,,,,исторический,исторический,ADJF NOUN,2,0,,,,,
"Коншин, Николай Михайлович",мужской,0,"Граф Обоянский, или Смоленск в 1812 г. Рассказ инвалида",рассказ инвалида,1,Отд. изд.,Санкт-Петербург,1834,"исторический, светский",дворяне,3 лицо,konshin_n_graf_oboyanskij_ili_smolensk_v__godu_1834.xml,исторический,исторический,NOUN ADJF CONJ NOUN PREP NUMR NOUN NOUN NOUN,9,0,исторический,военный,,,
"Корнилович, Александр Осипович",мужской,0,Андрей Безыменный,старинная повесть,1,Отд. изд.,Санкт-Петербург,1832,исторический,аристократия прошлого,3 лицо,kornilovich_a_andrej_bezymennyj_1832.xml,исторический,исторический,NOUN ADJF,2,0,исторический,авантюрный,,,
"Корсини, Мария Антоновна",женский,0,Институтка,Повесть,1,"Мысли и повести, посвященные юношеству",Санкт-Петербург,1846,автобиографический роман,институтка,1 лицо,,автобиографический,биографический,NOUN,1,0,,,,,
"Корсини, Мария Антоновна",женский,0,Семья ассессорши,,1,Отд. изд.,Санкт-Петербург,1848,семейный,"разночинцы, чиновники",3 лицо,,семейный,семейный,NOUN NOUN,2,0,,,,,
"Корсини, Мария Антоновна",женский,0,Любовь светских людей,,1,Отд. изд.,Санкт-Петербург,1848,сатирический;,,,,сатирический,юмористический,NOUN ADJF NOUN,3,0,,,,,
"Корф, Федор Федорович",мужской,0,Перерождение,Сочинение барона Фёдора Корфа,1,Отд. изд.,Санкт-Петербург,1840,"морально-психологический; исповедь, изменение веры.",купцы,1 лицо,,психологический,психологический,NOUN,1,0,,,,,
"Корф, Федор Федорович",мужской,0,Суд в Ревельском магистрате,роман из истории Эстляндии XVI века,1,Отд. изд.,Санкт-Петербург,1841,исторический,"рыцари, купечество",3 лицо,,исторический,исторический,NOUN PREP ADJF NOUN,4,0,,,,,
"Корф, Федор Федорович",мужской,0,Как люди богатеют,повесть в 2 частях,0,Современник,,1847,социально-бытовой,,3 лицо,,социальный,социальный,CONJ NOUN VERB,3,0,,,,,
"Костомаров, Николай Иванович",мужской,0,Кудеяр,Историческая хроника в трех книгах,1,Вестник Европы,Санкт-Петербург,1875,исторический,аристократия прошлого,3 лицо,kostomarov_n_kudeyar_1875.xml,исторический,исторический,NOUN,1,0,исторический,этнографический,фольклорный,,
Кот Мурлыка,мужской,1,К свету,Из семейной хроники 60-х годов,1,Русская мысль,Москва,1883,"соц.-психологический, мистический",дворяне,3 лицо,vagner_n_k_svetu_1883.xml,социальный,социальный,PREP NOUN,2,0,философский,социально-психологический,мистический,фантастический,
Кот Мурлыка,мужской,1,Тёмный путь,Роман-хроника: в 4 частях,1,Ребус,Санкт-Петербург,1883,антинигилистический,"дворяне, разночинцы",1 лицо,vagner_n_temnyj_put_1883.xml,антинигилистический,социальный,ADJF NOUN,2,0,антинигилистический,мистический,философский,,
"Коялович, Михаил Михайлович",мужской,0,Неоконсерваторы,na,0,Правда,,1888,исторический,,,,исторический,исторический,NOUN,1,0,,,,,
"Крандиевская, Анастасия Романовна",женский,0,Тайна радости,na,0,Новая жизнь; Русская мысль,,1913,"любовный роман, соц. психологический",,,,любовный,любовный,NOUN NOUN,2,0,,,,,
"Красницкий, Александр Иванович",мужской,0,В тумане тысячелетия,Исторический роман из эпохи образования русского государства,1,"Ежемесячное приложение к ""Родине""",Санкт-Петербург,1895,исторический роман,,3 лицо,krasnizkij_a_v_tumane_tysyacheletiya_1895.xml,исторический,исторический,PREP NOUN NOUN,3,0,исторический,,,,
"Красницкий, Александр Иванович",мужской,0,Матсмайские пленники,Исторический роман,1,Отд. изд.,Москва,1896,исторический роман,,3 лицо,,исторический,исторический,ADJF NOUN,2,0,,,,,
"Красницкий, Александр Иванович",мужской,0,Гроза Византии,,1,Отд. изд.,Санкт-Петербург,1898,исторический роман,,3 лицо,krasnizkij_a_groza_vizantii_1898.xml,исторический,исторический,NOUN NOUN,2,0,исторический,военный,авантюрный,политический,
"Красницкий, Александр Иванович",мужской,0,Оберегатель,исторический роман,1,Отд. изд.,Санкт-Петербург,1911,"исторический, авантюрный","крестьяне, аристократия прошлого",3 лицо,krasnizkij_a_oberegatel_1911.xml,исторический,исторический,NOUN,1,0,исторический,авантюрный,политический,,
"Красницкий, Александр Иванович",мужской,0,Царица-полячка,Роман,1,Отд. изд.,Санкт-Петербург,1911,"исторический, авантюрный",аристократия прошлого,3 лицо,krasnizkij_a_zariza-polyachka_1911.xml,исторический,исторический,NOUN,1,0,исторический,авантюрный,политический,,
"Красницкий, Александр Иванович",мужской,0,Петербургские бандиты,Роман А. Лаврова,0,Родина,,1894,,,3 лицо,,,,ADJF NOUN,2,0,,,,,
"Красницкий, Александр Иванович",мужской,0,Под волнами Иматры,Роман,1,Отд. изд.,Санкт-Петербург,1902,детективный,рабочие,3 лицо,krasnizkij_a_pod_volnami_imatry_1902.xml,детективный,криминальный,PREP NOUN NOUN,3,0,детективный,авантюрный,приключенческий,,
"Красницкий, Александр Иванович",мужской,0,Столичные тайны,na,1,Отд. изд.,Санкт-Петербург,1896,уголовный роман,,,,уголовный,криминальный,ADJF NOUN,2,0,,,,,
"Красницкий, Александр Иванович",мужской,0,Роковые миллионы,Роман,1,Отд. изд.,Санкт-Петербург,1897,детективный роман,,,,детективный,криминальный,ADJF NOUN,2,0,,,,,
"Красницкий, Александр Иванович",мужской,0,Дочь Рагуила,роман,0,Всеобщая библиотека. Бесплатн. прилож. к журн. «Всемирная новь»,,1913,"исторический, детективный",купцы,3 лицо,krasnizkij_a_doch_raguila_1913.xml,исторический,исторический,NOUN NOUN,2,0,исторический,детективный,авантюрный,,
"Красницкий, Александр Иванович",мужской,0,По исполнительному листу,повесть,1,Отд. изд.,Санкт-Петербург,1900,детективный роман,,,,детективный,криминальный,PREP ADJF NOUN,3,0,,,,,
"Красницкий, Александр Иванович",мужской,0,Манчжурское золото,Роман,1,Отд. изд.,Санкт-Петербург,1903,,,,,,,ADJF NOUN,2,0,,,,,
"Красницкий, Александр Иванович",мужской,0,Змея в кольце,роман,1,Отд. изд.,Санкт-Петербург,1904,,,,,,,NOUN PREP NOUN,3,0,,,,,
"Красницкий, Александр Иванович",мужской,0,Царица хунхузов,роман,1,Отд. изд.,Санкт-Петербург,1905,русский уголовный роман в 3 ч.,,,,уголовный,криминальный,NOUN NOUN,2,0,,,,,
"Красницкий, Александр Иванович",мужской,0,Чудо-богатыри,исторический роман-хроника : в трех частях с прологом,1,Отд. изд.,Санкт-Петербург,1900,исторический роман,,,,исторический,исторический,NOUN,1,0,,,,,
"Краснов, Петр Николаевич",мужской,0,Атаман Платов,Новый исторический роман в двух частях из времен отечественной войны. П. Н. Краснова,0,Домашняя библиотека,,1896,"историческая повесть, военная повесть, война 1812","дворяне, военные",3 лицо,,исторический,исторический,NOUN NOUN,2,0,,,,,
"Краснов, Петр Николаевич",мужской,0,В житейском море,Роман,1,Отд. изд.,Петроград,1915,исторический,военные,3 лицо,,исторический,исторический,PREP ADJF NOUN,3,0,,,,,
"Краснов, Петр Николаевич",мужской,0,Погром,Роман из Русско-японской войны,1,Отд. изд.,Петроград,1915,"исторический, военные","военные, Русско-японская война",3 лицо,,исторический,исторический,NOUN,1,0,,,,,
Краснов Петр Николаевич,мужской,0,От двуглавого орла к красному знамени,Автобиографический роман,1,Отд. изд.,Б.,1921,автобиографический роман,военные,3 лицо,,автобиографический,биографический,PREP ADJF NOUN PREP ADJF NOUN,6,0,,,,,
Краснов Петр Николаевич,мужской,0,Амозонка пустыни,Роман,1,Отд. изд.,Б.,1922,авантюрный,военные,3 лицо,,авантюрный,приключенческий,NOUN NOUN,2,0,,,,,
Краснов Петр Николаевич,мужской,0,За чертополохом,Историко-фантастич. Роман,1,Отд. изд.,Б.,1922,исторический роман,большевики,3 лицо,,исторический,исторический,PREP NOUN,2,0,,,,,
Краснов Петр Николаевич,мужской,0,Опавшие листья,Роман,1,Отд. изд.,Мюнхен,1923,исторический,дворяне,3 лицо,,исторический,исторический,PRTF NOUN,2,0,,,,,
Краснов Петр Николаевич,мужской,0,Единая-неделимая,Роман,1,Отд. изд.,Б.,1925,исторический,крестьяне,3 лицо,,исторический,исторический,ADJF,1,0,,,,,
Краснов Петр Николаевич,мужской,0,С нами Бог,исторический Роман,1,Отд. изд.,Б.,1927,исторический,,,,исторический,исторический,PREP NPRO NOUN,3,0,,,,,
Краснов Петр Николаевич,мужской,0,Белая свитка,Роман,1,Отд. изд.,Б.,1928,реалистический,,3 лицо,,реалистический,социальный,ADJF NOUN,2,0,,,,,
Краснов Петр Николаевич,мужской,0,Понять-простить,Роман,1,Отд. изд.,Лондон,1928,исторический,"военные, рабочие, революционеры",3 лицо,,исторический,исторический,INFN,1,0,,,,,
Краснов Петр Николаевич,мужской,0,Подвиг,Роман,1,Отд. изд.,Париж,1930,"социально-психологический,исторический",эмигранты,3 лицо,,социальный,социальный,NOUN,1,0,,,,,
Краснов Петр Николаевич,мужской,0,Largo,Роман,1,Отд. изд.,Париж,1930,"исторический, любовный","военные, моряки",3 лицо,,исторический,исторический,,1,0,,,,,
Краснов Петр Николаевич,мужской,0,Екатерина Великая,Роман,1,Отд. изд.,Париж,1930,,,3 лицо,,,,NOUN ADJF,2,0,,,,,
Краснов Петр Николаевич,мужской,0,Выпашь,роман,1,Отд. изд.,Париж,1931,исторический,"военные, моряки",3 лицо,,исторический,исторический,NOUN,1,0,,,,,
Краснов Петр Николаевич,мужской,0,Цесаревна,роман,1,Отд. изд.,Париж,1933,исторический,легендарные исторические фигуры,3 лицо,,исторический,исторический,NOUN,1,0,,,,,
Краснов Петр Николаевич,мужской,0,Ненависть,роман,1,Отд. изд.,Париж,1934,исторический,"военные, моряки",3 лицо,,исторический,исторический,NOUN,1,0,,,,,
Краснов Петр Николаевич,мужской,0,Долой! На льготе,Роман,1,Отд. изд.,Париж,1936,,,3 лицо,,,,ADVB PREP NOUN,3,0,,,,,
Краснов Петр Николаевич,мужской,0,Цареубийцы. 1 марта 1881 г.,Роман,1,Отд. изд.,Париж,1938,,,3 лицо,,,,NOUN NUMR NOUN NUMR NOUN,5,0,,,,,
Краснов Петр Николаевич,мужской,0,Ложь,?,1,Отд. изд.,Париж,1939,,,3 лицо,,,,NOUN,1,0,,,,,
"Крачковский, Дмитрий Николаевич",мужской,0,Святые грехи,Роман в 4 ч,1,Отд. изд.,Санкт-Петербург,1915,,,,,,,ADJF NOUN,2,0,,,,,
"Крашенинников, Николай Александрович",мужской,0,Барышни: Простая история жизни,Роман в четырёх частях,1,Отд. изд.,Москва,1911,"бытовой, семейная хроника","крупная буржуазия, дворяне",3 лицо,,бытоописательный,описательный,NOUN ADJF NOUN NOUN,4,0,,,,,
"Крашенинников, Николай Александрович",мужской,0,Амеля,Роман,1,Земля (сборник),Москва,1915,"роман воспитания, социально-психологический","народности и этнические группы, башкиры",1 лицо,,воспитания,воспитания,NOUN,1,0,,,,,
"Крашенинников, Николай Александрович",мужской,0,Дети,Роман: в 2 ч.,1,Отд. изд.,Москва,1908,"соц. психологичский, исторический / разные поколения людей",,,,социальный,социальный,NOUN,1,0,,,,,
Крашенинников Николай Александрович,мужской,0,Целомудрие,Роман,1,Отд. изд.,Москва,1925,автобиографический,дети,3 лицо,,автобиографический,биографический,NOUN,1,0,,,,,
Крашенинников Николай Александрович,мужской,0,Столп огненный,Роман-хроника,1,Отд. изд.,Л.,1928,хроника,,,,хроника,исторический,NOUN ADJF,2,0,,,,,
"Крестовская, Мария Всеволодовна",женский,0,Артистка,Роман,0,Вестник Европы,,1891,"соц. психологичский, исторический","разночинцы (артисты), интеллигенция",3 лицо,,социальный,социальный,NOUN,1,0,,,,,
"Крестовский, В.-псевдоним",женский,1,Кто ж остался доволен?,роман,0,Отечественные записки,,1853,,,,,,,NPRO CONJ VERB ADJS,4,0,,,,,
"Крестовский, В.-псевдоним",женский,1,Испытание,Роман,0,Отечественные записки,,1854,,,,,,,NOUN,1,0,,,,,
"Крестовский, В.-псевдоним",женский,1,Последнее действие комедии,Роман,0,Отечественные записки,,1856,,,,,,,ADJF NOUN NOUN,3,0,,,,,
"Крестовский, В.-псевдоним",женский,1,Встреча,Роман,0,Отечественные записки,,1860,,,,,,,NOUN,1,0,,,,,
"Крестовский, В.-псевдоним",женский,1,Недавнее,Роман,0,Отечественные записки,,1865,,,,,,,ADJF,1,0,,,,,
"Крестовский, В.-псевдоним",женский,1,Свободное время,Роман,0,Отечественные записки,,1856,социально-психологический,дворяне,3 лицо,,социальный,социальный,ADJF NOUN,2,0,,,,,
"Крестовский, В.-псевдоним",женский,1,Баритон,Роман,0,Отечественные записки,,1857,социально-психологический,"дворяне, духовенство",3 лицо,,социальный,социальный,NOUN,1,0,,,,,
"Крестовский, В.-псевдоним",женский,1,В ожидании лучшего,Роман,0,Русский вестник,,1860,социально-психологический,,3 лицо,khvoshinskaya_n_v_ozhidanii_luchshego_1860.xml,социальный,социальный,PREP NOUN ADJF,3,0,социально-психологический,адюльтерный,,,
"Крестовский, В.-псевдоним",женский,1,Большая Медведица,Роман,0,Вестник Европы,,1870,,дворяне,3 лицо,khvoshinskaya_n_bolshaya_medvediza_1870.xml,,,ADJF NOUN,2,0,социально-психологический,адюльтерный,семейный,,
"Крестовский, В.-псевдоним",женский,1,Былое,Роман,0,Отечественные записки,,1878,,,3 лицо,khvoshinskaya_n_byloe_1878.xml,,,ADJF,1,0,социально-психологический,семейный,,,
"Крестовский, В.-псевдоним",женский,1,Обязанности,,0,Северный вестник,,1885,,,3 лицо,,,,NOUN,1,0,,,,,
"Крестовский, Всеволод Владимирович",мужской,0,Петербургские трущобы,Роман в шести частях,0,Отечественные записки,,1864,"социально-психологический, исторический","Дворяне, разночинцы",3 лицо,krestovskij_v_peterburgskie_trushoby_1864.xml,социальный,социальный,ADJF NOUN,2,0,социально-психологический,уголовный,авантюрный,,
"Крестовский, Всеволод Владимирович",мужской,0,Две силы,Роман,0,Русский вестник,,1874,исторический роман,,3 лицо,krestovskij_v_krovavyj_puf_1874.xml,исторический,исторический,NUMR NOUN,2,0,исторический,антинигилистический,политический,идеологический,
"Крестовский, Всеволод Владимирович",мужской,0,Тьма Египетская,роман,0,Русский вестник,,1888,исторический,"духовенство, народности и этнические группы",3 лицо,,исторический,исторический,NOUN ADJF,2,0,,,,,
"Крестовский, Всеволод Владимирович",мужской,0,Тамара Бендавид,роман,0,Русский вестник,,1889,"социально-психологичский, исторический",народности и этнические группы,3 лицо,krestovskij_v_tamara_bendavid_1889.xml,социальный,социальный,NOUN NOUN,2,0,социально-психологический,исторический,идеологический,,
"Крестовский, Всеволод Владимирович",мужской,0,Торжество Ваала,Роман,0,Русский вестник,,1891,исторический роман,,3 лицо,krestovskij_v_torzhestvo_vaala_1891.xml,исторический,исторический,NOUN NOUN,2,0,исторический,политический,идеологический,,
"Крестовский, Всеволод Владимирович",мужской,0,Панургово стадо,Роман,0,Русский вестник,,1869,исторический роман,дворяне,3 лицо,krestovskij_v_krovavyj_puf_1869.xml,исторический,исторический,ADJS NOUN,2,0,исторический,политический,идеологический,антинигилистический,уголовный
"Криницкий, М.",женский,1,Узкий путь,Роман в двух частях,1,Русский вестник,Санкт-Петербург,1858,социально-психологический,дворяне,3 лицо,vadbolskaya_v_uzkij_put_1858.xml,социальный,социальный,ADJF NOUN,2,0,социально-психологический,нравоучительный,,,
"Криницкий, М.",женский,1,Записки холостяка,Роман,0,Библиотека для чтения,,1861,светский,дворяне,1 лицо,vadbolskaya_v_zapiski_kholostyaka_1861.xml,светский,светский,NOUN NOUN,2,0,светский,психологический,нравоописательный,,
"Криницкий, Марк",мужской,1,Молодые годы Долецкого,Роман,1,Отд. изд.,Москва,1912,авантюрный,,3 лицо,,авантюрный,приключенческий,NOUN NOUN NOUN,3,0,,,,,
"Криницкий, Марк",мужской,1,Вами казненный,Роман,1,Отд. изд.,Москва,1915,,,3 лицо,,,,NPRO PRTF,2,0,,,,,
"Криницкий, Марк",мужской,1,Маскарад чувства,Роман,1,Отд. изд.,Москва,1915,авантюрно-любовный,"женщины, ревность, чиновники, публичный дом",3 лицо,krinizkij_m_maskarad_chuvstva_1915.xml,авантюрный,приключенческий,NOUN NOUN,2,0,авантюрный,любовный,психологический,светский,
"Криницкий, Марк",мужской,1,Синяя борода,Роман,1,Отд. изд.,Москва,1915,,,,,,,ADJF NOUN,2,0,,,,,
"Криницкий, Марк",мужской,1,Час настал,Роман,1,Отд. изд.,Москва,1915,,"Первая мировая, буржуазия, богема",,,,,NOUN VERB,2,0,,,,,
Криницкий Марк,мужской,1,Брат мой Каин,?,1,Отд. изд.,Л.,1928,,,,,,,NOUN ADJF NOUN,3,0,,,,,
Криницкий Марк,мужской,1,Прапорщик Игнатов,"продолжение романа ""Час настал""",1,Отд. изд.,Москва,1918,,,,,,,NOUN NOUN,2,0,,,,,
"Кричевская, Любовь Яковлевна",женский,0,Граф Горский,Сочинение Любови Кричевской,1,Современник,Харьков,1837,исторический роман,,"в письмах, 3 лицо",,исторический,исторический,NOUN ADJF,2,0,,,,,
"Круглов, Александр Васильевич",мужской,0,Вне цеха,роман,0,Вестник Европы,,1906,"социально-психологический, мещане, мелкие чиновники",мелкие чиновники,3 лицо,,социальный,социальный,PREP NOUN,2,0,,,,,
"Круглов, Александр Васильевич",мужской,0,Свои — чужие,роман,0,Наблюдатель,,1891,"социально-психологический, мещане, мелкие чиновники",,,,социальный,социальный,ADJF NOUN,3,0,,,,,
"Круглов, Александр Васильевич",мужской,0,Немудреное счастье,Роман в 2 ч,1,Отд. изд.,Санкт-Петербург,1895,социально-психологический,"мещане, мелкие чиновники",,,социальный,социальный,ADJF NOUN,2,0,,,,,
"Круглов, Александр Васильевич",мужской,0,Веселые похороны,Роман,1,Отд. изд.,Москва,1903,"социально-психологический, мещане, мелкие чиновники",,,,социальный,социальный,ADJF NOUN,2,0,,,,,
"Круглов, Александр Васильевич",мужской,0,Мудрые и неразумные,роман,1,Отд. изд.,Москва,1913,"социальный, психологический",,,,социальный,социальный,ADJF CONJ ADJF,3,0,,,,,
"Крушеван, Павел Александрович",мужской,1,Дело Артабанова,,1,Отд. изд.,Москва,1896,криминально-психологический,аристократы,,,криминальный,криминальный,NOUN ADJS,2,0,,,,,
"Крыжановская (Рочестер), Вера Ивановна",женский,0,Два сфинкса,Роман В.И. Крыжановской,1,Отд. изд.,Санкт-Петербург,1892,исторический,древний Египет,3 лицо,kryzhanovskaya_v_dva_sfinksa_1892.xml,исторический,исторический,NUMR NOUN,2,0,исторический,мистический,любовный,психологический,оккультный
"Крыжановская (Рочестер), Вера Ивановна",женский,0,Месть еврея,Роман в 2 ч.,1,Отд. изд.,Санкт-Петербург,1893,любовный,дворяне,3 лицо,kryzhanovskaya_v_mest_evreya_1893.xml,любовный,любовный,NOUN NOUN,2,0,любовный,социально-психологический,идеологический,,
"Крыжановская (Рочестер), Вера Ивановна",женский,0,Торжище брака,роман,1,Отд. изд.,Санкт-Петербург,1893,роман,исторический персонаж,3 лицо,kryzhanovskaya_v_torzhishe_braka_1893.xml,,,NOUN NOUN,2,0,социально-психологический,нравоописательный,любовный,,
"Крыжановская (Рочестер), Вера Ивановна",женский,0,Рекенштейны,Роман,1,Отд. изд.,Санкт-Петербург,1894,социальный роман,"быт, общество",3 лицо,kryzhanovskaya_v_rekenshtejny_1894.xml,социальный,социальный,NOUN,1,0,социально-психологический,семейный,нравоописательный,,
"Крыжановская (Рочестер), Вера Ивановна",женский,0,Царица Хатасу,Роман,1,Отд. изд.,Санкт-Петербург,1894,"исторический, древний египет",царицы,3 лицо,kryzhanovskaya_v_zariza_khatasu_1894.xml,исторический,исторический,NOUN NOUN,2,0,исторический,экзотический,авантюрный,философский,
"Крыжановская (Рочестер), Вера Ивановна",женский,0,Железный канцлер древнего Египта,Роман в двух частях,0,Наблюдатель,,1899,исторический,народности и этнические группы,3 лицо,kryzhanovskaya_v_zheleznyj_kanzler_drevnego_egipta_1899.xml,исторический,исторический,ADJF NOUN ADJF NOUN,4,0,исторический,авантюрный,экзотический,мистический,
"Крыжановская (Рочестер), Вера Ивановна",женский,0,Жизненный эликсир,,1,Отд. изд.,Санкт-Петербург,1901,"социально-психологический, философский",разночинцы,3 лицо,kryzhanovskaya_v_zhiznennyj_eliksir_1901.xml,социальный,социальный,ADJF NOUN,2,0,философский,мистический,оккультный,,
"Крыжановская (Рочестер), Вера Ивановна",женский,0,Маги,Роман В.И. Крыжановской (Рочестер),1,Отд. изд.,Санкт-Петербург,1902,"философский, фантастический",,3 лицо,kryzhanovskaya_v_magi_1902.xml,философский,философский,NOUN,1,0,философский,фантастический,мистический,оккультный,
"Крыжановская (Рочестер), Вера Ивановна",женский,0,На соседней планете,Роман,1,Отд. изд.,Санкт-Петербург,1903,"утопический, приключенческий, оккультный","маги, индус, европейцы",3 лицо,kryzhanovskaya_v_na_sosednej_planete_1903.xml,утопический,утопический,PREP ADJF NOUN,3,0,утопический,приключенческий,фантастический,оккультный,
"Крыжановская (Рочестер), Вера Ивановна",женский,0,Светочи Чехии,Исторический роман из эпохи пробуждения чешского национального самосознания,0,Русский вестник,,1903,"исторический, средневековье",аристократы,3 лицо,kryzhanovskaya_v_svetochi_chekhii_1903.xml,исторический,исторический,NOUN NOUN,2,0,исторический,религиозный,идеологический,,
"Крыжановская (Рочестер), Вера Ивановна",женский,0,Мертвая петля,роман,1,Отд. изд.,Санкт-Петербург,1906,оккультный,"евреи, поляки",3 лицо,kryzhanovskaya_v_mertvaya_petlya_1906.xml,оккультный,фантастический,ADJF GRND,2,0,оккультный,фантастический,мистический,авантюрный,
"Крыжановская (Рочестер), Вера Ивановна",женский,0,Паутина,роман,0,Русский вестник,,1906,психологический,дворяне,3 лицо,,психологический,психологический,NOUN,1,0,,,,,
"Крыжановская (Рочестер), Вера Ивановна",женский,0,Фараон Мернефта,роман,1,Отд. изд.,Санкт-Петербург,1907,"исторический, библия, древний египет, моисей",,1 лицо,kryzhanovskaya_v_faraon_mernefta_1907.xml,исторический,исторический,NOUN NOUN,2,0,исторический,религиозный,экзотический,мистический,
"Крыжановская (Рочестер), Вера Ивановна",женский,0,Бенедиктинское аббатство,роман,1,Отд. изд.,Санкт-Петербург,1908,"исторический, средневековье, приключения, готический, мистика, романтика",воины,1 лицо,kryzhanovskaya_v_benediktinskoe_abbatstvo_1908.xml,исторический,исторический,ADJF NOUN,2,0,исторический,приключенческий,готический,мистический,
"Крыжановская (Рочестер), Вера Ивановна",женский,0,Адские чары,роман,0,Свет,,1909,"оккультный, любовный","дворяне, богема",3 лицо,kryzhanovskaya_v_adskie_chary_1909.xml,оккультный,фантастический,ADJF NOUN,2,0,оккультный,любовный,мистический,готический,
"Крыжановская (Рочестер), Вера Ивановна",женский,0,В ином мире,роман,1,Отд. изд.,Санкт-Петербург,1910,"утопический, приключенческий, оккультный",,3 лицо,,утопический,утопический,PREP ADJF NOUN,3,0,,,,,
"Крыжановская (Рочестер), Вера Ивановна",женский,0,Гнев божий,роман-пенталогия,1,Отд. изд.,Санкт-Петербург,1910,"утопический, эзотерический, оккультный, эпический","монахи, маги, аристократия",3 лицо,kryzhanovskaya_v_gnev_bozhij_1910.xml,утопический,утопический,NOUN ADJF,2,0,оккультный,эзотерический,фантастический,,
"Крыжановская (Рочестер), Вера Ивановна",женский,0,Смерть планеты,роман-пенталогия,1,Отд. изд.,Санкт-Петербург,1911,"утопический, оккультный, фантастический",,3 лицо,kryzhanovskaya_v_smert_planety_1911.xml,утопический,утопический,NOUN NOUN,2,0,утопический,оккультный,фантастический,,
"Крыжановская (Рочестер), Вера Ивановна",женский,0,Болотный цветок,роман,1,Отд. изд.,Санкт-Петербург,1912,"авантюрный, оккультный",дворяне,3 лицо,kryzhanovskaya_v_bolotnyj_zvetok_1912.xml,авантюрный,приключенческий,ADJF NOUN,2,0,мистический,оккультный,авантюрный,любовный,
"Крыжановская (Рочестер), Вера Ивановна",женский,0,Дочь колдуна,оккультный роман,1,Отд. изд.,Санкт-Петербург,1913,фантастический,купцы/ промышленники,1 лицо,kryzhanovskaya_v_doch_kolduna_1913.xml,фантастический,фантастический,NOUN NOUN,2,0,фантастический,оккультный,мистический,авантюрный,
"Крыжановская (Рочестер), Вера Ивановна",женский,0,В царстве тьмы,Оккультный роман,1,Отд. изд.,Санкт-Петербург,1914,оккультный,,3 лицо,kryzhanovskaya_v_v_zarstve_tmy_1914.xml,оккультный,фантастический,PREP NOUN NOUN,3,0,оккультный,мистический,философский,фантастический,
"Крыжановская (Рочестер), Вера Ивановна",женский,0,Законодатели,роман-пенталогия,1,Отд. изд.,Петроград,1916,"утопический, приключенческий, оккультный",,3 лицо,kryzhanovskaya_v_zakonodateli_1916.xml,утопический,утопический,NOUN,1,0,утопический,приключенческий,оккультный,фантастический,
"Крыжановская (Рочестер), Вера Ивановна",женский,0,Сим победиши!,Роман,1,Отд. изд.,Санкт-Петербург,1893,исторический,легендарные исторические фигуры,,,исторический,исторический,NOUN NOUN,2,0,,,,,
"Крыжановская (Рочестер), Вера Ивановна",женский,0,Геркуланум,Роман римской эпохи,1,Отд. изд.,Санкт-Петербург,1894,"исторический, любовный, древний рим",,,,исторический,исторический,NOUN,1,0,,,,,
"Крыжановская (Рочестер), Вера Ивановна",женский,0,Варфоломеевская ночь,Роман в 3 ч.,1,Отд. изд.,Санкт-Петербург,1896,"исторический, средневековье",,,,исторический,исторический,ADJF NOUN,2,0,,,,,
"Крыжановская (Рочестер), Вера Ивановна",женский,0,На рубеже,(Нарв. предание),1,Отд. изд.,Санкт-Петербург,1901,исторический,,,,исторический,исторический,PREP NOUN,2,0,,,,,
"Крыжановская (Рочестер), Вера Ивановна",женский,0,Кобра Капелла (Рафаэла),Роман В.И. Крыжановской (Рочестер),1,Отд. изд.,Санкт-Петербург,1902,женский роман,,,,женский,женский,NOUN NOUN NOUN,3,0,,,,,
"Крыжановская (Рочестер), Вера Ивановна",женский,0,Из Мрака к Свету,роман,1,Отд. изд.,Санкт-Петербург,1904,оккультный,,,,оккультный,фантастический,PREP NOUN PREP NOUN,4,0,,,,,
"Крыжановская (Рочестер), Вера Ивановна",женский,0,Эпизод из жизни Тиверия,Ист. повесть,1,Свет,Санкт-Петербург,1906,"исторический, древний рим",,,,исторический,исторический,NOUN PREP NOUN NOUN,4,0,,,,,
"Крыжановская (Рочестер), Вера Ивановна",женский,0,Рай без Адама,роман,1,Отд. изд.,Санкт-Петербург,1917,,,,,,,NOUN PREP NOUN,3,0,,,,,
"Крыжановский, Николай Андреевич",мужской,0,Дочь Алаяр-хана,Рассказ о трех различных воспитаниях,0,Русский вестник,,1884,"приключенчески-нравоописательный, антинигилистический","Военные, хан, эмиры, народности и этнические группы",3 лицо,,приключенческий,приключенческий,NOUN NOUN,2,0,,,,,
"Крыжановский, Николай Андреевич",мужской,0,На берегу Черного моря,Роман,0,Русское обозрение,,1897,любовный,духовенство\священники,1 лицо,,любовный,любовный,PREP NOUN NOUN NOUN,4,0,,,,,
"Крылов, Алексей Иванович",мужской,0,Женщина-изверг,"Быль, рассказанная другу: в 3 частях",1,Отд. изд.,Москва,1839,любовный,дворяне,в письмах,,любовный,любовный,NOUN,1,0,,,,,
"Крылов, Алексей Иванович",мужской,0,Осужденный,повесть в 4 частях,1,Отд. изд.,Москва,1835,"натуралистический, средний класс, низший класс",,,,натуралистический,социальный,PRTF,1,0,,,,,
"Кугушев, Григорий Васильевич",мужской,0,Корнет Отлетаев,Повесть,0,Русский вестник,,1856,авантюрный,"дворяне, крепостные",1 лицо,kugushev_g_kornet_otletaev_1856.xml,авантюрный,приключенческий,NOUN NOUN,2,0,авантюрный,военный,психологический,,
"Кугушев, Григорий Васильевич",мужской,0,Пыль,Повесть,0,Русский вестник,,1856,социально-психологический,аристократия,3 лицо,,социальный,социальный,NOUN,1,0,,,,,
"Кугушев, Григорий Васильевич",мужской,0,Постороннее влияние,Роман в четырех частях с эпилогом. Соч. князя Г. В. Кугушева (автора Конета Отлетаева),1,Отд. изд.,Москва,1858,светский,дворяне,3 лицо,kugushev_g_postoronnee_vliyanie_1858.xml,светский,светский,ADJF NOUN,2,0,светский,социально-психологический,,,
"Кузмин, Михаил Алексеевич",мужской,0,Крылья,повесть в 3 частях,1,Весы,Москва,1906,"социально-психологический, любовный, гомоэротика","студенты, преподаватели, первая любовь",3 лицо,kuzmin_m_krylya_1906.xml,социальный,социальный,NOUN,1,0,социально-психологический,любовный,,,
"Кузмин, Михаил Алексеевич",мужской,0,Плавающие путешествующие,роман,1,Отд. изд.,Петроград,1915,социально-психологический,"литературная богема, ""Сова"", аристократия, гомосексуальность, революция",3 лицо,,социальный,социальный,PRTF PRTF,2,0,,,,,
"Кузьмич, Александр Петрович",мужской,0,Зиновий-Богдан Хмельницкий,сочинение Александра Кузьмича,1,Отд. изд.,Санкт-Петербург,1846,"исторический, авантюрный",казаки,3 лицо,,исторический,исторический,NOUN ADJF,2,0,,,,,
"Кукольник, Нестор Васильевич",мужской,0,Эвелина де Вальероль,роман,1,Отд. изд.,Санкт-Петербург,1841,исторический,разночинцы,3 лицо,,исторический,исторический,NOUN PRCL NOUN,3,0,,,,,
"Кукольник, Нестор Васильевич",мужской,0,Альф и Альдона,исторический роман,1,Отд. изд.,Санкт-Петербург,1842,исторический,дворяне,3 лицо,,исторический,исторический,NOUN CONJ NOUN,3,0,,,,,
"Кукольник, Нестор Васильевич",мужской,0,"Два Ивана, два Степаныча, два Костылькова",Роман,0,Библиотека для чтения,,1844,исторический,"крестьяне, помещики",3 лицо,,исторический,исторический,NUMR NOUN NUMR NOUN NUMR NOUN,6,0,,,,,
"Кукольник, Нестор Васильевич",мужской,0,Три периода,Сочинение Н.В. Кукольника,0,Библиотека для чтения,,1845,"исторический, помещики, чиновники",,3 лицо,,исторический,исторический,NUMR NOUN,2,0,,,,,
"Кукольник, Нестор Васильевич",мужской,0,"Иоанн III, собиратель земли русской",исторический роман Нестора Кукольника,1,Отд. изд.,Санкт-Петербург,1851,исторический роман,купцы/промышленники,3 лицо,kukolnik_n_ioann__sobiratel_zemli_russkoj_1851.xml,исторический,исторический,NOUN NUMR NOUN NOUN ADJF,5,0,исторический,политический,,,
"Кукольник, Нестор Васильевич",мужской,0,Две сестры,эпизод из последней польской смуты: в 3 частях,1,Отд. изд.,Санкт-Петербург,1865,социально-исторический,"поляки, дворяне",3 лицо,,социальный,социальный,NUMR NOUN,2,0,,,,,
"Кукольник, Нестор Васильевич",мужской,0,Дурочка Луиза,Роман,0,Библиотека для чтения,,1842,любовный,дворяне,,,любовный,любовный,NOUN NOUN,2,0,,,,,
"Кукольник, Нестор Васильевич",мужской,0,Историческая красавица,Роман,0,Библиотека для чтения,,1843,исторический,дворяне,,,исторический,исторический,ADJF NOUN,2,0,,,,,
"Кукольник, Нестор Васильевич",мужской,0,Тонни или Ревель при Петре Великом,Исторический роман,0,Библиотека для чтения,,1853,исторический,,,,исторический,исторический,ADJS CONJ NOUN PREP NOUN NOUN,6,0,,,,,
"Кулжинский, Иван Григорьевич",мужской,0,Федюша Мотовильский,Украинский роман,1,Отд. изд.,Москва,1833,социально-психологический,дворяне,1 лицо,,социальный,социальный,NOUN NOUN,2,0,,,,,
"Кулиш, Пантелеймон Александрович",мужской,0,"Михайло Чарнышенко, или Малороссия восемьдесят лет назад",Соч. П. Кулеша,1,Отд. изд.,Киев,1843,"исторический, семейный",,3 лицо,,исторический,исторический,NOUN NOUN CONJ NOUN NUMR NOUN ADVB,7,0,,,,,
"Кулиш, Пантелеймон Александрович",мужской,0,Алексей Однорог,Исторический роман,0,Современник,,1852,"исторический, социально-психологический",,3 лицо,,исторический,исторический,NOUN NOUN,2,0,,,,,
"Кулиш, Пантелеймон Александрович",мужской,0,Черная рада,Хроника 1663 года,0,Русская беседа,,1857,исторический,военные,3 лицо,,исторический,исторический,ADJF NOUN,2,0,,,,,
"Кулиш, Пантелеймон Александрович",мужской,0,Искатели счастья,Посмертный роман П. А. Кулиша,0,Ежемесячные сочинения,,1903,утопический,,1 лицо,,утопический,утопический,NOUN NOUN,2,0,,,,,
"Курбатов, А. Д.",мужской,0,Последний год власти герцога Бирона,"Повесть, взятая из старинной архивы моего дедушки",1,Отд. изд.,Москва,1833,исторический роман,офицеры,3 лицо,,исторический,исторический,ADJF NOUN NOUN NOUN NOUN,5,0,,,,,
"Курышев, И.",мужской,0,"Основание Москвы, или Смерть боярина Степана Ивановича Кучки","Исторический роман, взятый из времен княжения Изяслава Мстиславича",1,Отд. изд.,Санкт-Петербург,1835,"исторический роман, москва",,,,исторический,исторический,NOUN NOUN CONJ NOUN NOUN NOUN NOUN NOUN,8,0,,,,,
"Кущевский, Иван Афанасьевич",мужской,0,"Николай Негорев, или Благополучный россиянин",Роман,0,Отечественные записки,,1871,социально-психологический,дворяне,1 лицо,kushevskij_i_nikolaj_negorev_ili_blagopoluchnyj_rossiyanin_1871.xml,социальный,социальный,NOUN NOUN CONJ ADJF NOUN,5,0,социально-психологический,роман воспитания,сатирический,,
"Ладыженская, Екатерина Алексеевна",женский,0,Три женщины,Роман в письмах,1,Рассказы и очерки,Москва,1859,"роман в письмах, светский роман",,в письмах,,светский,светский,NUMR NOUN,2,0,,,,,
"Лажечников, Иван Иванович",мужской,0,"Последний Новик, или Завоевание Лифляндии в царствование Петра Великого",Исторический роман,1,Отд. изд.,Москва,1831,исторический роман,легендарные исторические фигуры,3 лицо,lazhechnikov_i_poslednij_novik_1831.xml,исторический,исторический,ADJF NOUN CONJ NOUN NOUN PREP NOUN NOUN NOUN,9,0,исторический,авантюрный,,,
"Лажечников, Иван Иванович",мужской,0,Ледяной дом,сочинение Лажечникова,0,Денница; Телескоп,,1834,"исторический, любовный","чиновники, аристократия прошлого",3 лицо,lazhechnikov_i_ledyanoj_dom_1834.xml,исторический,исторический,ADJF NOUN,2,1,исторический,любовный,авантюрный,политический,готический
"Лажечников, Иван Иванович",мужской,0,Басурман,,1,Отд. изд.,Москва,1838,исторический роман,,3 лицо,lazhechnikov_i_basurman_1838.xml,исторический,исторический,NOUN,1,1,исторический,авантюрный,любовный,,
"Лажечников, Иван Иванович",мужской,0,Колдун на Сухаревской башне,роман,0,Отечественные записки,,1840,"исторический роман, чернокнижник",дворяне,в письмах,lazhechnikov_i_koldun_na_sukharevskoj_bashne_1840.xml,исторический,исторический,NOUN PREP ADJF NOUN,4,0,исторический,фантастический,готический,мистический,
"Лажечников, Иван Иванович",мужской,0,Внучка панцирного боярина,Роман из времени последнего польского мятежа,0,Всемирный труд,,1858,социально-психологический,дворяне,3 лицо,lazhechnikov_i_vnuchka_panzirnogo_boyarina_1858.xml,социальный,социальный,NOUN ADJF NOUN,3,0,исторический,социально-психологический,,,
"Лажечников, Иван Иванович",мужской,0,Немного лет назад,Роман в четырех частях,0,Отд. изд.,,1862,социально-психологический,Дворяне,1 лицо,,социальный,социальный,ADVB NOUN ADVB,3,0,,,,,
"Лазаревич, Василий Васильевич",мужской,0,Добродетельная Розана,сочиненная В.Л.,1,Отд. изд.,Санкт-Петербург,1782,,,3 лицо,,,,ADJF NOUN,2,0,,,,,
"Лазинский, Федор",мужской,0,"Повесть дворянина T.L. Орлеанской провинции, писанная им самим о жизни деда, отца и своей.",переведенная с немецкого языка Ф. Лазинским,1,Отд. изд.,Москва,1786,,дворяне,1 лицо,,,,NOUN NOUN ADJF NOUN PRTF NOUN ADJF PREP NOUN NOUN NOUN CONJ ADJF,14,0,,,,,
"Ланская, Н.",женский,1,Лавры и тернии,Роман из времен русского-турецкой войны в 2 частях,1,Отд. изд.,Санкт-Петербург,1885,исторический,,,,исторический,исторический,NOUN CONJ NOUN,3,0,,,,,
"Ланская, Н.",женский,1,Обрусители,Роман из общественной жизни Западного края. В 2 частях,1,Отд. изд.,Санкт-Петербург,1883,социально-бытовой,крестьяне,3 лицо,yakovleva_n_obrusiteli_1883.xml,социальный,социальный,NOUN,1,0,бытовой,политический,идеологический,,
"Лаппо-Данилевская, Надежда Александровна",женский,0,Мишура,роман,1,Отд. изд.,Санкт-Петербург,1916,светский роман,"содержанки, гетеры, неудачная любовь, одинокое материнство",3 лицо,,светский,светский,NOUN,1,0,,,,,
"Лаппо-Данилевская, Надежда Александровна",женский,0,В тумане жизни,роман,1,Отд. изд.,Санкт-Петербург,1911,"любовный, светский салонный роман",,,,любовный,любовный,PREP NOUN NOUN,3,0,,,,,
"Лаппо-Данилевская, Надежда Александровна",женский,0,Жена министра,роман,0,Исторический вестник,,1912,любовный,,,,любовный,любовный,NOUN NOUN,2,0,,,,,
"Лаппо-Данилевская, Надежда Александровна",женский,0,Княжна Мара,роман,1,Отд. изд.,Санкт-Петербург,1914,светский роман,аристократия,,,светский,светский,NOUN NOUN,2,0,,,,,
"Лаппо-Данилевская, Надежда Александровна",женский,0,Русский барин,роман,1,Отд. изд.,Санкт-Петербург,1914,светский роман,,,,светский,светский,ADJF NOUN,2,0,,,,,
"Лаппо-Данилевская, Надежда Александровна",женский,0,Долг жизни,роман,1,Отд. изд.,Петроград; Берлин,1917,"светский роман, любовный",,,,светский,светский,NOUN NOUN,2,0,,,,,
Лаппо-Данилевская Надежда Александровна,женский,0,Развал,Тетралогия,1,Отд. изд.,Б.,1921,"панорамное изображение русской жизни, светский",,,,светский,светский,NOUN,1,0,,,,,
Лаппо-Данилевская Надежда Александровна,женский,0,Екатерина Никитична,роман,1,Отд. изд.,Б.,1922,исторический,большевики,3 лицо,,исторический,исторический,NOUN ADJS,2,0,,,,,
Лаппо-Данилевская Надежда Александровна,женский,0,К счастью,роман,1,Отд. изд.,Париж,1923,прокатолическая тенденция,,,,,,PREP NOUN,2,0,,,,,
Лаппо-Данилевская Надежда Александровна,женский,0,Поруганный,роман,1,Отд. изд.,Париж,1926,"прокатолическая тенденция, эмиграция",,,,,,ADJF,1,0,,,,,
Лаппо-Данилевская Надежда Александровна,женский,0,В усадьбе,роман,1,Отд. изд.,Париж,1928,дореволюционная россия,,,,исторический,исторический,PREP NOUN,2,0,,,,,
Лаппо-Данилевская Надежда Александровна,женский,0,Миллионы Бурлаковых,роман,1,Отд. изд.,Рига,1929,,,,,,,NOUN NOUN,2,0,,,,,
"Ласкос, Изабелла Львовна",женский,0,При дворе,Роман в трех частях,0,Русский вестник,,1876,социально-психологический,,,,социальный,социальный,PREP NOUN,2,0,,,,,
"Лебедев, Владимир Петрович",мужской,0,За святую обитель,Исторический роман из Смутного времени,1,Отд. изд.,Москва,1900,"исторический, социально-психологический","рабочие (свободные), военные, духовенство, крестьяне",3 лицо,lebedev_v_za_svyatuyu_obitel_1900.xml,исторический,исторический,PREP ADJF NOUN,3,0,исторический,социально-психологический,религиозный,,
"Лебедев, М.",мужской,0,"За Богом молитва, за царем служба не пропадают",Исторический роман-хроника из эпохи отечественной войны (1812 г.),1,Отд. изд.,Санкт-Петербург,1898,исторический роман,,,,исторический,исторический,PREP NOUN NOUN PREP NOUN NOUN PRCL VERB,8,0,,,,,
"Лебедев, Николай Константинович",мужской,0,Бароцейская королева,Роман Н.К. Л-ва,0,"Литературное приложение к ""Гражданину""",,1883,бытописательный,,3 лицо,,бытоописательный,описательный,ADJF NOUN,2,0,,,,,
"Лебедев, Николай Константинович",мужской,0,Калиф на час,Роман,0,Новое время,,1884,бытописательный,,3 лицо,,бытоописательный,описательный,NOUN PREP NOUN,3,0,,,,,
"Лебедев, Николай Константинович",мужской,0,Сандрильона,роман,0,Нива,,1886,социально-психологический,"забитые, униженные дети",3 лицо,,социальный,социальный,NOUN,1,0,,,,,
"Леванда, Лев Осипович",мужской,0,Депо бакалейных товаров,Картины еврейского быта,0,Рассвет,,1860,просветительский роман,,3 лицо,,просветительский,воспитания,NOUN ADJF NOUN,3,0,,,,,
"Леванда, Лев Осипович",мужской,0,Горячее время,Роман из последнего польского восстания,1,Еврейская библиотека,Санкт-Петербург,1871,социально-психологический,дворяне,1 лицо,,социальный,социальный,NOUN NOUN,2,0,,,,,
"Леванда, Лев Осипович",мужской,0,Большой ремиз,Роман,0,Русский еврей,,1880,исторический,евреи,3 лицо,,исторический,исторический,ADJF NOUN,2,0,,,,,
"Леванда, Лев Осипович",мужской,0,Исповедь дельца,Роман,1,Отд. изд.,Санкт-Петербург,1880,социально-психологический,евреи,,,социальный,социальный,NOUN NOUN,2,0,,,,,
"Левшин, Василий Алексеевич",мужской,0,Новейшее путешествие,фрагменты,1,Собеседник [журнал],Санкт-Петербург,1784,утопический,,3 лицо,levshin_v_novejshee_puteshestvie_sochinennoe_v_gorode_beleve_1784.xml,утопический,утопический,ADJF NOUN,2,0,утопический,философский,сатирический,просветительский,
"Левшин, Василий Алексеевич",мужской,0,Досадное пробуждение,,1,Отд. изд.,Москва,1783,"сатирический, бытовой",чиновники,3 лицо,,сатирический,юмористический,ADJF NOUN,2,0,,,,,
"Левшин, Василий Алексеевич",мужской,0,Повесть о новомодном дворянине,,1,Отд. изд.,Москва,1783,сатирический,дворяне,3 лицо,,сатирический,юмористический,NOUN PREP ADJF NOUN,4,0,,,,,
"Лейкин, Николай Александрович",мужской,0,Христова невеста,Повесть Н.А. Лейкина,1,Дешёвая библиотека для лёгкого чтения,Санкт-Петербург,1871,бытописательный роман,"купцы, мещане",3 лицо,,бытоописательный,описательный,ADJF NOUN,2,0,,,,,
"Лейкин, Николай Александрович",мужской,0,В родном углу,роман,1,Отд. изд.,Санкт-Петербург,1905,социально-психологический,дворяне,3 лицо,,социальный,социальный,PREP ADJF NOUN,3,0,,,,,
"Леман, Анатолий Иванович",мужской,0,Порча жизни,Роман,1,Домашняя библиотека,Санкт-Петербург,1892,,"разночинцы, купцы",,,,,NOUN NOUN,2,0,,,,,
"Леман, Анатолий Иванович",мужской,0,Старая скрипка,Повесть из быта музыкально-инструментальных мастеров-артистов,1,Отд. изд.,Санкт-Петербург,1893,,,,,,,ADJF NOUN,2,0,,,,,
"Ленский, Владимир Яковлевич",мужской,1,Демон наготы,роман,1,Отд. изд.,Москва,1916,"социально-психологический, роман воспитания",,1 лицо,,социальный,социальный,NOUN NOUN,2,0,,,,,
"Ленский, Владимир Яковлевич",мужской,1,Черный став,роман,1,Отд. изд.,Москва,1917,"мистический, неоготический, оккультный","легендарные исторические фигуры, криминал",3 лицо,abramovich_v_chernyj_stav_1917.xml,мистический,фантастический,NOUN GRND,2,0,мистический,готический,оккультный,,
"Ленский, Владимир Яковлевич",мужской,1,Трагедия брака,роман,0,Новая жизнь,,1911,психологический,,,,психологический,психологический,NOUN NOUN,2,0,,,,,
"Ленский, Владимир Яковлевич",мужской,1,Песня крови,роман,1,Прогресс,Санкт-Петербург,1912,социально-психологический,,,,социальный,социальный,NOUN NOUN,2,0,,,,,
"Ленский, Владимир Яковлевич",мужской,1,Больная любовь,роман,1,Отд. изд. (СС),Москва,1913,психологический роман,,,,психологический,психологический,ADJF NOUN,2,0,,,,,
"Ленский, Владимир Яковлевич",мужской,1,Под гнездом аиста,роман,1,Отд. изд.,Москва,1913,психологический роман,"женщины, крестьяне",,,психологический,психологический,PREP NOUN NOUN,3,0,,,,,
"Ленский, Владимир Яковлевич",мужской,1,Белые крылья,роман,1,Новое время,Москва,1914,"психологический роман, женщины",,,,психологический,психологический,NOUN NOUN,2,0,,,,,
"Ленский, Владимир Яковлевич",мужской,1,Зори ночные,роман,1,Отд. изд.,Москва,1915,авантюрно-любовный,,,,авантюрный,приключенческий,NOUN NOUN,2,0,,,,,
"Ленский, Владимир Яковлевич",мужской,1,Игра,роман,1,Отд. изд.,Москва,1917,,,,,,,NOUN,1,0,,,,,
"Леонтьев, Константин Николаевич",мужской,0,Подлипки,Записки Владимира Ладнева. Роман в трех частях,0,Отечественные записки,,1861,роман-воспоминание,дворяне,1 лицо,,,,NOUN,1,0,,,,,
"Леонтьев, Константин Николаевич",мужской,0,В своем краю,Роман в двух частях,0,Отечественные записки,,1864,социально-психологический,Дворяне,3 лицо,leontev_k_v_svoem_krayu_1864.xml,социальный,социальный,PREP ADJF NOUN,3,0,социально-психологический,любовный,идеологический,,
"Леонтьев, Константин Николаевич",мужской,0,Ай-Бурун,,0,Отечественные записки,,1867,"психологический,",дворяне,1 лицо,leontev_k_ajburun_1867.xml,психологический,психологический,NOUN,1,0,психологический,экзотический,философский,любовный,
"Леонтьев, Константин Николаевич",мужской,0,Египетский голубь,роман,0,Русский вестник,,1881,любовный,дворяне,1 лицо,leontev_k_egipetskij_golub_1881.xml,любовный,любовный,ADJF NOUN,2,0,любовный,экзотический,психологический,философский,
"Леонтьев, Константин Николаевич",мужской,0,Две избранницы,Роман К.Н. Леонтьева,0,Россия,,1885,"полит., психологический, дворяне",,3 лицо,,политический,социальный,NUMR NOUN,2,0,,,,,
"Лермонтов, Владимир Дмитриевич",мужской,0,Неслужащий дворянин,Роман в двух частях,0,Заря,,1871,социально-психологический,дворяне,3 лицо,,социальный,социальный,ADJF NOUN,2,0,,,,,
"Лермонтов, Михаил Юрьевич",мужской,0,Герой нашего времени,,1,Отд. изд.,Санкт-Петербург,1840,психологический,"дворяне, военные, криминальный мир",1 лицо,lermontov_m_geroj_nashego_vremeni_1840.xml,психологический,психологический,NOUN ADJF NOUN,3,1,социально-психологический,философский,,,
"Лермонтов, Михаил Юрьевич",мужской,0,Вадим,,0,Вестник Европы,,1873,исторический,"помещики, крестьяне",3 лицо,lermontov_m_vadim_1873.xml,исторический,исторический,NOUN,1,1,исторический,готический,психологический,,
"Лермонтов, Михаил Юрьевич",мужской,0,Княгиня Лиговская,роман,0,Русский вестник,,1882,социально-психологический,,3 лицо,lermontov_m_knyaginya_ligovskaya_1882.xml,социальный,социальный,NOUN NOUN,2,1,светский,социально-психологический,бытовой,,
"Лесков, Николай Семенович",мужской,0,Обойденные,Роман в трех частях,0,Отечественные записки,,1865,психологический роман,рабочие,3 лицо,leskov_n_obojdennye_1865.xml,психологический,психологический,PRTF,1,1,социально-психологический,бытовой,нравоописательный,,
"Лесков, Николай Семенович",мужской,0,Некуда,Роман в 3 кн.,0,Библиотека для чтения,,1864,"социально-психологический, роман о нигилистах",Революционеры,3 лицо,leskov_n_nekuda_1864.xml,социальный,социальный,PRED,1,1,социально-психологический,идеологический,антинигилистический,,
"Лесков, Николай Семенович",мужской,0,На ножах,Роман,0,Русский вестник,,1870,романы о нигилистах,"нигилисты, дворяне",3 лицо,leskov_n_na_nozhakh_1870.xml,антинигилистический,социальный,PREP NOUN,2,1,антинигилистический,социально-психологический,идеологический,уголовный,
"Лесков, Николай Семенович",мужской,0,Соборяне,Старгородская хроника,0,Русский вестник,,1872,психологический роман,духовенство,3 лицо,leskov_n_soboryane_1872.xml,психологический,психологический,NOUN,1,1,социально-психологический,социально-психологический,бытовой,,
"Лесков, Николай Семенович",мужской,0,Чертовы куклы,роман,0,Русская мысль,,1890,политический,"интеллигенция, художник, высшее общество",3 лицо,leskov_n_chertovy_kukly_1890.xml,политический,социальный,ADJS NOUN,2,1,политический,социально-психологический,сатирический,,
"Летнев, П.",женский,1,Вне общественных интересов,Роман П. Летнева,1,Отд. изд.,Санкт-Петербург,1874,социальный,"дворянки, женщины",3 лицо,,социальный,социальный,PREP ADJF NOUN,3,0,,,,,
"Летнев, П.",женский,1,Увлечения и ошибки,Роман,0,Дело,,1877,,,,,,,NOUN CONJ NOUN,3,0,,,,,
"Летнев, П.",женский,1,На волоске,Роман,0,Дело,,1879,социально-психологический,,,,социальный,социальный,PREP NOUN,2,0,,,,,
"Летнев, П.",женский,1,Без воли,повесть,0,Книжки Недели,,1894,исторический,,,,исторический,исторический,PREP NOUN,2,0,,,,,
"Летнев, П.",женский,1,На смену прошлого,,0,Отд. изд.,,1894,"социальный, буржуазия",,,,социальный,социальный,PREP NOUN NOUN,3,0,,,,,
"Летнев, П.",женский,1,Современный недуг,Роман в 3 ч.,0,Наблюдатель,,1882,"социальный, буржуазия",,3 лицо,lachinova_p_sovremennyj_nedug_1882.xml,социальный,социальный,ADJF NOUN,2,0,социально-психологический,идеологический,,,
"Летнев, П.",женский,1,В наше смутное время,Роман в 3 ч.,1,Отд. изд.,Киев,1895,"социальный, буржуазия",,,,социальный,социальный,PREP ADJF ADJF NOUN,4,0,,,,,
Ливен Магда Густановна,женский,0,На пороге,роман,1,Град Китеж,Берлин,1926,,,,,,,PREP NOUN,2,0,,,,,
"Линев, Дмитрий Александрович",мужской,0,Исповедь преступника,Уголовный роман,0,Всемирная иллюстрация,,1876,социально-психологический,разночинцы,1 лицо,,социальный,социальный,NOUN NOUN,2,0,,,,,
"Линев, Дмитрий Александрович",мужской,0,По тюрьмам,Записки заключенного,0,Всемирная иллюстрация,,1877,социально-психологический,разночинцы,1 лицо,linev_d_po_tyurmam_1877.xml,социальный,социальный,PREP NOUN,2,0,социально-психологический,уголовный,,,
"Линев, Дмитрий Александрович",мужской,0,Фантазер,Роман в двух частях Д.А. Линева,0,Россия,,1883,социально-психологический,,3 лицо,,социальный,социальный,NOUN,1,0,,,,,
"Линев, Дмитрий Александрович",мужской,0,Виктор Муханов,роман,0,Эпоха,,1886,социально-психологический,,,,социальный,социальный,NOUN NOUN,2,0,,,,,
Липецкий Алексей Владимирович,мужской,0,Наперекор,роман,1,Моск. т-во писателей,М.,1928,"авантюрный, исторический",,,,авантюрный,приключенческий,ADVB,1,0,,,,,
Липецкий Алексей Владимирович,мужской,0,Мельница в Карташове,роман,1,Моск. т-во писателей,М.,1931,,,,,,,NOUN PREP NOUN,3,0,,,,,
"Литвин, Савелий Константинович",мужской,1,В лесах и подпольях,Исторический роман,1,Отд. изд.,Санкт-Петербург,1895,исторический роман,"дворяне, военные, евреи",3 лицо,,исторический,исторический,PREP NOUN CONJ NOUN,4,0,,,,,
"Литвинов, Василий Иванович",мужской,0,"Любовь и вера, или Победа над страстями",сочинил Литвинов,1,Отд. изд.,Москва,1825,любовно-авантюрный,египитеские пастухи (?),3 лицо,,любовный,любовный,NOUN CONJ NOUN CONJ NOUN PREP NOUN,7,0,,,,,
"Лобковская, Софья Михайловна",женский,0,Дочь священника,роман,0,Всемирная иллюстрация,,1887,соц.-психологический,женщины,3 лицо,,социальный,социальный,NOUN NOUN,2,0,,,,,
"Ломачевский, Дмитрий Платонович",мужской,0,С квартиры на квартиру,Этюды из жизни на Петербургской стороне,0,Петербургский листок,,1867,роман-фельэтон,мещане,1 лицо,,фельетонный,юмористический,PREP NOUN PREP NOUN,4,0,,,,,
"Луговой, Алексей Алексеевич",мужской,1,Добей его! (Pollice verso),Параллели,1,Отд. изд.,Москва,1893,"исторический, социально-психологический",разночинцы,3 лицо,lugovoj_a_dobej_ego___1893.xml,исторический,исторический,VERB NPRO NUMR NUMR,4,0,исторический,социально-психологический,философский,,
"Луговой, Алексей Алексеевич",мужской,1,Грани жизни,роман,0,Северный вестник,,1892,социально-псизологический,дворяне,3 лицо,tikhonov_a_grani_zhizni_1892.xml,социальный,социальный,NOUN NOUN,2,0,социально-психологический,философский,бытовой,,
"Луговой, Алексей Алексеевич",мужской,1,Наши дни. Семейная история,роман,0,Вестник Европы,,1907,"социально-психологический, дворяне",дворяне,3 лицо,,социальный,социальный,ADJF NOUN ADJF NOUN,4,0,,,,,
"Луговой, Алексей Алексеевич",мужской,1,Возврат,Роман колеблющихся настроений,0,Русская мысль,,1898,социально-психологический,,,,социальный,социальный,NOUN,1,0,,,,,
"Луговой, Алексей Алексеевич",мужской,1,Тенета,Роман,0,Артист; Северный курьер; Отд. изд.,,1895,социально-психологический,дворяне,,,социальный,социальный,NOUN,1,0,,,,,
"Лукин, Павел Фортунатович",мужской,0,Сын актрисы,роман в 3 частях,1,Отд. изд.,Санкт-Петербург,1838,социально-психологический,разночинец (сын актрисы),3 лицо,,социальный,социальный,NOUN NOUN,2,0,,,,,
"Лукин, Павел Фортунатович",мужской,0,"Талисман, или Заклинатель духов",Фантастический роман,1,Отд. изд.,Москва,1839,фантастический роман,"немцы, Саксония",3 лицо,,фантастический,фантастический,NOUN CONJ NOUN NOUN,4,0,,,,,
"Лунин, Виктор Алексеевич",мужской,0,"Купленный выстрел, или Шайка отравителей",уголовный роман,1,Отд. изд.,Москва,1887,уголовный,,3 лицо,,уголовный,криминальный,PRTF NOUN CONJ NOUN NOUN,5,0,,,,,
"Лунин, Виктор Алексеевич",мужской,0,Таинственный монах,Исторический роман из времен царствования Петра I в двух частях,1,Отд. изд.,Москва,1899,исторический роман (времен петра i),"крестьяне, аристократия прошлого, легендарные исторические фигуры",3 лицо,,исторический,исторический,ADJF NOUN,2,0,,,,,
"Лунин, Виктор Алексеевич",мужской,0,Стрельцы,Роман из времен Петра Великого: В 2 ч.,1,Отд. изд.,Москва,1902,исторический роман,исторические личности,,,исторический,исторический,NOUN,1,0,,,,,
"Лунин, Виктор Алексеевич",мужской,0,Былое время,Роман в 2-х ч,1,Отд. изд.,Москва,1903,,,,,,,ADJF NOUN,2,0,,,,,
"Лунский, Евгений",женский,1,За грехи отца,оригинальный роман Евгения Лунского,1,Колосья,Киев,1890,любовный,аристократия,3 лицо,,любовный,любовный,PREP NOUN NOUN,3,0,,,,,
"Лунский, Евгений",женский,1,Ошибки и искупление,Роман,1,Колосья,Санкт-Петербург,1893,"любовный, социально-психологический",,,,любовный,любовный,NOUN CONJ NOUN,3,0,,,,,
"Лунский, Евгений (С.К.)",женский,1,"Брак, каких мало",Роман в 2 частях,0,Пантеон,,1852,любовный,"Дворяне, разночнцы (гувернантка)",3 лицо,,любовный,любовный,NOUN ADJF ADVB,3,0,,,,,
"Лунский, Евгений (С.К.)",женский,1,Князь Родановский,Роман,0,Колосья,,1886,"бульварный роман,",аристократия,,,,,NOUN ADJF,2,0,,,,,
"Лутковский, Николай Петрович",мужской,0,Любовь моего соседа,Роман,1,Отд. изд.,Санкт-Петербург,1834,"любовный роман, роман воспитания",,3 лицо,,любовный,любовный,NOUN ADJF NOUN,3,0,,,,,
"Лухманова, Надежда Александровна",женский,0,Инна Воронцова,Психологический роман в двух частях,1,Отд. изд.,Санкт-Петербург,1899,психологический роман,"дворяне, разночинцы",3 лицо,,психологический,психологический,NOUN NOUN,2,0,,,,,
"Лухманова, Надежда Александровна",женский,0,Институтка,Роман,0,Возрождение,,1899,"психол.-автобиографический роман, институтки пансиона",,3 лицо,,психологический,психологический,NOUN,1,0,,,,,
"Лухманова, Надежда Александровна",женский,0,В порыве страстей,,1,Отд. изд.,Санкт-Петербург,1897,любовный роман,,,,любовный,любовный,PREP NOUN NOUN,3,0,,,,,
"Львов, Павел Юрьевич",мужской,0,"Российская Памела, или История Марии, добродетельной поселянки",Сочинение Павла Львова,1,Отд. изд.,Санкт-Петербург,1789,любовный,"дворяне, крестьяне",3 лицо,,любовный,любовный,ADJF NOUN CONJ NOUN NOUN ADJF NOUN,7,0,,,,,
"Львов, Павел Юрьевич",мужской,0,"Храм истины, или Видение Сезостриса, царя египетского",Сочинение Павла Львова,1,Отд. изд.,Санкт-Петербург,1790,фантастический,легендарные исторические фигуры,1 лицо,,фантастический,фантастический,NOUN NOUN CONJ NOUN NOUN NOUN ADJF,7,0,,,,,
"Львов, Федор Петрович",мужской,0,Письма Скимнина,,1,Отд. изд.,Санкт-Петербург,1813,сентиментальный,дворяне,в письмах,lvov_f_pisma_skimnina_1813.xml,сентиментальный,любовный,NOUN NOUN,2,0,сентиментальный,эпистолярный,нравоучительный,философский,
"Львова, Анфиса Петровна",женский,0,Ненастье,роман,1,Русская речь,Санкт-Петербург,1879,социально-психологический,дворяне,3 лицо,,социальный,социальный,NOUN,1,0,,,,,
"Львова, Анфиса Петровна",женский,0,Разоренье,Роман,0,Русская речь,,1880,"социально-психологический роман, светский роман",дворяне,3 лицо,,социальный,социальный,NOUN,1,0,,,,,
"Львова, Анфиса Петровна",женский,0,Старый дом,na,0,Русская речь,,1879,"психологический роман, светский роман",дворяне,,,психологический,психологический,ADJF NOUN,2,0,,,,,
"Льдов, Константин",мужской,1,Лицедеи,Роман,1,Отд. изд.,Санкт-Петербург,1892,социально-психологический,разночинцы,3 лицо,,социальный,социальный,NOUN,1,0,,,,,
"Льдов, Константин",мужской,1,Саранча,Роман,1,Отд. изд.,Санкт-Петербург,1894,роман о литературной среде,"петербург, общество, творчество, литературная среда",3 лицо,,,,NOUN,1,0,,,,,
"Льдов, Константин",мужской,1,Пустыня внемлет,Роман,1,Отд. изд.,Санкт-Петербург,1903,психологический роман; сумасшедший,служащие,3 лицо,,психологический,психологический,NOUN NOUN,2,0,,,,,
"Любецкий, Сергей Михайлович",мужской,0,"Сокольники, или Поколебание владычества татар над Россией",Исторический роман XIV века. Эпизод из княжения Дмитрия Донского,1,Отд. изд.,Москва,1832,исторический,легендарные исторические фигуры,3 лицо,,исторический,исторический,NOUN CONJ NOUN NOUN NOUN PREP NOUN,7,0,,,,,
"Любецкий, Сергей Михайлович",мужской,0,"Танька, разбойница Ростокинская, или Царские терема","Историческая повесть XVIII столетия. С песнями, обрядами и празднествами тогдашнего быта. Из преданий русской старины",1,Отд. изд.,Москва,1834,исторический роман,"Разбойники, крестьяне",3 лицо,,исторический,исторический,NOUN NOUN ADJF CONJ ADJF NOUN,6,0,,,,,
"Любецкий, Сергей Михайлович",мужской,0,Рыцарство XIX века,Современный рассказ с летописью нравов (в роде были),1,Отд. изд.,Москва,1839,"нравописательный роман, автобиографический роман",дворяне,3 лицо,,описательный,описательный,NOUN NUMR NOUN,3,0,,,,,
"Любецкий, Сергей Михайлович",мужской,0,Падение Великого Новгорода,"Исторический роман XV в., из княжения Иоанна Васильевича III Великого",1,Отд. изд.,Москва,1833,исторический,,,,исторический,исторический,NOUN NOUN NOUN,3,0,,,,,
"Любецкий, Сергей Михайлович",мужской,0,Рождение благословенного дома Романовых на Российском престоле,Романические картины исторических событий: в 4-х частях,1,Отд. изд.,Москва,1834,исторический,,,,исторический,исторический,NOUN ADJF NOUN NOUN PREP ADJF NOUN,7,0,,,,,
"Любич-Кошуров, Иоасаф Арианович",мужской,0,Пожар Москвы в 1812 году,роман,1,Отд. изд.,Москва,1912,"исторический, авантюрный",военные,3 лицо,,исторический,исторический,NOUN NOUN PREP NUMR NOUN,5,0,,,,,
"Любич-Кошуров, Иоасаф Арианович",мужской,0,Тушинские волки,Исторический роман,1,Отд. изд.,Москва,1913,"исторический роман для детей, авантюрный роман",,3 лицо,,исторический,исторический,ADJF NOUN,2,0,,,,,
Ляцкий Евгений Александрович,мужской,0,Тундра,роман,1,Отд. изд.,Прага,1925,роман о жизни русских эмигрантов,русские эмигранты,,,социальный,социальный,NOUN,1,0,,,,,
М.В.,женский,1,"Аннушка Водорацкая, сирота, дочь боярская",Роман о начале семнадцатого столетия: С иезуитского предания,1,Отд. изд.,Москва,1832,исторический,,,,исторический,исторический,NOUN ADJF NOUN NOUN ADJF,5,0,,,,,
М.Д.,na,1,Дмитрий Донской,исторический роман,1,Отд. изд.,Москва,1837,"исторический роман, князь, дмитрий донской",,,,исторический,исторический,NOUN ADJF,2,0,,,,,
"Макаров, Николай Петрович",мужской,0,Банк тщеславия,Бывальщина,1,Отд. изд.,Санкт-Петербург,1861,светский,,3 лицо,,светский,светский,NOUN NOUN,2,0,,,,,
"Макаров, Николай Петрович",мужской,0,Поддельщики,Роман Макарова,0,Илюстрированный вестник,,1880,,,3 лицо,,,,NOUN,1,0,,,,,
"Макаров, Николай Петрович",мужской,0,"Две сестрички, или Новое фарисейство",Нраво-описат. бывальщина,1,Отд. изд.,Санкт-Петербург,1861,,,,,,,NUMR NOUN CONJ NOUN NOUN,5,0,,,,,
"Макаров, Николай Петрович",мужской,0,Победа над самодурами и страдальческий крест,Сатирическая бывальщина,1,Отд. изд.,Санкт-Петербург,1861,"купцы, дворяне","купцы, дворяне",,,социальный,социальный,NOUN PREP NOUN CONJ ADJF NOUN,6,0,,,,,
"Макашовский, Н.",мужской,0,"Измена графини, или Самоубийство из мести",Уголовный роман,1,Отд. изд.,Москва,1887,,,3 лицо,,,,NOUN NOUN CONJ NOUN PREP NOUN,6,0,,,,,
"Маклецова, Наталия Петровна",женский,0,Предатель,Повесть из жизни Народной воли,1,Отд. изд.,Санкт-Петербург,1907,"политический, народовольцы",,3 лицо,,политический,социальный,NOUN,1,0,,,,,
"Маклецова, Наталия Петровна",женский,0,Революционер (История одной души),Роман из эпохи Великой французской революции,1,Отд. изд.,Москва,1900,"исторический, французские революионеры",,,,исторический,исторический,NOUN NOUN ADJF NOUN,4,0,,,,,
"Максимов, Александр Яковлевич",мужской,0,"Без руля, компаса и ветрил",Роман в двух частях,1,Отд. изд.,Санкт-Петербург,1902,"политический, социально-психологический","дворяне, чиновники",3 лицо,,политический,социальный,PREP NOUN NOUN CONJ NOUN,5,0,,,,,
"Максимов, Александр Яковлевич",мужской,0,В погоню за свободным трудом,Роман в двух частях,1,Отд. изд.,Санкт-Петербург,1899,"криминальный, политический, русские социалисты, американские работорговцы",,,,криминальный,криминальный,PREP NOUN PREP ADJF NOUN,5,0,,,,,
"Максимов, Александр Яковлевич",мужской,0,Роковой поцелуй,,1,Отд. изд.,Санкт-Петербург,1899,"политический, социально-психологический",,,,политический,социальный,ADJF NOUN,2,0,,,,,
"Мамин-Сибиряк, Дмитрий Наркисович",мужской,1,В водовороте страстей,Оригинальный роман,1,Отд. изд.,Санкт-Петербург,1876,авантюрный,купцы/промышленники,3 лицо,,авантюрный,приключенческий,PREP NOUN NOUN,3,0,,,,,
"Мамин-Сибиряк, Дмитрий Наркисович",мужской,1,Горное гнездо,Из уральской жизни,0,Отечественные записки,,1884,сатиристический,Промышленники,3 лицо,mamin-sibiryak_d_gornoe_gnezdo_1884.xml,сатирический,юмористический,ADJF NOUN,2,0,сатирический,бытовой,,,
"Мамин-Сибиряк, Дмитрий Наркисович",мужской,1,Жилка,Из рассказов о золоте,0,Вестник Европы,,1884,социально-психологический,Купцы/промышленники,3 лицо,mamin-sibiryak_d_dikoe_schaste_1884.xml,социальный,социальный,NOUN,1,0,социально-психологический,бытовой,,,
"Мамин-Сибиряк, Дмитрий Наркисович",мужской,1,Бурный поток (На улице),роман,0,Русская мысль,,1886,социально-психологический,петербургские газетчики,3 лицо,,социальный,социальный,ADJF NOUN PREP NOUN,4,0,,,,,
"Мамин-Сибиряк, Дмитрий Наркисович",мужской,1,Именинник,роман,0,Наблюдатель,,1888,социально-психологический,дворяне,3 лицо,mamin-sibiryak_d_imeninnik_1888.xml,социальный,социальный,NOUN,1,0,социально-психологический,бытовой,,,
"Мамин-Сибиряк, Дмитрий Наркисович",мужской,1,Три конца,Уральская летопись,0,Русская мысль,,1890,"политический, социально-психологический",рабочие,3 лицо,,политический,социальный,NUMR NOUN,2,0,,,,,
"Мамин-Сибиряк, Дмитрий Наркисович",мужской,1,Золото,роман,0,Северный вестник,,1892,социально-психологический,рабочие,3 лицо,,социальный,социальный,NOUN,1,0,,,,,
"Мамин-Сибиряк, Дмитрий Наркисович",мужской,1,Весенние грозы,Роман,0,Мир божий,,1893,"роман воспитания, семейная хроника",чиновники,3 лицо,mamin-sibiryak_d_vesennie_grozy_1893.xml,воспитания,воспитания,ADJF NOUN,2,0,роман воспитания,семейный,социально-психологический,,
"Мамин-Сибиряк, Дмитрий Наркисович",мужской,1,Без названия,Роман,0,Мир божий,,1894,"утопический, интеллигенция",интеллигенция,3 лицо,mamin-sibiryak_d_bez_nazvaniya_1894.xml,утопический,утопический,PREP NOUN,2,0,утопический,идеологический,философский,,
"Мамин-Сибиряк, Дмитрий Наркисович",мужской,1,Черты из жизни Пепко,Роман,0,Русское богатство,,1894,автобиографический,"Петербург, чахонка",1 лицо,mamin-sibiryak_d_cherty_iz_zhizni_pepko_1894.xml,автобиографический,биографический,NOUN PREP NOUN ADVB,4,0,социально-психологический,роман воспитания,,,
"Мамин-Сибиряк, Дмитрий Наркисович",мужской,1,Хлеб,Роман,0,Русская мысль,,1895,социально-психологический,крестьяне,3 лицо,,социальный,социальный,NOUN,1,0,,,,,
"Мамин-Сибиряк, Дмитрий Наркисович",мужской,1,По новому пути,Роман Д. Мамина-Сибиряка,0,Мир божий,,1896,социально-психологический,курсистка,3 лицо,,социальный,социальный,PREP ADJF NOUN,3,0,,,,,
"Мамин-Сибиряк, Дмитрий Наркисович",мужской,1,Падающие звезды,Рассказ,0,Русское богатство,,1899,"любовный, социально-психологический",разночинцы,3 лицо,mamin-sibiryak_d_padayushie_zvezdy_1899.xml,любовный,любовный,PRTF NOUN,2,0,любовный,социально-психологический,бытовой,,
"Мамин-Сибиряк, Дмитрий Наркисович",мужской,1,Приваловские миллионы,Роман,0,Дело,,1883,"социально-психологический, этнографический","дворяне. народ, промышленники",3 лицо,mamin-sibiryak_d_privalovskie_milliony_1883.xml,социальный,социальный,ADJF NOUN,2,0,социально-психологический,этнографический,бытовой,,
"Мар, Анна",женский,1,Тебе Единому согрешила,Роман из крымской жизни,1,Русская мысль,Москва,1914,любовный,разночинцы,3 лицо,brovar_a_tebe_edinomu_sogreshila_1914.xml,любовный,любовный,NPRO ADJF VERB,3,0,любовный,социально-психологический,религиозный,,
Мар Анна,женский,1,Женщина на кресте,Роман,1,Отд. изд.,Москва,1918,"социально-психологческий, любовный",,3 лицо,,социальный,социальный,NOUN PREP NOUN,3,0,,,,,
"Маривэ, К.",женский,1,Семейный разлад,(Повесть),0,Исторический вестник,,1909,семейный,,3 лицо,,семейный,семейный,ADJF NOUN,2,0,,,,,
"Маркевич, Болеслав Михайлович",мужской,0,Типы прошлого,Роман,0,Русский вестник,,1867,? исторический,дворяне,1 лицо,markevich_b_tipy_proshlogo_1867.xml,исторический,исторический,NOUN NOUN,2,0,исторический,бытовой,нравоописательный,,
"Маркевич, Болеслав Михайлович",мужской,0,Марина из Алого рога,Современная быль,0,Русский вестник,,1873,исторический,малоросские дворяне,3 лицо,markevich_b_marina_iz_alogo_roga_1873.xml,исторический,исторический,NOUN PREP ADJF NOUN,4,0,антинигилистический,светский,идеологический,нравоописательный,
"Маркевич, Болеслав Михайлович",мужской,0,Четверть века назад,Правдивая история,0,Русский вестник,,1878,,"разночинцы, дворяне",3 лицо,markevich_b_chetvert_veka_nazad_1878.xml,,,NOUN NOUN ADVB,3,0,исторический,светский,политический,,
"Маркевич, Болеслав Михайлович",мужской,0,Перелом,Правдивая история,0,Русский вестник,,1880,романы о нигилистах,"дворяне, разночинцы, революционеры",3 лицо,,антинигилистический,социальный,NOUN,1,0,,,,,
"Маркевич, Болеслав Михайлович",мужской,0,Бездна,Правдивая история,0,Русский вестник,,1883,"антинигилистический, социально-психологический",дворяне,3 лицо,markevich_b_bezdna_1883.xml,антинигилистический,социальный,NOUN,1,0,антинигилистический,социально-психологический,политический,идеологический,
"Марков, Владислав Львович",мужской,0,Курские порубженики,Исторический роман,0,Русский вестник,,1873,"исторический,",монахи,3 лицо,markov_v_kurskie_porubzheniki_1873.xml,исторический,исторический,ADJF NOUN,2,0,исторический,этнографический,,,
"Марков, Владислав Львович",мужской,0,Лихолетье,Исторический роман,0,Исторический вестник,,1882,исторический роман,аристократия прошлого,3 лицо,,исторический,исторический,NOUN,1,0,,,,,
"Марков, Владислав Львович",мужской,0,Однодворцы,Повесть,0,Наблюдатель,,1882,исторический,крестьяне?,3 лицо,,исторический,исторический,NOUN,1,0,,,,,
"Марков, Владислав Львович",мужской,0,Мечты и жизнь,Роман,0,Русское обозрение,,1895,,,3 лицо,,,,NOUN CONJ NOUN,3,0,,,,,
"Марков, Владислав Львович",мужской,0,Рассвет,Предки в трудное время,0,Русский вестник,,1903,исторический,военные,3 лицо,,исторический,исторический,NOUN,1,0,,,,,
"Марков, Владислав Львович",мужской,0,Знакомые люди,Роман,0,Наблюдатель,,1884,,,,,,,ADJF NOUN,2,0,,,,,
"Марков, Владислав Львович",мужской,0,В уездной глуши,,1,Отд. изд.,Санкт-Петербург,1903,,,,,,,PREP ADJF NOUN,3,0,,,,,
"Марков, Евгений Львович",мужской,0,Черноземные поля,Роман. В двух частях,0,Дело,,1876,,дворяне,3 лицо,markov_e_chernozemnye_polya_1876.xml,,,ADJF NOUN,2,0,бытовой,крестьянский,этнографический,,
"Марков, Евгений Львович",мужской,0,Берег моря,Роман из крымской жизни. В двух частях,0,Дело,,1879,"семейный, социально-психологический",разночинцы,3 лицо,,семейный,семейный,NOUN NOUN,2,0,,,,,
"Марков, Евгений Львович",мужской,0,Разбойница Орлиха,"роман в 3-х частях, из местных преданийXVIII в.",0,Русское обозрение,,1891,исторический,,3 лицо,,исторический,исторический,NOUN NOUN,2,0,,,,,
"Марченко, А.",женский,1,Мыльные пузыри,Роман,1,Отд. изд.,Санкт-Петербург,1858,"семейный, психологический, ? дворяне",,,,семейный,семейный,ADJF NOUN,2,0,,,,,
"Масальский, Константин Петрович",мужской,0,Стрельцы,сочинение Константина Масальского в 4 частях,1,Отд. изд.,Санкт-Петербург,1832,исторический,"военные, аристократия прошлого",3 лицо,masalskij_k_strelzy_1832.xml,исторический,исторический,NOUN,1,1,исторический,авантюрный,,,
"Масальский, Константин Петрович",мужской,0,Регенство Бирона,Русская историческая повесть первой половины XIX века,1,Отд. изд.,Санкт-Петербург,1834,исторический,Легендарные исторические фигуры,3 лицо,masalskij_k_regentstvo_birona_1834.xml,исторический,исторический,NOUN NOUN,2,0,исторический,политический,авантюрный,,
"Масальский, Константин Петрович",мужской,0,Бородолюбие,Исторические сцены из времен Петра Великого,1,Отд. изд.,Санкт-Петербург,1837,исторический,купцы,1 лицо,,исторический,исторический,NOUN,1,0,,,,,
"Масальский, Константин Петрович",мужской,0,Дворянин Лука Лукич Брюквин,роман,0,Сын Отечества,,1847,социальный,дворяне,3 лицо,,социальный,социальный,NOUN NOUN NOUN NOUN,4,0,,,,,
"Маслов, Николай Дмитриевич",мужской,0,Изъяны воли,роман в 3-х частях,0,"Ежемесячные литературные приложения к журналу ""Нива""",,1891,,чиновник,3 лицо,,,,NOUN NOUN,2,0,,,,,
Масловский Сергей Дмитриевич,мужской,1,Крыша мира,?,1,Отд. Изд.,Москва,1925,"социально-психологический, проводник-шутник",,3 лицо,,социальный,социальный,NOUN NOUN,2,0,,,,,
"Мачтет, Григорий Александрович",мужской,0,На заре,Роман,0,Русская мысль,,1892,социально-психологический,революционеры,3 лицо,,социальный,социальный,PREP NOUN,2,0,,,,,
"Машков, Петр Алексеевич",мужской,0,"Юмористические рассказы нашего времени, издаваемые Абракадаброю. Вот тебе и Марья Петровна! или Занимательные похождения помощника столоначальника Феклиста Парамоновича Вертихвостова",Вот тебе и Марья Петровна! или Занимательные похождения помощника столоначальника Феклиста Парамоновича Вертихвостова,1,Отд. изд.,Санкт-Петербург,1846,"авантюрно-сентиментальный, пикареска",чииновник,3 лицо,,авантюрный,приключенческий,ADJF NOUN ADJF NOUN PRTF NOUN PRCL NPRO CONJ NOUN NOUN CONJ ADJF NOUN NOUN NOUN NOUN NOUN NOUN,19,0,,,,,
"Машков, Петр Алексеевич",мужской,0,Виктор Полинский,Роман,1,Отд. изд.,Санкт-Петербург,1834,любовный,,3 лицо,,любовный,любовный,NOUN NOUN,2,0,,,,,
"Машков, Петр Алексеевич",мужской,0,Тайна жизни,Сочинение П. Машкова,1,Отд. изд.,Санкт-Петербург,1845,,,,,,,NOUN NOUN,2,0,,,,,
"Машков, Петр Алексеевич",мужской,0,Ужасный брак,"Событие 17 века, почерпнутое из записок одного англ. путешественника",1,Отд. изд.,Санкт-Петербург,1835,исторический,,,,исторический,исторический,ADJF NOUN,2,0,,,,,
"Мейснер, Александр Федорович",мужской,0,В забытых дебрях,Роман из быта северной деревни,1,Отд. изд.,Санкт-Петербург,1902,"любовный, психологический, крестьянка, помещик",,,,любовный,любовный,PREP ADJF NOUN,3,0,,,,,
"Мейснер, Александр Федорович",мужской,0,Один из Лопуховых,"Отрывки из забытой рукописи, найденной Егором Забиякиным",0,Север,,1910,"биографический, психологический, помещики",,,,биографический,биографический,ADJF PREP ADJF,3,0,,,,,
"Мельников-Печерский, Павел Иванович",мужской,1,В лесах,"Продолжение рассказа ""За Волгой""",0,Русский вестник,,1871,,"раскольники, крестьяне, купцы/промышленники",3 лицо,melnikov_p_v_lesakh_1875.xml,,,PREP NOUN,2,0,этнографический,бытовой,религиозный,хроникальный,
"Мельников-Печерский, Павел Иванович",мужской,1,На горах,Рассказ [в журнальной публикации с 1875 г.],0,Русский вестник,,1875,семейная хроника,"старообрядцы, купцы, крестьяне",3 лицо,melnikov_p_na_gorakh_1875.xml,семейный,семейный,PREP NOUN,2,0,семейный,этнографический,бытовой,религиозный,хроникальный
"Мердер (Северин), Надежда Ивановна",женский,1,Фамильная хроника Воротынцевых,,0,Исторический вестник,,1891,историко-нравственный роман,"дворяне, крестьяне",3 лицо,merder_n_familnaya_khronika_vorotynzevykh_1891.xml,исторический,исторический,ADJF NOUN NOUN,3,0,исторический,семейный,хроникальный,нравоописательный,
"Мердер, Надежда Ивановна",женский,1,Танькина карьера,Роман из быта петербургской прислуги,0,Русское обозрение,,1894,"социально-психологический, дворяне","крестьянка, прислуга, проститутув",3 лицо,,социальный,социальный,ADJF NOUN,2,0,,,,,
"Мережковский, Дмитрий Сергеевич",мужской,0,Смерть богов. (Юлиан Отступник),Исторический роман в 2 частях,0,Северный вестник,,1895,"трилогия ""христос и антихрист"". исторический, религиозно-философский роман",легендарные исторические фигуры,3 лицо,merezhkovskij_d_smert_bogov_yulian_otstupnik_1895.xml,философский,философский,NOUN NOUN NOUN NOUN,4,1,исторический,философский,религиозный,символистский,
"Мережковский, Дмитрий Сергеевич",мужской,0,Воскресшие боги. (Леонардо да Винчи),,1,Отд. изд.,Санкт-Петербург,1901,"исторический, философский (трилогия ""христос и антихрист"")",легендарные исторические фигуры,3 лицо,merezhkovskij_d_voskresshie_bogi_leonardo_da_vinchi_1901.xml,исторический,исторический,PRTF NOUN NOUN PRCL NOUN,5,1,исторический,философский,символистский,религиозный,биографический
"Мережковский, Дмитрий Сергеевич",мужской,0,Антихрист. Петр и Алексей,,0,Новый путь,,1904,"трилогия ""христос и антихрист"". исторический, религиозно-философский роман","царевич Алексей Петрович, Петр I, дворяне",3 лицо,merezhkovskij_d_antikhrist_petr_i_aleksej_1904.xml,философский,философский,NOUN NOUN CONJ NOUN,4,1,исторический,религиозный,философский,символистский,биографический
"Мережковский, Дмитрий Сергеевич",мужской,0,Александр Первый,роман,0,Русская мысль,,1911,"исторический, философский",аристократия прошлого,3 лицо,merezhkovskij_d_aleksandr_pervyj_1911.xml,исторический,исторический,NOUN ADJF,2,1,исторический,философский,биографический,религиозный,
Мережковский Дмитрий Сергеевич,мужской,0,14 декабря (Николай Первый),роман,1,Отд. изд.,П,1918,"исторический, религиозно-философский роман",аристократия прошлого,3 лицо,,исторический,исторический,NUMR NOUN NOUN ADJF,4,0,,,,,
Мережковский Дмитрий Сергеевич,мужской,0,Рождение богов. Тутанкамон на Крите,роман,0,Современные записки,,1924,"дилогия. исторический, религиозно-философский роман",,3 лицо,,философский,философский,NOUN NOUN NOUN PREP NOUN,5,0,,,,,
Мережковский Дмитрий Сергеевич,мужской,0,Мессия,роман,0,Современные записки,,1927,фантастический,,3 лицо,,фантастический,фантастический,NOUN,1,0,,,,,
"Меркли, Михаил Маркович",мужской,0,Борис Годунов и Россия в XVII столетии,Роман полуисторический,1,Отд. изд.,Москва,1837,исторический роман,бояре,3 лицо,,исторический,исторический,NOUN NOUN CONJ NOUN PREP NUMR NOUN,7,0,,,,,
"Мещерский, Владимир Петрович",мужской,0,Один из наших Бисмарков,фантастический роман в 3 частях,0,Гражданин,,1873,сатирический,"Бюрократы, аристократы",3 лицо,,сатирический,юмористический,ADJF PREP ADJF NOUN,4,0,,,,,
"Мещерский, Владимир Петрович",мужской,0,Женщины из большого петербургского света,Оригинальный роман в 3 частях,0,Гражданин,,1873,светский,дворяне,3 лицо,,светский,светский,NOUN PREP ADJF ADJF NOUN,5,0,,,,,
"Мещерский, Владимир Петрович",мужской,0,Лорд-апостол в большом петербуржском свете,Повесть К.В.М.,1,Отд. изд.,Санкт-Петербург; Москва,1876,социально-психологический,"дворяне, свет",3 лицо,,социальный,социальный,NOUN PREP ADJF ADJF NOUN,5,0,,,,,
"Мещерский, Владимир Петрович",мужской,0,Тайны современного Петербурга,Записки магистра Степана Боба,0,Гражданин,,1876,романы о нигилистах,нигилисты,1 лицо,,антинигилистический,социальный,NOUN ADJF NOUN,3,0,,,,,
"Мещерский, Владимир Петрович",мужской,0,Курсистка,повесть,1,Отд. изд.,Санкт-Петербург,1886,сатирический роман,Нигилисты,3 лицо,,сатирический,юмористический,NOUN,1,0,,,,,
"Мещерский, Владимир Петрович",мужской,0,Хочу быть русскою,Роман из большого петербургского света : В 4 ч.,1,Отд. изд.,Санкт-Петербург,1877,,,,,,,VERB INFN ADJF,3,0,,,,,
"Мещерский, Владимир Петрович",мужской,0,Граф Обезьянинов на новом месте,Фантастастический этюд в пяти частях,1,Отд. изд.,Санкт-Петербург,1879,сатирический роман,чиновники,3 лицо,,сатирический,юмористический,NOUN NOUN PREP ADJF NOUN,5,0,,,,,
"Мещерский, Владимир Петрович",мужской,0,Княгиня Лиза,Роман,1,Отд. изд.,Санкт-Петербург,1882,сатирический,дворяне,,,сатирический,юмористический,NOUN NOUN,2,0,,,,,
"Мещерский, Владимир Петрович",мужской,0,Дневник Ольги Николаевны,В.П. Мещерского,1,Отд. изд.,Санкт-Петербург,1885,сатирический роман,,,,сатирический,юмористический,NOUN NOUN NOUN,3,0,,,,,
"Мещерский, Владимир Петрович",мужской,0,Недоразумение,"Роман. 3 ч. : Продолжение романа ""Женщины петербургского большого света""",1,Отд. изд.,Санкт-Петербург,1885,сатирический роман. высший свет,,,,сатирический,юмористический,NOUN,1,0,,,,,
"Мещерский, Владимир Петрович",мужской,0,Один из наших Мольтке,этюд,1,Отд. изд.,Санкт-Петербург,1890,,,,,,,ADJF PREP ADJF NOUN,4,0,,,,,
"Мещерский, Владимир Петрович",мужской,0,Святоши большого света,этюд,1,Отд. изд.,Санкт-Петербург,1891,сатирический роман,,,,сатирический,юмористический,NOUN ADJF NOUN,3,0,,,,,
"Мещерский, Владимир Петрович",мужской,0,Мужчины петербуржского большого света,na,1,Отд. изд.,Санкт-Петербург,1897,сатирический роман,,,,сатирический,юмористический,NOUN ADJF ADJF NOUN,4,0,,,,,
"Мещерский, Владимир Петрович",мужской,0,Письма от отца к сыну (старого правоведа к новому) и сына (министра) к отцу,(Из прошлого),1,Отд. изд.,Санкт-Петербург,1897,сатирический роман,,,,сатирический,юмористический,NOUN PREP NOUN PREP NOUN NOUN NOUN PREP ADJF CONJ NOUN NOUN PREP NOUN,14,0,,,,,
"Миклашевич, Варвара Семеновна",женский,0,"Село Михайловское, или Помещик XVIII столетия",роман в 4 частях,0,Сын отечества,,1831,исторический; роман тайн,"помещики, администрация, духовенство",3 лицо,,исторический,исторический,VERB ADJF CONJ NOUN NUMR NOUN,6,0,,,,,
"Микулич, В.",женский,1,Мимочка,Очерк,0,Северный вестник,,1898,социально-психологический,дворяне,3 лицо,veselitskaya_l_mimochka_1898.xml,социальный,социальный,NOUN,1,0,социально-психологический,бытовой,,,
"Миллер, Федор Богданович",мужской,0,Цыганка,Роман,1,Отд. изд.,Москва,1839,любовный,цыгане,1 лицо,,любовный,любовный,NOUN,1,0,,,,,
"Минцлов, Сергей Рудольфович",мужской,0,В лесах Литвы,историческая повесть,1,Отд. изд.,Санкт-Петербург,1904,авантюрный,рыцари,3 лицо,,авантюрный,приключенческий,PREP NOUN NOUN,3,0,,,,,
"Минцлов, Сергей Рудольфович",мужской,0,На заре века,Историческая повесть С. Минцлова,1,Отд. изд.,Санкт-Петербург,1901,исторический роман,исторические фигуры,,,исторический,исторический,PREP NOUN NOUN,3,0,,,,,
"Минцлов, Сергей Рудольфович",мужской,0,В грозу,Историческая повесть из эпохи Петра Великого,1,Отд. изд.,Рига,1903,,,,,,,PREP NOUN,2,0,,,,,
"Минцлов, Сергей Рудольфович",мужской,0,Во тьме,повесть,1,Отд. изд.,Санкт-Петербург,1907,из быта раскольников,раскольники,,,бытоописательный,описательный,PREP NOUN,2,0,,,,,
"Минцлов, Сергей Рудольфович",мужской,0,Литва,роман,1,Отд. изд.,Санкт-Петербург,1911,исторический,,,,исторический,исторический,NOUN,1,0,,,,,
Минцлов Сергей Рудольфович,мужской,0,Под шум дубов,?,1,Отд.изд.,Берлин,1919,об обороне псково-печорского монастыря немецкими захватчиками в 1501 г.,военные,,,военный,исторический,PREP NOUN ADJS,3,0,,,,,
Минцлов Сергей Рудольфович,мужской,0,Царь Берендей,?,1,Отд.изд.,Берлин,1923,фантастический,,,,фантастический,фантастический,NOUN NOUN,2,0,,,,,
Минцлов Сергей Рудольфович,мужской,0,Сны земли,?,1,Отд.изд.,Берлин,1924,,,,,,,NOUN NOUN,2,0,,,,,
Минцлов Сергей Рудольфович,мужской,0,Гусарский монастырь,?,1,Отд. изд.,София,1925,,,3 лицо,,,,ADJF NOUN,2,0,,,,,
Минцлов Сергей Рудольфович,мужской,0,Закат,?,1,Отд. изд.,Берлин,1926,,,,,,,NOUN,1,0,,,,,
Минцлов Сергей Рудольфович,мужской,0,Приключения студентов,?,1,отд.изд.,Рига,1928,"исторический, авантюрный",разночинцы,3 лицо,,исторический,исторический,NOUN NOUN,2,0,,,,,
Минцлов Сергей Рудольфович,мужской,0,Мерцанье дали,?,1,Отд.изд.,Рига,1930,,,,,,,NOUN VERB,2,0,,,,,
Минцлов Сергей Рудольфович,мужской,0,Орлиный взлет,?,1,отд.изд.,Рига,1931,исторический,аристократия прошлого,3 лицо,,исторический,исторический,ADJF NOUN,2,0,,,,,
"Мирошевский, Василий Иванович",мужской,0,"Девица Всеволожская, или Картины русского быта в XVII веке",сочинение В. Мирошевского,1,Отд. изд.,Санкт-Петербург,1839,исторический роман,дворяне,3 лицо,,исторический,исторический,NOUN ADJF CONJ NOUN ADJF NOUN PREP NUMR NOUN,9,0,,,,,
"Михайлов, Михаил Ларионович",мужской,0,За пределами истории,За миллионы лет,0,Дело,,1869,исторический,,3 лицо,mikhajlov_m_za_predelami_istorii_1869.xml,исторический,исторический,PREP NOUN NOUN,3,0,исторический,философский,утопический,,
"Михайлов, Михаил Ларионович",мужской,0,Марья Ивановна,Роман,0,Отечественные записки,,1853,"социально-психологический, крестьяне, помещики",крестьяне,3 лицо,mikhajlov_m_marya_ivanovna_1853.xml,социальный,социальный,NOUN NOUN,2,0,социально-психологический,бытовой,,,
"Михайлов, Михаил Ларионович",мужской,0,Перелетные птицы,Роман,0,Отечественные записки,,1854,социально-психологический,Разночинцы,3 лицо,,социальный,социальный,ADJF NOUN,2,0,,,,,
"Михайлов, Михаил Ларионович",мужской,0,Благодетели,Роман,0,Русское слово,,1859,социально-психологический,дворяне,3 лицо,,социальный,социальный,NOUN,1,0,,,,,
"Михайлов, Михаил Ларионович",мужской,0,Вместе,Роман,0,Дело,,1870,социально-психологический,дворяне,3 лицо,mikhajlov_m_vmeste_1870.xml,социальный,социальный,ADVB,1,0,социально-психологический,идеологический,бытовой,,
"Михеев, Василий Михайлович",мужской,0,Золотые россыпи,Роман в 2 ч.,1,Артист,Москва,1893,социально-психологический,рабочие,3 лицо,,социальный,социальный,NOUN NOUN,2,0,,,,,
"Михневич, Владимир Осипович",мужской,0,Москвичка,роман-фельетон из петербургских нравов,1,Отд. изд.,Санкт-Петербург,1891,социально-психологический,интеллигенция,3 лицо,,социальный,социальный,NOUN,1,0,,,,,
"Михневич, Владимир Осипович",мужской,0,В петербургском омуте,Роман-фельетон из времен войны 1877 г.,1,Отд. изд.,Санкт-Петербург,1879,исторический,,,,исторический,исторический,PREP ADJF NOUN,3,0,,,,,
"Мордовцев, Даниил Лукич",мужской,0,Новые русские люди,Повесть из жизни шестидесятых годов,0,Всемирный труд,,1868,социально-психологический,,1 лицо,,социальный,социальный,NOUN ADJF NOUN,3,0,,,,,
"Мордовцев, Даниил Лукич",мужской,0,Знамение времени,,0,Всемирный труд,,1869,социально-психологический,разночинцы,3 лицо,,социальный,социальный,NOUN NOUN,2,0,,,,,
"Мордовцев, Даниил Лукич",мужской,0,Идеалисты и реалисты,Исторический роман,1,Отд. изд.,Санкт-Петербург,1878,исторический,аристократия прошлого,3 лицо,mordovzev_d_idealisty_i_realisty_1878.xml,исторический,исторический,NOUN CONJ NOUN,3,0,исторический,политический,идеологический,,
"Мордовцев, Даниил Лукич",мужской,0,Двенадцатый год,исторический роман : в 3 ч,1,Отд. изд.,Санкт-Петербург,1879,исторический,военные,3 лицо,mordovzev_d_dvenadzatyj_god_1879.xml,исторический,исторический,ADJF NOUN,2,0,исторический,военный,,,
"Мордовцев, Даниил Лукич",мужской,0,Лжедмитрий,Исторический роман из смутного времени,1,Отд. изд.,Санкт-Петербург,1879,исторический,легендарные исторические фигуры,3 лицо,,исторический,исторический,NOUN,1,0,,,,,
"Мордовцев, Даниил Лукич",мужской,0,Царь и гетман,Исторический роман,1,Отд. изд.,Москва,1880,исторический,легендарные исторические фигуры,3 лицо,mordovzev_d_zar_i_getman_1880.xml,исторический,исторический,NOUN CONJ NOUN,3,0,исторический,биографический,политический,,
"Мордовцев, Даниил Лукич",мужской,0,Великий раскол,исторический роман в 2 частях,1,Отд. изд.,Санкт-Петербург,1881,исторический,"легендарные исторические фигуры, духовенство",3 лицо,mordovzev_d_velikij_raskol_1881.xml,исторический,исторический,ADJF NOUN,2,0,исторический,религиозный,этнографический,,
"Мордовцев, Даниил Лукич",мужской,0,Господин Великий Новгород,Историческая повесть,1,Отд. изд.,Москва,1882,исторический,"новгородцы, легендарные исторические фигуры(Иван III, Казимир)",3 лицо,mordovzev_d_gospodin_velikij_novgorod_1882.xml,исторический,исторический,NOUN ADJF NOUN,3,0,исторический,этнографический,,,
"Мордовцев, Даниил Лукич",мужской,0,Сагайдачный,Историческая повесть,1,Отд. изд.,Санкт-Петербург,1882,исторический,запорожское казачество,3 лицо,,исторический,исторический,ADJF,1,0,,,,,
"Мордовцев, Даниил Лукич",мужской,0,Авантюристы,Историческая повесть времени царствования Екатерины II,1,Отд. изд.,Санкт-Петербург,1886,исторический,"дворяне, легендарные исторические фигуры",3 лицо,mordovzev_d_avantyuristy_1886.xml,исторический,исторический,NOUN,1,0,исторический,авантюрный,приключенческий,бытовой,
"Мордовцев, Даниил Лукич",мужской,0,Похороны,Исторический роман,1,Отд. изд.,Санкт-Петербург,1886,исторический,"военные, народности и этнические группы",3 лицо,,исторический,исторический,NOUN,1,0,,,,,
"Мордовцев, Даниил Лукич",мужской,0,Кум Иван,Историческая быль,0,Исторический вестник,,1887,историческая повесть,легендарные исторические фигуры,3 лицо,mordovzev_d_kum_ivan_1887.xml,исторический,исторический,NOUN NOUN,2,0,исторический,этнографический,авантюрный,,
"Мордовцев, Даниил Лукич",мужской,0,Из прошлого,Роман. 4 ч.,1,Отд. изд.,Санкт-Петербург,1887,исторический,дворяне,1 лицо,,исторический,исторический,PREP NOUN,2,0,,,,,
"Мордовцев, Даниил Лукич",мужской,0,Поиманы ести Богом и великим государем,исторический фреск 1509-1510 гг.,1,Исторический вестник,Санкт-Петербург,1888,историческая повесть,аристократия прошлого,3 лицо,,исторический,исторический,NOUN NOUN NOUN CONJ NOUN NOUN,6,0,,,,,
"Мордовцев, Даниил Лукич",мужской,0,Замурованная царица,роман из жизни древнего Египта,1,Отд. изд.,Санкт-Петербург,1891,исторический,царица,3 лицо,mordovzev_d_zamurovannaya_zariza_1891.xml,исторический,исторический,PRTF NOUN,2,0,исторический,авантюрный,,,
"Мордовцев, Даниил Лукич",мужской,0,Царь без царства,роман из истории последних дней царства Имеретинского,1,Отд. изд.,Санкт-Петербург,1891,исторический,царь,3 лицо,,исторический,исторический,NOUN PREP NOUN,3,0,,,,,
"Мордовцев, Даниил Лукич",мужской,0,Богиня Изида-сваха,,1,Отд. изд.,Санкт-Петербург,1895,"исторический, богиня",история,3 лицо,,исторический,исторический,NOUN NOUN,2,0,,,,,
"Мордовцев, Даниил Лукич",мужской,0,Железом и кровью,Роман из истории завоевания Кавказа при Еромолове,1,Отд. изд.,Санкт-Петербург,1896,"исторический, военные","военные, народности и этнические группы",3 лицо,,исторический,исторический,NOUN CONJ NOUN,3,0,,,,,
"Мордовцев, Даниил Лукич",мужской,0,Свету больше!,исторический роман,1,Отд. изд.,Санкт-Петербург,1896,исторический,"бояре, царская семья",3 лицо,,исторический,исторический,NOUN COMP,2,0,,,,,
"Мордовцев, Даниил Лукич",мужской,0,Ирод,Исторический роман,1,Отд. изд.,Санкт-Петербург,1897,исторический роман,аристократия прошлого,3 лицо,mordovzev_d_irod_1897.xml,исторический,исторический,NOUN,1,0,исторический,религиозный,психологический,,
"Мордовцев, Даниил Лукич",мужской,0,Прометеево потомство,Роман из истории последних дней независимости Абхазии в трех частях,1,Отд. изд.,Санкт-Петербург,1897,исторический,народности и этнические группы,3 лицо,,исторический,исторический,NOUN NOUN,2,0,,,,,
"Мордовцев, Даниил Лукич",мужской,0,Державный плотник,Исторический роман,1,Отд. изд.,Санкт-Петербург,1899,исторический,легендарные исторические фигуры,3 лицо,mordovzev_d_derzhavnyj_plotnik_1899.xml,исторический,исторический,ADJF NOUN,2,0,исторический,биографический,политический,,
"Мордовцев, Даниил Лукич",мужской,0,Профессор Ратмиров,роман-быль,0,Книжки Недели,,1889,социально-психологический,,,,социальный,социальный,NOUN NOUN,2,0,,,,,
"Морозов, Михаил Абрамович",мужской,0,В потемках,роман,1,Отд. изд.,Санкт-Петербург,1895,"социально-психологический, автобиография, купечество",,,,социальный,социальный,PREP NOUN,2,0,,,,,
"Морской, Н.",мужской,1,Аристократия Гостиного двора,Картины нравов,1,Отд. изд.,Санкт-Петербург,1879,социально-психологический,"богема, артисты",3 лицо,,социальный,социальный,NOUN ADJF NOUN,3,0,,,,,
"Морской, Н.",мужской,1,Купленное счастье,Роман,0,Нива,,1880,социально-психологический,дворяне,3 лицо,,социальный,социальный,PRTF NOUN,2,0,,,,,
"Морской, Н.",мужской,1,Содом,Роман Н. Морского,1,"Еженед. «Нового времени, НВ",Санкт-Петербург,1880,соц.-психологический,,3 лицо,,социальный,социальный,NOUN,1,0,,,,,
Мстиславский Сергей Дмитриевич,мужской,0,На крови,?,1,Отд. Изд.,"М., Л.",1928,социально-психологический,"аристократия, революционеры",1 лицо,,социальный,социальный,PREP NOUN,2,0,,,,,
Мстиславский Сергей Дмитриевич,мужской,0,Союз тяжелой кавалерии,?,1,Отд. Изд.,"М., Л.",1929,исторический,легендарные исторические фигуры,,,исторический,исторический,NOUN ADJF NOUN,3,0,,,,,
Мстиславский Сергей Дмитриевич,мужской,0,Без себя,?,1,Отд. Изд.,"М., Л.",1930,исторический,"военные, моряки",,,исторический,исторический,PREP NPRO,2,0,,,,,
Мстиславский Сергей Дмитриевич,мужской,0,Партионцы,?,1,Отд. Изд.,М.,1933,социально-психологический,народовольцы,,,социальный,социальный,NOUN,1,0,,,,,
"Муйжель, Виктор Васильевич",мужской,0,Год,роман,0,Русское богатство,,1911,социально-психологический,крестьяне,3 лицо,mujzhel_v_god_1911.xml,социальный,социальный,NOUN,1,0,социально-психологический,бытовой,крестьянский,,
"Муравьев, Николай",мужской,1,Женщина на пути,роман,1,Отд. изд.,Москва,1917,психолого-философский роман,,,,психологический,психологический,NOUN PREP NOUN,3,0,,,,,
"Муравьев, Николай Назарьевич",мужской,0,Всеволод и Велеслава,"Произшествие, сохранившееся в письмах",1,Отд. изд.,Санкт-Петербург,1807,социально-психологический,,в письмах,,социальный,социальный,NOUN CONJ NOUN,3,0,,,,,
Муратов Павел Павлович,мужской,0,Эгерия,?,1,Отд. изд.,Берлин-Петербург-Москва,1922,"исторический, итальянские аристократы",,1 лицо,,исторический,исторический,NOUN,1,0,,,,,
"Мурахина, Любовь Алексеевна",женский,1,Пирамида Хеопса,,0,Вешние воды,,1917,"приключенческий, мистический","евреи, арийцы, история Др. Египта",3 лицо,,приключенческий,приключенческий,NOUN NOUN,2,0,,,,,
"Мышицкий, Нил Алексеевич",мужской,0,"Сицкий, капитан фрегата",сочинение князя Н. Мышицкого,1,Маяк; Северная пчела,Санкт-Петербург,1840,любовный,моряки,3 лицо,,любовный,любовный,NOUN NOUN NOUN,3,0,,,,,
"Мясницкий, Иван Ильич",мужской,1,Старообрядка,роман,1,Отд. изд.,Москва,1904,"социоально-бытовой, купцы",купцы,3 лицо,,социальный,социальный,NOUN,1,0,,,,,
"Нагродская, Евдокия Аполлоновна",женский,0,Черное дело,,1,Свет,Санкт-Петербург,1889,уголовный,,3 лицо,,уголовный,криминальный,ADJF NOUN,2,0,,,,,
"Нагродская, Евдокия Аполлоновна",женский,0,Петербургские тайны,,0,Свет,,1890,уголовный,,3 лицо,,уголовный,криминальный,ADJF NOUN,2,0,,,,,
"Нагродская, Евдокия Аполлоновна",женский,0,Гнев Диониса,роман,1,Отд. изд.,Санкт-Петербург,1910,"любовный, авантюрный","богема, разночинцы, творческие люди",1 лицо,nagrodskaya_e_gnev_dionisa_1910.xml,любовный,любовный,NOUN NOUN,2,0,адюльтерный,любовный,психологический,феминистский,
"Нагродская, Евдокия Аполлоновна",женский,0,У бронзовой двери,,1,Отд. изд.,Санкт-Петербург,1913,"любовный, социально-психологический","люди искусства, купцы, революционеры",3 лицо,,любовный,любовный,PREP ADJF NOUN,3,0,,,,,
"Нагродская, Евдокия Аполлоновна",женский,0,Белая коллонада,роман,1,Отд. изд.,Петроград,1914,,,3 лицо,nagrodskaya_e_belaya_kollonada_1914.xml,,,ADJF NOUN,2,0,социально-психологический,любовный,феминистский,,
"Нагродская, Евдокия Аполлоновна",женский,0,Злые духи,роман,1,Отд. изд.,Петроград,1915,мистический,,3 лицо,,мистический,фантастический,ADJF NOUN,2,0,,,,,
"Нагродская, Евдокия Аполлоновна",женский,0,Мертвая петля,роман,1,Свет,Санкт-Петербург,1889,"уголовный, детективный",духовенство/священники,,,уголовный,криминальный,ADJF GRND,2,0,,,,,
"Нагродская, Евдокия Аполлоновна",женский,0,Дочь дьявола,na,0,"Сын отечества, еженед. прил.",,1894,"мистический, аристократы",,,,мистический,фантастический,NOUN NOUN,2,0,,,,,
"Нагродская, Евдокия Аполлоновна",женский,0,Борьба микробов,,1,Отд. изд.,Санкт-Петербург,1913,любовный,аристократия,,,любовный,любовный,NOUN NOUN,2,0,,,,,
Нагродская Евдокия Аполлоновна,женский,0,Записки Романа Васильева,?,1,Отд. изд.,Париж,1922,автобиографический роман,,,,автобиографический,биографический,NOUN NOUN NOUN,3,0,,,,,
Нагродская Евдокия Аполлоновна,женский,0,Правда о семье моей жены,?,1,Отд. изд.,Б,1922,,,,,,,PRCL PREP NOUN ADJF NOUN,5,0,,,,,
Нагродская Евдокия Аполлоновна,женский,0,Река времен,?,1,Отд. изд.,Б,1924,исторический,масоны,,,исторический,исторический,NOUN NOUN,2,0,,,,,
"Надеждин, Александр Евграфович",мужской,0,Блудный сын,,0,Северная пчела,,1859,социальный,дворяне,3 лицо,,социальный,социальный,ADJF NOUN,2,0,,,,,
"Наживин, Иван Федорович",мужской,0,Менэ… тэкел… фарес…,роман,1,Отд. изд.,Москва,1907,автобиографический роман,купцы,,,автобиографический,биографический,NOUN NOUN NOUN,3,0,,,,,
"Назарьев, Александр Петрович",мужской,0,"Несчастный Никанор, или Приключение жизни российского дворянина Н********",,1,Отд. изд.,Санкт-Петербург,1775,,дворяне,3 лицо,nazarev_a_neschastnyj_nikanor_ili_priklyuchenie_zhizni_rossijskogo_dvoryanina_n_1775.xml,,,ADJF NOUN CONJ NOUN NOUN ADJF NOUN ADJF,8,0,авантюрный,сентиментальный,нравоучительный,,
"Назарьева, Капитолина Валериановна",женский,0,Кривой дорогой,Повесть в 2-х частях,1,Гражданин,Санкт-Петербург,1883,,,3 лицо,,,,NOUN ADVB,2,0,,,,,
"Назарьева, Капитолина Валериановна",женский,0,Чужая вина,Роман в трех частях,0,Живописное обозрение,,1888,,,3 лицо,,,,ADJF NOUN,2,0,,,,,
"Назарьева, Капитолина Валериановна",женский,0,"Брак, каких мало",Роман,0,Живописное обозрение,,1889,семейная хроника,,3 лицо,,семейный,семейный,NOUN ADJF ADVB,3,0,,,,,
"Назарьева, Капитолина Валериановна",женский,0,Личное счастье,Сказка,0,Родина,,1901,,,3 лицо,,,,ADJF NOUN,2,0,,,,,
"Назарьева, Капитолина Валериановна",женский,0,Потомки титанов,Исторический роман из эпохи Екатерины Великой,1,Отд. изд.,Санкт-Петербург,1902,исторический роман,аристократия прошлого,3 лицо,,исторический,исторический,NOUN NOUN,2,0,,,,,
"Назарьева, Капитолина Валериановна",женский,0,В когтях нищеты,Уголовный роман из русской жизни в 2 частях,1,Отд. изд.,Санкт-Петербург,1884,уголовный,,,,уголовный,криминальный,PREP NOUN NOUN,3,0,,,,,
"Назарьева, Капитолина Валериановна",женский,0,"Из огня, да в полымя",Роман в 2 частях,1,Отд. изд.,Санкт-Петербург,1884,,,,,,,PREP NOUN PRCL PREP NOUN,5,0,,,,,
"Назарьева, Капитолина Валериановна",женский,0,Скорбный путь,Роман в 2 частях,1,Отд. изд.,Санкт-Петербург,1885,"семейный, детектив",,,,семейный,семейный,ADJF NOUN,2,0,,,,,
"Назарьева, Капитолина Валериановна",женский,0,В тисках,роман,1,Отд. изд.,Санкт-Петербург,1889,,,,,,,PREP NOUN,2,0,,,,,
"Назарьева, Капитолина Валериановна",женский,0,Развенчанная королева,роман из современной сербской придворной жизни в 2-х частях,1,Отд. изд.,Санкт-Петербург,1890,,,,,,,PRTF NOUN,2,0,,,,,
"Назарьева, Капитолина Валериановна",женский,0,Рыцарь тьмы,роман,1,Отд. изд.,Санкт-Петербург,1890,уголовный,,,,уголовный,криминальный,NOUN NOUN,2,0,,,,,
"Назарьева, Капитолина Валериановна",женский,0,Чертово гнездо,роман в 2 частях,1,Отд. изд.,Санкт-Петербург,1890,,,,,,,ADJS NOUN,2,0,,,,,
"Назарьева, Капитолина Валериановна",женский,0,Дорогой ценой,Роман,1,Отд. изд.,Санкт-Петербург,1898,соц.-психологический,"разночинцы, врачи",,,социальный,социальный,ADVB NOUN,2,0,,,,,
"Нарежный, Василий Трофимович",мужской,0,"Российский Жилблаз, или Похождения графа Гаврилы Семеновича Чистякова",сочинение В. Нарежного,0,Отд. изд.,,1814,авантюрный,"дворяне, крестьяне",3 лицо,narezhnyj_v_rossijskij_zhilblaz_ili_pokhozhdeniya_knyazya_gavrily_simonovicha_chistyakova_1814.xml,авантюрный,приключенческий,ADJF NOUN CONJ NOUN NOUN NOUN NOUN NOUN,8,0,плутовской,авантюрный,сатирический,бытовой,
"Нарежный, Василий Трофимович",мужской,0,"Аристион, или Перевоспитание",Справедливая повесть,1,Отд. изд.,Санкт-Петербург,1822,роман воспитания,дворяне,3 лицо,,воспитания,воспитания,NOUN CONJ NOUN,3,0,,,,,
"Нарежный, Василий Трофимович",мужской,0,Бурсак,Малоросская повесть,1,Отд. изд.,Москва,1824,авантюрный,"духовенство, дворяне",1 лицо,narezhnyj_v_bursak_1824.xml,авантюрный,приключенческий,NOUN,1,1,плутовской,исторический,сатирический,бытовой,нравоописательный
"Нарежный, Василий Трофимович",мужской,0,"Черный год, или Горские князья",Сочинение Василия Нарежного,1,Отд. изд.,Москва,1829,"плутовской роман, авантюрный, сатира, осетины, кавказцы",,,,плутовской,приключенческий,NOUN NOUN CONJ ADJF NOUN,5,0,,,,,
"Нарский, С.",мужской,1,Железнодорожные громилы,Роман из современной жизни С. Нарского.,0,Петербургский листок,,1901,"криминальный, уголовники",,3 лицо,,криминальный,криминальный,ADJF NOUN,2,0,,,,,
"Нарский, С.",мужской,1,На каторгу,Роман из современной жизни А. Д. Янова.,0,Петербургский листок,,1902,криминальный,криминальный мир,3 лицо,,криминальный,криминальный,PREP NOUN,2,0,,,,,
"Невежин, Пётр Михайлович",мужской,0,Приманка,Роман,1,Отд. изд.,Москва,1898,социально-психологический,разночинцы,3 лицо,,социальный,социальный,NOUN,1,0,,,,,
"Невежин, Пётр Михайлович",мужской,0,Озлобленные,Роман,1,Отд. изд.,Москва,1902,социально-психологический,дворяне,3 лицо,,социальный,социальный,PRTF,1,0,,,,,
"Невежин, Пётр Михайлович",мужской,0,Знаменитость,Роман,1,Отд. изд.,Москва,1899,"социально-психологический, музыканты",,,,социальный,социальный,NOUN,1,0,,,,,
"Недолин, М.А.",мужской,1,Не в ту силу,роман,1,Отд. изд. (СС),Киев,1879,социально-психологический,дворяне,3 лицо,,социальный,социальный,PRCL PREP ADJF NOUN,4,0,,,,,
"Неелова, Наталья Алексеевна",женский,0,"Лейнард и Термилия, или Злосчастная судьба даух любовников",Сочинение девицы Н. Н.; Иждивением Н. Новикова и Компании,1,Отд. изд.,Москва,1784,сентиментальная повесть,"? (молодой и богатый человек, дочь богатой вдовы)",3 лицо,neelova_n_lejnard_i_termiliya_ili_zloschastnaya_sudba_daukh_lyubovnikov_1784.xml,сентиментальный,любовный,NOUN CONJ NOUN CONJ ADJF NOUN NOUN NOUN,8,0,сентиментальный,любовный,нравоучительный,,
Неженатый Серафим,мужской,1,От поцелуя к поцелую,Роман,1,Отд. изд.,Санкт-Петербург,1872,сатирический роман,чиновники,3 лицо,,сатирический,юмористический,PREP NOUN PREP NOUN,4,0,,,,,
"Некрасов, Николай Алексеевич",мужской,0,Жизнь и похождения Тихона Тростникова,"Эпизод из жизни сотрудника газеты, знаменитой замысловатостью эпиграфа, — рассказанный коротким его приятелем",0,Отечественные записки,,1843,"социально-психологический, разночинцы",,1 лицо,nekrasov_n_zhizn_i_pokhozhdeniya_tikhona_trostnikova_1843.xml,социальный,социальный,NOUN CONJ NOUN NOUN ADJS,5,0,социально-психологический,,,,
"Некрасов, Николай Алексеевич",мужской,0,"Тонкий человек, его приключения и наблюдения",,0,Современник,,1855,социально-психологический,дворяне,3 лицо,nekrasov_n_tonkij_chelovek_ego_priklyucheniya_i_nablyudeniya_1855.xml,социальный,социальный,ADJF NOUN NPRO NOUN CONJ NOUN,6,0,социально-психологический,сатирический,,,
"Некрасов, Николай Алексеевич, Панаева, Авдотья Яковлевна, Панаев, Ипполит Александрович","мужской, женский",0,Три страны света,роман,0,Современник,,1848,приключенческий,"разночинцы, дворяне, крестьяне",3 лицо,nekrasov_n_tri_strany_sveta_1848.xml,приключенческий,приключенческий,NUMR NOUN NOUN,3,1,приключенческий,авантюрный,,,
"Некрасов, Николай Алексеевич, Панаева, Авдотья Яковлевна, Панаев, Ипполит Александрович","мужской, женский",0,Мертвое озеро,роман,0,Современник,,1851,социально-психологический,Дворяне,3 лицо,nekrasov_n_mertvoe_ozero_1851.xml,социальный,социальный,ADJF NOUN,2,0,социально-психологический,бытовой,,,
"Немирович-Данченко, Василий Иванович",мужской,0,Вперед!,Роман из событий последней турецкой войны,1,Отд. изд.,Санкт-Петербург,1883,"приключенческий, авантюрный","военные, народности и этнические группы (турчанка)",3 лицо,nemirovich-danchenko_v_vpered_1883.xml,приключенческий,приключенческий,ADVB,1,0,приключенческий,авантюрный,,,
"Немирович-Данченко, Василий Иванович",мужской,0,На пути к счастью,Роман в двух частях,0,Нива,,1897,,,3 лицо,nemirovich-danchenko_v_na_puti_k_schastyu_1897.xml,,,PREP NOUN PREP NOUN,4,0,социально-психологический,любовный,нравоописательный,,
"Немирович-Данченко, Василий Иванович",мужской,0,На пути к вечности,Роман,0,Нива,,1898,социально-психологический,"дворяне, разночинцы",3 лицо,,социальный,социальный,PREP NOUN PREP NOUN,4,0,,,,,
"Немирович-Данченко, Василий Иванович",мужской,0,Старые письма,Роман,1,Отд. изд.,Санкт-Петербург,1899,социально-психологический,разночинцы,1 лицо,,социальный,социальный,NOUN NOUN,2,0,,,,,
"Немирович-Данченко, Василий Иванович",мужской,0,Рядовой Неручев,Роман,1,Отд. изд.,Санкт-Петербург,1900,"исторический, социально-пстхологический",военные,3 лицо,,исторический,исторический,ADJF NOUN,2,0,,,,,
"Немирович-Данченко, Василий Иванович",мужской,0,Гроза,Роман из событий последней войны в 3 частях,1,Отд. изд.,Санкт-Петербург,1879,исторический,военные,3 лицо,,исторический,исторический,NOUN,1,0,,,,,
"Немирович-Данченко, Василий Иванович",мужской,0,Плевна и Шипка,Роман в 2 частях из событий последней войны,1,Отд. изд.,Санкт-Петербург,1881,исторический,военные,3 лицо,,исторический,исторический,NOUN CONJ NOUN,3,0,,,,,
"Немирович-Данченко, Василий Иванович",мужской,0,Кулисы,роман,1,Отд. изд.,Санкт-Петербург,1886,"социально-психологический, актеры",,3 лицо,,социальный,социальный,NOUN,1,0,,,,,
"Немирович-Данченко, Василий Иванович",мужской,0,Цари биржи (Каиново племя в наши дни),роман,1,Отд. изд.,Санкт-Петербург,1886,социально-психологический,дельцы,3 лицо,,социальный,социальный,NOUN NOUN ADJF NOUN PREP ADJF NOUN,7,0,,,,,
"Немирович-Данченко, Василий Иванович",мужской,0,Исповедь женщины,роман в 3-х частях,1,Отд. изд.,Санкт-Петербург,1889,социально-психологический,дворяне,1 лицо,,социальный,социальный,NOUN NOUN,2,0,,,,,
"Немирович-Данченко, Василий Иванович",мужской,0,Семья богатырей,роман в 3-х частях,1,Отд. изд.,Санкт-Петербург,1889,социально-психологический,дворяне,3 лицо,nemirovich-danchenko_v_semya_bogatyrej_1889.xml,социальный,социальный,NOUN NOUN,2,0,социально-психологический,семейный,бытовой,,
"Немирович-Данченко, Василий Иванович",мужской,0,Контрабандисты,Роман,1,Отд. изд.,Киев,1892,"авантюрный, социально-психологический, любовный","дворяне, народности и этнические группы",3 лицо,,авантюрный,приключенческий,NOUN,1,0,,,,,
"Немирович-Данченко, Василий Иванович",мужской,0,Горные орлы,Исторический роман из времен Кавказской войны,1,Отд. изд.,Санкт-Петербург,1895,"исторический, лезгины, военные",,3 лицо,,исторический,исторический,ADJF NOUN,2,0,,,,,
"Немирович-Данченко, Василий Иванович",мужской,0,Забытая крепость,Исторический роман из времен Кавказской войны,1,Отд. изд.,Санкт-Петербург,1895,"исторический, военные","история, Александр Македонский",3 лицо,,исторический,исторический,ADJF NOUN,2,0,,,,,
"Немирович-Данченко, Василий Иванович",мужской,0,Волчья сыть,Роман в трех частях,1,Отд. изд.,Санкт-Петербург,1897,социально-психологический,дельцы,1 лицо,nemirovich-danchenko_v_volchya_syt_1897.xml,социальный,социальный,ADJF NOUN,2,0,социально-психологический,бытовой,идеологический,,
"Немирович-Данченко, Василий Иванович",мужской,0,Великий старик,Роман,1,Отд. изд.,Санкт-Петербург,1898,социально-психологический,разночинцы,3 лицо,,социальный,социальный,ADJF NOUN,2,0,,,,,
"Немирович-Данченко, Василий Иванович",мужской,0,Царица Тамара,Роман из кавказской войны. С 26 рисунками. Для старшего возраста,1,Отд. изд.,Москва,1901,исторический,военные,1 лицо,,исторический,исторический,NOUN NOUN,2,0,,,,,
"Немирович-Данченко, Василий Иванович",мужской,0,"Жизнь, как она есть. На море",Из воспоминаний моряка,1,Нива,Санкт-Петербург,1874,авантюрный,военные,,,авантюрный,приключенческий,NOUN CONJ NPRO INTJ PREP NOUN,6,0,,,,,
"Немирович-Данченко, Василий Иванович",мужской,0,Мгла,Роман,1,Артист,Москва,1894,"социально-психологический, дворяне","усадьба, Москва, дворяне",3 лицо,,социальный,социальный,NOUN,1,0,,,,,
"Немирович-Данченко, Василий Иванович",мужской,0,Старый дом (Мертвая ткань),,1,Отд. изд.,Москва,1895,социально-психологический,дворяне,3 лицо,,социальный,социальный,ADJF NOUN ADJF NOUN,4,0,,,,,
"Немирович-Данченко, Василий Иванович",мужской,0,Драма за сценой,Повесть,0,Русская мысль,,1896,социально-психологический,актеры,3 лицо,,социальный,социальный,NOUN PREP NOUN,3,0,,,,,
"Немирович-Данченко, Василий Иванович",мужской,0,На литературных хлебах,,1,Отд. изд.,Москва,1891,"социально-психологический, журналисты",,,,социальный,социальный,PREP ADJF NOUN,3,0,,,,,
"Немирович-Данченко, Василий Иванович",мужской,0,Пекло,роман,1,Одесские новости,Одесса,1897,социально-психологический,рабочие,,,социальный,социальный,NOUN,1,0,,,,,
"Нестеров, Сергей Маркович",мужской,0,Под ярмом миллионов,роман из уголовных хроник,0,Новости дня,,1888,уголовный,криминальный мир,,,уголовный,криминальный,PREP NOUN NOUN,3,0,,,,,
"Никитин, Александр Павлович",мужской,0,Теодор Станиславский,А. Никитина,1,Отд. изд.,Москва,1838,"семейный (?), бытовой",дворяне,3 лицо,,семейный,семейный,NOUN NOUN,2,0,,,,,
"Никитин, Александр Павлович",мужской,0,Игра любви или Русский помещик в конце XVIII столетия,Роман,1,Отд. изд.,Москва,1836,любовный,Дворяне,,,любовный,любовный,NOUN NOUN CONJ ADJF NOUN PREP NOUN NUMR NOUN,9,0,,,,,
"Никитин, Александр Павлович",мужской,0,Жертва случая,,1,Отд. изд.,Москва,1837,,,,,,,NOUN NOUN,2,0,,,,,
"Никитин, П.",мужской,0,Сверхсыщик,Из последних приключений Шерлока Холмса в России,1,Отд. изд.,Москва,1900,,,,,,,NOUN,1,0,,,,,
"Николаев, Н.",мужской,0,Рабы вражды,Роман из времен польских заговоров и мятежа 1863 г.,1,Отд. изд.,Санкт-Петербург,1889,исторический,,,,исторический,исторический,NOUN NOUN,2,0,,,,,
"Николаева, Е.",женский,0,От плахи к почести,исторический роман из эпохи завоевания Сибири в 3-х частях,1,Луч,Санкт-Петербург,1890,исторический,военные,,,исторический,исторический,PREP NOUN PREP NOUN,4,0,,,,,
"Николаевич, И.",мужской,1,Приворотное зелье,Роман в трех частях,1,Отд. изд.,Москва,1852,исторический (?),,1 лицо,mech_i_privorotnoe_zele_1852.xml,исторический,исторический,ADJF NOUN,2,0,исторический,авантюрный,мистический,,
"Николаевич, И.",мужской,1,"Нищий, или Избавленная жертва",Из времен князя Пожарского,1,Отд. изд.,Москва,1853,"исторический, авантюрный",,3 лицо,,исторический,исторический,ADJF CONJ PRTF NOUN,4,0,,,,,
"Николаевич, И.",мужской,1,"Бриллиантовая луна, или Инкерманское подземелье",Из последних времен владения генуэзцев в Таврии: рассказ балаклавского отставного школьного сторожа,1,Отд. изд.,Москва,1854,"исторический, авантюрный",,3 лицо,,исторический,исторический,ADJF NOUN CONJ ADJF NOUN,5,0,,,,,
"Николаевич, И.",мужской,1,"Битва русских с турками, или Ужасы балканских пещер, и таинственная мусульманка, или Красный мальчик",Роман… с хорами и маршами,1,Отд. изд.,Москва,1852,исторический,,,,исторический,исторический,NOUN ADJF PREP NOUN CONJ NOUN ADJF NOUN CONJ ADJF NOUN CONJ ADJF NOUN,14,0,,,,,
"Николаевич, И.",мужской,1,"Жид-островитянин, или Похищенный клад","Роман в 2 ч. из жизни Али-паши Янинского, прозв. Черным",1,Отд. изд.,Москва,1853,"исторический, авантюрный",,,,исторический,исторический,NOUN CONJ PRTF NOUN,4,0,,,,,
"Николаевич, И.",мужской,1,Черный ворон,,1,Отд. изд.,Москва,1853,любовный,,,,любовный,любовный,NOUN NOUN,2,0,,,,,
"Николаевич, И.",мужской,1,"Чигиринский лес, или Вера сильнее любви",Нравственно-исторический роман в двух частях,1,Отд. изд.,Москва,1853,"исторический, авантюрный",,,,исторический,исторический,ADJF NOUN CONJ NOUN COMP NOUN,6,0,,,,,
"Никонов, Борис Павлович",мужской,0,Золотой зверь,роман,1,Иллюстрированное собрание русских романов,Петроград,1915,социально-психологический,"интеллигентная богема, поэт, новая эра, автобиографический характер",,,социальный,социальный,ADJF NOUN,2,0,,,,,
Никонов Борис Павлович,мужской,0,Поэт-булочник,роман,1,Отд. изд.,Л,1927,"исторический роман, великая французская революция, париж, коммуны",,,,исторический,исторический,NOUN,1,0,,,,,
Никонов Борис Павлович,мужской,0,Глухая стена,роман,1,Отд. изд.,М - Л,1928,"исторический роман аристократия, коммунисты",,,,исторический,исторический,ADJF NOUN,2,0,,,,,
"Новиков, Александр Иванович",мужской,0,По закону,Роман из деревенской жизни,0,Вестник Европы,,1900,"любовный, социально-психологический","крестьяне, дворяне",3 лицо,,любовный,любовный,PREP NOUN,2,0,,,,,
"Новиков, Иван Алексеевич",мужской,0,Золотые кресты,роман,1,Отд. изд.,Москва,1908,"роман о нигилизме, эзотерический, любовный","творческие люди, молодёжь",3 лицо,novikov_i_zolotye_kresty_1908.xml,антинигилистический,социальный,NOUN NOUN,2,0,идеологический,эзотерический,любовный,психологический,
"Новиков, Иван Алексеевич",мужской,0,Между двух зорь (Дом Орембовских),роман в 2 частях,1,Отд. изд.,Москва,1915,психологический роман,"молодое поколение, исторический путь России, учение Толстого, Толстой, нравственность, революция",3 лицо,,психологический,психологический,PREP NUMR NOUN NOUN ADJF,5,0,,,,,
"Новиков, Иван Алексеевич",мужской,0,Из жизни духа,роман,1,Отд. изд.,Санкт-Петербург,1906,"психологический роман, студенты, нравственность, философия, интеллигенция, вечно женственное",интеллигенция,,,психологический,психологический,PREP NOUN NOUN,3,0,,,,,
Новиков Иван Алексеевич,мужской,0,Страна Лекхорн,?,1,Отд. изд.,Москва,1934,"социально-психологический роман, проблемы современной молодежи, сатира, начальники, молодежь",,,,социальный,социальный,NOUN NOUN,2,0,,,,,
Новиков Иван Алексеевич,мужской,0,Пушкин в Михайловском,?,1,Отд. изд.,Москва,1936,"исторический роман, пушкин, михайловское, ссылка, поэт",,,,исторический,исторический,NOUN PREP ADJF,3,0,,,,,
Новиков Иван Алексеевич,мужской,0,Пушкин на юге,?,1,Отд. изд.,Москва,1944,"исторический роман, пушкин, ссылка, поэт",,,,исторический,исторический,NOUN PREP NOUN,3,0,,,,,
Новиков Иван Алексеевич,мужской,0,Пушкин в изгнании,?,1,Отд. изд.,М - Л,1947,"исторический роман, пушкин, ссылка, изгнание, поэт",,,,исторический,исторический,NOUN PREP NOUN,3,0,,,,,
"Новиков, Иван Алексеевич",мужской,0,"Похождение Ивана гостиного сына, и другие повести и сказки",,1,Отд. изд.,Санкт-Петербург,1785,авантюрно-плутовской,? (московское купечество и социальные низы),,,авантюрный,приключенческий,NOUN NOUN ADJF NOUN CONJ ADJF NOUN CONJ NOUN,9,0,,,,,
Новиков-Прибой Алексей Силантьевич,мужской,1,Соленая купель,?,1,Отд. изд.,Москва,1929,авантюрный,"военные, моряки",3 лицо,,авантюрный,приключенческий,ADJF NOUN,2,0,,,,,
Новиков-Прибой Алексей Силантьевич,мужской,1,Цусима,?,1,Отд. изд.,М.,1932,исторический роман,"военные, моряки",1 лицо,,исторический,исторический,NOUN,1,0,,,,,
Новиков-Прибой Алексей Силантьевич,мужской,1,Капитан 1-го ранга,?,1,Отд. изд.,"ч.1 -М, ч.1-2 - Хабаровск",1943,"приключенческий роман, матрос, морская тема, самоучка, революция",,,,приключенческий,приключенческий,NOUN NUMR NOUN,3,0,,,,,
"Новикова-Зарина, Екатерина Ивановна",женский,0,Князь Борис Тишин,роман,1,Отд. изд.,Санкт-Петербург,1904,"культурно-исторический, князья",,,,исторический,исторический,NOUN NOUN NOUN,3,0,,,,,
"Оболенский, Леонид Егорович",мужской,0,Запросы жизни,Роман,0,Отечественные записки,,1881,социально-психологический,"дворяне, разночинцы",3 лицо,,социальный,социальный,NOUN NOUN,2,0,,,,,
"Оболенский, Леонид Егорович",мужской,0,Два полюса,Роман,0,Мысль,,1883,социально-психологический,,3 лицо,,социальный,социальный,NUMR NOUN,2,0,,,,,
"Оболенский, Леонид Егорович",мужской,0,На развалинах,Роман,0,Вестник Европы,,1903,социально-психологический,врачи,3 лицо,,социальный,социальный,PREP NOUN,2,0,,,,,
"Оболенский, Леонид Егорович",мужской,0,Ближе к природе,Роман в двух частях,0,Отд. изд.,,1879,социально-психологический,,,,социальный,социальный,COMP PREP NOUN,3,0,,,,,
"Одоевский, Владимир Федорович",мужской,0,4338 год,Петербургские письма,1,Утренняя заря,Москва,1840,фантастический,,в письмах,odoevskij_v_4338_god_1835.xml,фантастический,фантастический,NUMR NOUN,2,0,фантастический,утопический,философский,,
"Одоевский, Владимир Федорович",мужской,0,Русские ночи,,1,Отд. изд.,Санкт-Петербург,1844,"философский, социально-психологический","дворяне, разночинцы",3 лицо,odoevskij_v_russkie_nochi_1844.xml,философский,философский,ADJF NOUN,2,0,философский,социально-психологический,,,
"Ожигина, Людмила Александровна",женский,0,Своим путем,Из записок современной девушки,0,Отечественные записки,,1869,социально-психологический,дворяне,1 лицо,,социальный,социальный,ADJF PREP,2,0,,,,,
"Окрейц, Станислав Станиславович",мужской,0,В Сибири,уголовный роман С.С. Окрейца,1,Отд. изд.,Санкт-Петербург,1888,уголовный,криминальный мир,3 лицо,,уголовный,криминальный,PREP NOUN,2,0,,,,,
"Окрейц, Станислав Станиславович",мужской,0,Сквозь огонь и воду,Роман,0,Наблюдатель,,1897,,,3 лицо,,,,PREP NOUN CONJ NOUN,4,0,,,,,
"Окрейц, Станислав Станиславович",мужской,0,Во что бы то ни стало,Роман в 2-х частях,0,Наблюдатель,,1901,,,3 лицо,,,,PREP CONJ PRCL CONJ PRCL VERB,6,0,,,,,
"Окрейц, Станислав Станиславович",мужской,0,Как я избег виселицы,(Рассказ помещика),0,Речь,,1903,,,1 лицо,,,,CONJ NPRO VERB NOUN,4,0,,,,,
"Окрейц, Станислав Станиславович",мужской,0,Чья вина?,Роман в двух частях,0,Речь,,1903,,,3 лицо,,,,ADJF NOUN,2,0,,,,,
"Окрейц, Станислав Станиславович",мужской,0,Последние язычники,Роман из предрассветной эпохи (1840-1850 гг.),1,Отд. изд.,Санкт-Петербург,1871,исторический,поляки,,,исторический,исторический,ADJF NOUN,2,0,,,,,
"Окрейц, Станислав Станиславович",мужской,0,Во мраке,роман в 3 частях,1,Отд. изд.,Санкт-Петербург,1881,,,,,,,PREP NOUN,2,0,,,,,
"Окрейц, Станислав Станиславович",мужской,0,Старосветские помещики,Очерки Западного края,1,Отд. изд.,Санкт-Петербург,1885,,,,,,,ADJF NOUN,2,0,,,,,
"Окрейц, Станислав Станиславович",мужской,0,Преступник,Роман,1,Луч,Санкт-Петербург,1887,,,,,,,NOUN,1,0,,,,,
"Окрейц, Станислав Станиславович",мужской,0,Крах (Таинственный иностранец),Роман в 2 ч.,1,Отд. изд.,Санкт-Петербург,1890,,,,,,,NOUN ADJF NOUN,3,0,,,,,
"Окрейц, Станислав Станиславович",мужской,0,Кто виноват?,роман в 2-х частях,1,Отд. изд.,Санкт-Петербург,1891,,,,,,,NPRO ADJS,2,0,,,,,
"Окрейц, Станислав Станиславович",мужской,0,Мыканье,na,1,Отд. изд.,Санкт-Петербург,1893,социально-психологический,,,,социальный,социальный,NOUN,1,0,,,,,
"Окрейц, Станислав Станиславович",мужской,0,Драма 11 марта 1801 г.,Исторический роман в 3-х частях,1,Отд. изд.,Санкт-Петербург,1910,,,,,,,NOUN NUMR NOUN NUMR NOUN,5,0,,,,,
"Окрейц, Станислав Станиславович",мужской,0,Воскресшая Россия,ист. роман из эпохи Смутного времени,0,Светлый луч,,1911,,,,,,,PRTF NOUN,2,0,,,,,
Окулов Алексей Иванович,мужской,0,Селимэ,?,0,Всемирная Новь,,1938,,,,,,,NOUN,1,0,,,,,
"Оленин, Пётр Алексеевич",мужской,0,Как он жил,роман,1,Отд. изд.,Нижний Новгород,1906,психологический,,,,психологический,психологический,CONJ NPRO VERB,3,0,,,,,
"Олигер, Николай Фридрихович",мужской,0,Праздник Весны,роман,1,Отд. изд.,Санкт-Петербург,1910,"эзотерический, философский","творческие люди, сектанты",3 лицо,,философский,философский,NOUN NOUN,2,0,,,,,
"Олин, Валериан Николаевич",мужской,0,"Эшафот, или Утро вечера мудренее",роман из эпохи Анны Иоанновны,0,Колокольчик,,1831,исторический,,,,исторический,исторический,NOUN CONJ NOUN NOUN COMP,5,0,,,,,
"Ольшанин, Дмитрий",мужской,0,Невменяемые,Роман,0,Русский вестник,,1897,,,3 лицо,,,,ADJF,1,0,,,,,
"Омулевский, Иннокентий Васильевич",мужской,0,Шаг за шагом,Роман,0,Дело,,1870,исторический,революционеры,3 лицо,omulevskij_i_shag_za_shagom_1870.xml,исторический,исторический,NOUN PREP ADVB,3,0,социально-психологический,идеологический,роман воспитания,,
"Омулевский, Иннокентий Васильевич",мужской,0,Попытка - не шутка,Роман,0,Дело,,1873,,,3 лицо,omulevskij_i_popytka__ne_shutka_1873.xml,,,NOUN PRCL NOUN,4,0,политический,бытовой,,,
"Опочинин, Пётр Алексеевич",мужской,0,Водопад,Роман в 2-х частях,0,Кавказский вестник,,1900,,,,,,,NOUN,1,0,,,,,
"Орловец, П.",мужской,1,От каторги к миллионам,Роман в 2 частях,1,Отд. изд.,Москва,1908,,,,,,,PREP NOUN PREP NOUN,4,0,,,,,
Оршер Осип Львович,мужской,1,Яков Маркович Меламедов,?,1,Отд. Изд,Москва,1936,роман,,,,,,NOUN NOUN NOUN,3,0,,,,,
"Осипов, А.А.",мужской,0,Наместник,Исторический роман из времен XVI века,0,Русский вестник,,1899,исторический,,,,исторический,исторический,NOUN,1,0,,,,,
"Осипов, Н.",мужской,1,Господа миллионеры,Роман в двух частях,1,Отд. изд.,Москва,1900,"социально-психологический, детективный",купцы/промышленники,3 лицо,,социальный,социальный,NOUN NOUN,2,0,,,,,
"Осипович, Наум Маркович",мужской,0,Натан Маймон,Роман,1,Отд. изд. (СС),Санкт-Петербург,1911,социально-психологический,"народности и этнические группы, интеллигенция",3 лицо,,социальный,социальный,NOUN NOUN,2,0,,,,,
"Осокин, Михаил Ионович",мужской,0,Ливанов,Записки семинариста,0,Русское слово,,1864,автобиографический,Духовенство,,,автобиографический,биографический,NOUN,1,0,,,,,
Осоргин Михаил Андреевич,мужской,1,Сивцев Вражек,Роман,1,Отд.изд.,Париж,1928,роман-хроника,аристократия,3 лицо,,хроника,исторический,NOUN NOUN,2,0,,,,,
Осоргин Михаил Андреевич,мужской,1,Свидетель истории,Роман,1,Отд.изд.,Париж,1932,социально-психологический,интелегенция революционеры,3 лицо,,социальный,социальный,NOUN NOUN,2,0,,,,,
Осоргин Михаил Андреевич,мужской,1,Книга о концах,Роман,1,Отд.изд.,Берлин,1935,"социально-психологический, интеллигенция, эмигранты",интеллигенция,,,социальный,социальный,NOUN PREP NOUN,3,0,,,,,
"Павлов, Александр Петрович",мужской,0,У ступеней трона,Исторический роман: В 3-х ч.,1,Отд. изд.,Санкт-Петербург,1901,исторический роман,дворяене,3 лицо,pavlov_a_u_stupenej_trona_1901.xml,исторический,исторический,PREP NOUN NOUN,3,0,исторический,политический,авантюрный,психологический,
"Павлов, Алексей Андреевич",мужской,0,Елена Волхова,Древняя русская повесть,1,Отд. изд.,Москва,1836,исторический роман,,3 лицо,,исторический,исторический,NOUN NOUN,2,0,,,,,
"Павлов, Алексей Андреевич",мужской,0,"Япанча. Татарский наездник, или Завоевание Казани царем Иоанном Грозным",Роман XVI столетия,1,Отд. изд.,Москва,1834,исторический,Легендарные исторические фигуры,3 лицо,,исторический,исторический,NOUN ADJF NOUN CONJ NOUN NOUN NOUN NOUN NOUN,9,0,,,,,
"Павлов, Алексей Андреевич",мужской,0,"Брат Вячеслав, или Подземелье близ Касимова",Повесть XVI столетия,1,Отд. изд.,Москва,1836,исторический,разбойники,3 лицо,,исторический,исторический,NOUN NOUN CONJ NOUN PREP NOUN,6,0,,,,,
"Павлов, Алексей Андреевич",мужской,0,Русский богатырь,Повесть времен давно минувших,1,Отд. изд.,Москва,1837,исторический,"крестьяне, рыбки",3 лицо,,исторический,исторический,ADJF NOUN,2,0,,,,,
"Павлов, Алексей Андреевич",мужской,0,Крамольники,исторический роман из времен Петра Великого,1,Отд. изд.,Москва,1838,исторический,"дворяне, военные, легендарная историческая фигура",3 лицо,,исторический,исторический,NOUN,1,0,,,,,
"Павлов, Алексей Андреевич",мужской,0,Рыцарь креста. Некоторые черты из достопамятного года,Исторический роман,1,Отд. изд.,Москва,1840,исторический,"исторические лица (Наполеон, Александр I), офицеры, дворяне",3 лицо,,исторический,исторический,NOUN NOUN ADJF NOUN PREP ADJF NOUN,7,0,,,,,
"Павлов, Н.И.",мужской,0,Развязка,Роман,0,Русский вестник,,1894,,,1 лицо,,,,NOUN,1,0,,,,,
"Павлов, Н.И.",мужской,0,В смутные годы,роман,0,Русский вестник,,1892,,,,,,,PREP ADJF NOUN,3,0,,,,,
"Павлова, Каролина Карловна",женский,0,Двойная жизнь,очерк,0,Москвитянин; Московский сборник на 1847 год,,1845,автобиографический,дворяне,3 лицо,pavlova_k_dvojnaya_zhizn_1845.xml,автобиографический,биографический,ADJF NOUN,2,0,социально-психологический,,,,
"Павловский, Иван Яковлевич",мужской,0,История одного убийства,роман,0,Исторический Вестник,,1912,"детективный, любовный",,,,детективный,криминальный,NOUN ADJF NOUN,3,0,,,,,
"Пазухин, Алексей Михайлович",мужской,0,Ополченная Россия,исторический роман в 3-х частях,1,Отд. изд.,Москва,1891,"политический, любовный, исторический",военные,3 лицо,,политический,социальный,PRTF NOUN,2,0,,,,,
"Пазухин, Алексей Михайлович",мужской,0,Купленная невеста,Повесть,1,Отд. изд.,Москва,1895,"политический, любовный","дворяне, крестьяне",3 лицо,,политический,социальный,PRTF NOUN,2,0,,,,,
"Пазухин, Алексей Михайлович",мужской,0,Московский коршуны,Роман,1,Отд. изд.,Москва,1896,социально-психологический,аристократы,3 лицо,,социальный,социальный,ADJF NOUN,2,0,,,,,
"Пазухин, Алексей Михайлович",мужской,0,После грозы,Роман,1,Отд. изд.,Москва,1898,социально-психологический,купцы/промышленники,3 лицо,,социальный,социальный,PREP NOUN,2,0,,,,,
"Пазухин, Алексей Михайлович",мужской,0,Тайна Воробьевых гор,Повесть,1,Отд. изд.,Москва,1898,"социально-психологический, купцы",купцы,3 лицо,,социальный,социальный,NOUN NOUN NOUN,3,0,,,,,
"Пазухин, Алексей Михайлович",мужской,0,Дисконтер,Роман,1,Отд. изд.,Москва,1899,социально-психологический,"дворяне, разночинцы",3 лицо,,социальный,социальный,NOUN,1,0,,,,,
"Пазухин, Алексей Михайлович",мужской,0,Медовый месяц,Роман,1,Отд. изд.,Москва,1899,социально-психологический,купцы/промышленники,3 лицо,,социальный,социальный,ADJF NOUN,2,0,,,,,
"Пазухин, Алексей Михайлович",мужской,0,Вторая весна,Роман,1,Отд. изд.,Москва,1900,"социально-психологический, любовный","купцы/промышленники,",3 лицо,,социальный,социальный,ADJF NOUN,2,0,,,,,
"Пазухин, Алексей Михайлович",мужской,0,Княгиня Бутырская,Роман,1,Отд. изд.,Москва,1903,"социально-психологический, аристократы",дворяне,3 лицо,,социальный,социальный,NOUN ADJF,2,0,,,,,
"Пазухин, Алексей Михайлович",мужской,0,На сцене жизни,роман,1,Отд. изд.,Москва,1904,театральный быт,влюблённые,3 лицо,,,,PREP NOUN NOUN,3,0,,,,,
"Пазухин, Алексей Михайлович",мужской,0,Лунные ночи,роман,1,Отд. изд.,Москва,1906,социально-психологический,купцы,3 лицо,,социальный,социальный,ADJF NOUN,2,0,,,,,
"Пазухин, Алексей Михайлович",мужской,0,На баррикаде,роман,1,Отд. изд.,Москва,1906,"политический, любовный",мещане,3 лицо,,политический,социальный,PREP NOUN,2,0,,,,,
"Пазухин, Алексей Михайлович",мужской,0,Разрушенное счастье,роман,1,Отд. изд.,Москва,1910,"любовный, бытовой","служащие, разночинцы",3 лицо,,любовный,любовный,PRTF NOUN,2,0,,,,,
"Пазухин, Алексей Михайлович",мужской,0,Заря новой жизни,роман,1,Отд. изд.,Москва,1911,социально-психологический,купцы,3 лицо,,социальный,социальный,NOUN ADJF NOUN,3,0,,,,,
"Пазухин, Алексей Михайлович",мужской,0,В вихре жизни,роман,1,Отд. изд.,Москва,1912,социально-психологический,аристократы,3 лицо,,социальный,социальный,PREP NOUN NOUN,3,0,,,,,
"Пазухин, Алексей Михайлович",мужской,0,Ордынская красавица,роман из жизни Замоскворечья,1,Отд. изд.,Москва,1913,социально-психологический,купцы,3 лицо,,социальный,социальный,ADJF NOUN,2,0,,,,,
"Пазухин, Алексей Михайлович",мужской,0,В наши дни,Современный роман,1,Отд. изд.,Москва,1915,,,3 лицо,,,,PREP ADJF NOUN,3,0,,,,,
"Пазухин, Алексей Михайлович",мужской,0,Грядущая сила,роман,1,Отд. изд.,Москва,1915,социально-психологический,помещики,3 лицо,,социальный,социальный,ADJF NOUN,2,0,,,,,
"Пазухин, Алексей Михайлович",мужской,0,Вокруг (кровавого) трона,роман,1,Отд. изд.,Москва,1917,"политический, любовный",аристократия прошлого,3 лицо,,политический,социальный,ADVB ADJF NOUN,3,0,,,,,
"Пазухин, Алексей Михайлович",мужской,0,На обрывах Поволжья,Роман А. Пазухина,1,Отд. изд.,Москва,1896,уголовный роман,,,,уголовный,криминальный,PREP NOUN NOUN,3,0,,,,,
"Пазухин, Алексей Михайлович",мужской,0,Драма на Волге,Роман,1,Отд. изд.,Москва,1898,социально-психологический,аристократия прошлого (купцы),,,социальный,социальный,NOUN PREP NOUN,3,0,,,,,
"Пазухин, Алексей Михайлович",мужской,0,Три счастья,Роман,1,Отд. изд.,Москва,1899,,,,,,,NUMR NOUN,2,0,,,,,
"Пазухин, Алексей Михайлович",мужской,0,Бархатные дамы,Роман А. Пазухина,1,Отд. изд.,Москва,1900,,,,,,,ADJF NOUN,2,0,,,,,
"Пазухин, Алексей Михайлович",мужской,0,Путем преступления,роман,0,Московский Листок,,1911,,,3 лицо,,,,PREP NOUN,2,0,,,,,
"Пазухин, Алексей Михайлович",мужской,0,Светлый луч,роман,1,Отд. изд.,Москва,1909,,,,,,,ADJF NOUN,2,0,,,,,
"Пазухин, Алексей Михайлович",мужской,0,Буря в стоячих водах,роман,1,Отд. изд.,Москва,1910,буржуазия,,,,социальный,социальный,NOUN PREP ADJF NOUN,4,0,,,,,
"Пазухин, Алексей Михайлович",мужской,0,Радость жизни,роман,1,Отд. изд.,Москва,1911,,,,,,,NOUN NOUN,2,0,,,,,
"Пазухин, Алексей Михайлович",мужской,0,Военная гроза,роман,1,Отд. изд.,Москва,1915,"политический, любовный",,,,политический,социальный,ADJF NOUN,2,0,,,,,
"Пазухин, Алексей Михайлович",мужской,0,Тайна шоффера,роман,0,Московский Листок,,1917,,,,,,,NOUN NOUN,2,0,,,,,
Пазухин Алексей Михайлович,мужской,0,В тени тополей,роман,1,Отд. изд.,Москва,19??,"социально-психологический, помещики",,,,социальный,социальный,PREP VERB NOUN,3,0,,,,,
"Пазухин, Николай Михайлович",мужской,0,"Любовь и война, или грудью за Родину",историческая повесть,1,Отд. изд.,Москва,1886,исторический,,3 лицо,,исторический,исторический,NOUN CONJ NOUN CONJ NOUN PREP NOUN,7,0,,,,,
"Пазухин, Николай Михайлович",мужской,0,Боярин Орша или Страшная месть отца,роман,1,Отд. изд.,Москва,1887,переработка произ. м.ю. лермонтова,,3 лицо,,,,NOUN NOUN CONJ ADJF NOUN NOUN,6,0,,,,,
"Пазухин, Николай Михайлович",мужской,0,Князь Скопин Шуйский,роман,1,Отд. изд.,Москва,1887,исторический,легендарные исторические фигуры,3 лицо,,исторический,исторический,NOUN NOUN ADJF,3,0,,,,,
"Пазухин, Николай Михайлович",мужской,0,Страшная месть,Историческая повесть из жизни южных славян,1,Отд. изд.,Москва,1887,исторический,"народности и этнические группы, южные славяне",3 лицо,,исторический,исторический,ADJF NOUN,2,0,,,,,
"Пазухин, Николай Михайлович",мужской,0,Ермак - покоритель Сибири,Исторический роман из времен Иоанна Грозного,1,Отд. изд.,Москва,1885,исторический,Легендарная историческая фигура,,,исторический,исторический,NOUN NOUN NOUN,4,0,,,,,
"Пазухин, Николай Михайлович",мужской,0,"Князь Серебряный, или Радостный гость",Исторический роман времен Иоанна Грозного,1,Отд. изд.,Москва,1885,переработка произв. а.к. толстого,,,,,,NOUN ADJF CONJ ADJF NOUN,5,0,,,,,
"Пазухин, Николай Михайлович",мужской,0,Блуждающий вечный жид,роман,1,Отд. изд.,Москва,1886,переработка прикл. романа э. сю,,,,,,PRTF ADJF NOUN,3,0,,,,,
"Пазухин, Николай Михайлович",мужской,0,Атаман Кирша: Повесть из времен XVI века,роман,1,Отд. изд.,Москва,1888,исторический,,,,исторический,исторический,NOUN NOUN NOUN PREP NOUN NUMR NOUN,7,0,,,,,
"Пазухин, Николай Михайлович",мужской,0,Купец Иголкин и его подвиг,роман,1,Отд. изд.,Москва,1888,исторический,,,,исторический,исторический,NOUN NOUN CONJ NPRO NOUN,5,0,,,,,
"Пазухин, Николай Михайлович",мужской,0,Всадник без головы,Роман в 2 частях,1,Отд. изд.,Москва,1889,авантюрный,,,,авантюрный,приключенческий,NOUN PREP NOUN,3,0,,,,,
"Пальм, Александр Иванович",мужской,0,Жак Бичовкин,роман,0,Отечественные записки,,1849,"лишний человек, ""печорин""",,,,психологический,психологический,NOUN NOUN,2,0,,,,,
"Панаев, Иван Иванович",мужской,0,Маменькин сынок,Роман в двух частях,0,Отечественные записки,,1845,социально-психологический,,3 лицо,,социальный,социальный,ADJF NOUN,2,0,,,,,
"Панаев, Иван Иванович",мужской,0,Львы в провинции,Роман в трех частях,0,Современник,,1852,"любовный, социально-психологический",Дворяне,3 лицо,,любовный,любовный,NOUN PREP NOUN,3,0,,,,,
"Панаев, Ипполит Александрович",мужской,0,Бедная девушка,роман,0,Современник,,1854,светский,,,,светский,светский,ADJF NOUN,2,0,,,,,
Пастернак Борис Леонидович,мужской,0,Спекторский,Роман,1,Отд. изд.,Л.,1931,историко-политический,крестьяне,1 лицо,,исторический,исторический,ADJF,1,0,,,,,
Пастернак Борис Леонидович,мужской,0,Доктор Живаго,Роман,0,Новый Мир,,1988,"исторический, светский; дворяне, аристократы, врачи",,,,исторический,исторический,NOUN NOUN,2,0,,,,,
"Пастухов, Николай Иванович",мужской,0,Разбойник Чуркин,Народное сказание: в 3 частях,1,Московский листок,Москва,1882,авантюрный,"разбойники, крестьяне",3 лицо,,авантюрный,приключенческий,NOUN NOUN,2,0,,,,,
Первухин Михаил Константинович,мужской,0,Пугачев-победитель,Роман,1,Отд. изд.,Берлин,1924,"историко-гипотетическая; разбойники, аристократы",,3 лицо,,исторический,исторический,NOUN,1,0,,,,,
"Песковский, Матвей Леонтьевич",мужской,0,Мужик. До освобождения крестьян,Роман,1,Отд. изд.,Санкт-Петербург,1901,бытовой,дворяне,,,бытоописательный,описательный,NOUN PREP NOUN NOUN,4,0,,,,,
"Петров, Пётр Николаевич",мужской,0,Царский суд,Историческая повесть,1,Отд. изд.,Санкт-Петербург,1877,исторический,дворяне,3 лицо,petrov_p_zarskij_sud_1877.xml,исторический,исторический,ADJF NOUN,2,0,исторический,авантюрный,,,
"Петров, Пётр Николаевич",мужской,0,Балакирев,Исторический роман из времен Петра I.,1,Всемирная иллюстрация,Санкт-Петербург,1880,исторический,дворяне,3 лицо,petrov_p_balakirev_1880.xml,исторический,исторический,NOUN,1,0,исторический,биографический,авантюрный,,
"Петров, Пётр Николаевич",мужской,0,Белые и чёрные,Исторический роман,0,Всемирная иллюстрация,,1883,исторический,"дворяне, придворные, исторические фигуры (Екатерина 1)",3 лицо,petrov_p_belye_i_chernye_1883.xml,исторический,исторический,NOUN CONJ NOUN,3,0,исторический,политический,,,
"Петров, Пётр Николаевич",мужской,0,"Иоанн III, собиратель Земли Русской","Исторический роман, начатый Н.В. Кукольником, а со 2-й главы II-й части продолженный и оконченный Петровым",1,Отд. изд.,Санкт-Петербург,1874,исторический,аристократия прошлого,,,исторический,исторический,NOUN NUMR NOUN NOUN ADJF,5,0,,,,,
"Петров, Пётр Николаевич",мужской,0,Два узла одной верёвки,(Характеристика времён Петра I),1,Отд. изд.,Санкт-Петербург,1878,исторический,дворяне,,,исторический,исторический,NUMR NOUN ADJF NOUN,4,0,,,,,
"Пилипенко, Г.М.",мужской,0,Токио в наши дни,роман,0,Русский вестник,,1904,политический,аристократы,3 лицо,,политический,социальный,NOUN PREP ADJF NOUN,4,0,,,,,
"Писарев, Александр Иевлевич",мужской,0,"Переписка двух адских вельмож, Алгабека и Алгамека, находящихся по различным должностям в старом и новом свете",Переведена с арапоевропейского языка грекояпонским переводчиком в 1791 000 году,1,Отд. изд.,Москва,1792,"эпистолярный, сатирический","Ч. 1-2: петиметры, кокетки, учителя-иностранцы. Ч. 3: дворянство, масоны, якобинцы",1 лицо,,эпистолярный,эпистолярный,NOUN NUMR ADJF NOUN NOUN CONJ NOUN PRTF PREP ADJF NOUN PREP ADJF CONJ ADJF NOUN,16,0,,,,,
"Писемский, Алексей Феофилактович",мужской,0,Богатый жених,Роман в двух частях,0,Современник,,1851,"социально-психологический, дворяне","Дворяне, крестьяне",3 лицо,,социальный,социальный,ADJF NOUN,2,0,,,,,
"Писемский, Алексей Феофилактович",мужской,0,Боярщина,Роман в двух частях,0,Библиотека для чтения,,1858,любовный,помещики,3 лицо,pisemskij_a_boyarshina_1858.xml,любовный,любовный,NOUN,1,0,любовный,адюльтерный,социально-психологический,,
"Писемский, Алексей Феофилактович",мужской,0,Тысяча душ,Роман в четырех частях,0,Отечественные записки,,1858,социально-психологический,дворяне,3 лицо,pisemskij_a_tysyacha_dush_1858.xml,социальный,социальный,NOUN NOUN,2,0,социально-психологический,нравоописательный,сатирический,,
"Писемский, Алексей Феофилактович",мужской,0,Взбаламученное море,Роман в шести частях,1,Отд. изд.,Москва,1863,социально-психологический,дворяне,3 лицо,pisemskij_a_vzbalamuchennoe_more_1863.xml,социальный,социальный,PRTF NOUN,2,0,социально-психологический,идеологический,сатирический,антинигилистический,
"Писемский, Алексей Феофилактович",мужской,0,В водовороте,Роман,0,Беседа,,1871,,дворяне,3 лицо,pisemskij_a_v_vodovorote_1871.xml,,,PREP NOUN,2,0,социально-психологический,адюльтерный,идеологический,антинигилистический,
"Писемский, Алексей Феофилактович",мужской,0,Мещане,Роман А.Ф. Писемского,1,Пчела,Санкт-Петербург,1877,,разночинцы,3 лицо,pisemskij_a_meshane_1877.xml,,,NOUN,1,0,социально-психологический,сатирический,,,
"Писемский, Алексей Феофилактович",мужской,0,Масоны,Роман в пяти частях А.Ф. Писемского,0,Огонек,,1880,исторический,криминальный мир,3 лицо,pisemskij_a_masony_1880.xml,исторический,исторический,NOUN,1,0,исторический,философский,мистический,бытовой,
"Писемский, Алексей Феофилактович",мужской,0,Люди сороковых годов,Роман в пяти частях,0,Отд. изд. (СС),,1895,исторический роман,дворяне,3 лицо,,исторический,исторический,NOUN ADJF NOUN,3,0,,,,,
"Плохово, А.Н.",женский,0,"Сумский, или Нечто вроде были",Сочинение Александры Плохово,1,Отд. изд.,Москва,1848,любовный роман,"дворяне, разночинцы",3 лицо,plokhovo_a_sumskij_ili_nechto_vrode_byli_1848.xml,любовный,любовный,ADJF CONJ NPRO PRCL VERB,5,0,любовный,светский,психологический,,
"Погорельский, Антоний",мужской,1,Магнетизер,роман,0,Литературная газета,,1830,,купцы,3 лицо,perovskij_a_magnetizer_1830.xml,,,NOUN,1,0,фантастический,психологический,философский,,
"Погорельский, Антоний",мужской,1,Монастырка,сочинение А. Перовского,0,Отд. изд.,,1830,семейная хроника,"дворяне, институтка",1 лицо,perovskij_a_monastyrka_1830.xml,семейный,семейный,NOUN,1,1,семейный,бытовой,нравоописательный,сентиментальный,готический
"Пожарский, И.",мужской,0,Самоучки,Роман,0,Библиотека для чтения,,1852,социально-психологический,Разночинцы,,,социальный,социальный,NOUN,1,0,,,,,
"Позняк, Дмитрий Михайлович",мужской,0,Дорогою ценой,Роман,0,Русский вестник,,1885,светский,"аристократы, чиновники",3 лицо,,светский,светский,NOUN NOUN,2,0,,,,,
"Позняк, Дмитрий Михайлович",мужской,0,Сквозь огонь страсти,роман,1,Русский вестник,Москва,1887,светский,аристократы,1 лицо,,светский,светский,PREP NOUN NOUN,3,0,,,,,
"Позняков, Николай Иванович",мужской,0,Тайна,роман,1,Отд. изд.,Санкт-Петербург,1886,,,,,,,NOUN,1,0,,,,,
"Полевой, Ксенофонт Алексеевич",мужской,0,Михаил Васильевич Ломоносов,Сочинение Ксенофонта Полевого,1,Отд. изд.,Москва,1836,"исторический, жизнеописание","легендарные исторические фигуры, Ломоносов",,,исторический,исторический,NOUN NOUN NOUN,3,0,,,,,
"Полевой, Николай Алексеевич",мужской,0,Клятва при гробе Господнем,Русская быль XV века,1,Отд. изд.,Москва,1832,исторический,"легендарные исторические фигуры, крестьяне",3 лицо,polevoj_n_klyatva_pri_grobe_gospodnem_1832.xml,исторический,исторический,NOUN PREP NOUN ADJF,4,0,исторический,религиозный,,,
"Полевой, Николай Алексеевич",мужской,0,Аббаддонна,Сочинение Николая Полевого,1,Отд. изд.,Москва,1834,любовный,поэт,3 лицо,,любовный,любовный,NOUN,1,0,,,,,
"Полевой, Петр Николаевич",мужской,0,Братья-соперники,роман,0,Нива,,1888,исторический,аристократия прошлого,3 лицо,,исторический,исторический,NOUN,1,0,,,,,
"Полевой, Петр Николаевич",мужской,0,Корень зла,историческая повесть,1,Нива,Санкт-Петербург,1891,"исторический, правление годунова","царская семья, бояре",3 лицо,,исторический,исторический,NOUN NOUN,2,0,,,,,
"Полевой, Петр Николаевич",мужской,0,Тальянская чертовка,историческая повесть,0,Исторический вестник,,1891,исторический,князья,3 лицо,,исторический,исторический,ADJF NOUN,2,0,,,,,
"Полевой, Петр Николаевич",мужской,0,Под неотразимой десницей,Роман,1,Исторический вестник,Санкт-Петербург,1893,исторический,"аристократия прошлого, легендарные исторические фигуры",3 лицо,,исторический,исторический,PREP ADJF NOUN,3,0,,,,,
"Полевой, Петр Николаевич",мужской,0,Бесово отродье,Историческая повесть для юношества,0,Московский листок,,1898,исторический,,3 лицо,,исторический,исторический,NOUN,2,0,,,,,
"Полевой, Петр Николаевич",мужской,0,Избранник божий,Историческая повесть,1,Отд. изд.,Санкт-Петербург,1899,"исторический, социально-психологический","крестьяне, легендарные исторические фигуры",3 лицо,polevoj_p_izbrannik_bozhij_1899.xml,исторический,исторический,NOUN ADJF,2,0,исторический,социально-психологический,религиозный,,
"Полевой, Петр Николаевич",мужской,0,Где Бог и правда?,историческая повесть,1,Отд. изд.,Санкт-Петербург,1892,,,,,,,ADVB NOUN CONJ PRCL,4,0,,,,,
"Полевой, Петр Николаевич",мужской,0,На рубеже поколений,роман,0,Московский листок,,1892,исторический,,,,исторический,исторический,PREP NOUN NOUN,3,0,,,,,
"Полевой, Петр Николаевич",мужской,0,Птичка-невеличка,Роман,1,Исторический вестник,Санкт-Петербург,1892,исторический,,,,исторический,исторический,NOUN,1,0,,,,,
"Полевой, Петр Николаевич",мужской,0,Маринка-безбожница,Исторический роман XVII-го столетия,1,Отд. изд.,Санкт-Петербург,1893,исторический,,,,исторический,исторический,NOUN,1,0,,,,,
"Полевой, Петр Николаевич",мужской,0,На роковом просторе,,1,Отд. изд.,Санкт-Петербург,1898,исторический,,,,исторический,исторический,PREP ADJF NOUN,3,0,,,,,
"Полежаев, Петр Васильевич",мужской,0,Престол и монастырь,Летопись 1682 и 1689 г.,0,Историческая библиотека,,1878,исторический,легендарные исторические фигуры,3 лицо,polezhaev_p_prestol_i_monastyr_1878.xml,исторический,исторический,NOUN CONJ NOUN,3,0,исторический,религиозный,,,
"Полежаев, Петр Васильевич",мужской,0,150 лет назад (Бирон и Волынский),исторический роман времен Анны Иоанновны,1,Отд. изд.,Санкт-Петербург,1883,историческая проза,"придворные, легендарные исторические фигуры (Анна Иоановна, Бирон и др)",3 лицо,polezhaev_p__let_nazad_biron_i_volynskij_1883.xml,исторический,исторический,NUMR NOUN ADVB NOUN CONJ ADJF,6,0,исторический,биографический,политический,,
"Полежаев, Петр Васильевич",мужской,0,Лопухинское дело,историческая повесть,1,Отд. изд.,Санкт-Петербург,1883,историческая проза,"придворные, легендарные исторические фигуры (Романовы)",3 лицо,polezhaev_p_lopukhinskoe_delo_1883.xml,исторический,исторический,ADJF NOUN,2,0,исторический,политический,,,
"Полежаев, Петр Васильевич",мужской,0,Фавор и опала,исторический роман,1,Отд. изд.,Санкт-Петербург,1884,исторический,аристократия прошлого,3 лицо,polezhaev_p_favor_i_opala_1884.xml,исторический,исторический,NOUN CONJ VERB,3,0,исторический,политический,биографический,,
"Полежаев, Петр Васильевич",мужской,0,Царевич Алексей Петрович,Исторический роман,1,Отд. изд.,Санкт-Петербург,1885,исторический,историческая фигура,3 лицо,polezhaev_p_zarevich_aleksej_petrovich_1885.xml,исторический,исторический,NOUN NOUN NOUN,3,0,исторический,биографический,политический,психологический,
"Полежаев, Петр Васильевич",мужской,0,Тузы и двойки,Листки из столичной хроники 1780,1,Отд. изд.,Санкт-Петербург,1893,"исторический, авантюрист",,,,исторический,исторический,NOUN CONJ NOUN,3,0,,,,,
"Полонский, Яков Петрович",мужской,0,Признания Сергея Чалыгина,Роман,0,Литературная библиотека,,1867,исторический,декабристы,1 лицо,,исторический,исторический,NOUN NOUN NOUN,3,0,,,,,
"Полонский, Яков Петрович",мужской,0,Дешевый город,Хроника-роман,0,Вестник Европы,,1879,,дворяне,3 лицо,,,,ADJF NOUN,2,0,,,,,
"Полонский, Яков Петрович",мужской,0,Крутые горки,Роман,0,Дело,,1880,,,,,,,ADJF NOUN,2,0,,,,,
"Полонский, Яков Петрович",мужской,0,Нечаянно,Повесть в 2-х частях,0,Отд. изд. (СС),,1886,,,3 лицо,,,,ADVB,1,0,,,,,
"Помяловский, Николай Герасимович",мужской,0,Брат и сестра,,0,Современник,,1864,социально-психологический,Разночинцы,3 лицо,pomyalovskij_n_brat_i_sestra_1864.xml,социальный,социальный,NOUN CONJ NOUN,3,0,социально-психологический,семейный,бытовой,,
"Пономарев, Иван Николаевич",мужской,0,Жертвы адвоката,роман в 2 частях,0,Петербургский листок,,1888,авантюрный,,,,авантюрный,приключенческий,NOUN NOUN,2,0,,,,,
"Пономарев, Иван Николаевич",мужской,0,Живой товар: (Из бердичевских тайн),роман в 3 частях,0,Луч,,1888,уголовный,криминальный мир,,,уголовный,криминальный,NOUN NOUN PREP ADJF NOUN,5,0,,,,,
"Пономарев, Иван Николаевич",мужской,0,Еврейская баронесса,роман,0,Луч,,1889,уголовный,,,,уголовный,криминальный,ADJF NOUN,2,0,,,,,
"Пономарев, Иван Николаевич",мужской,0,Миллионер-преступник,уголовный роман,1,Родина,Санкт-Петербург,1889,уголовный,криминальный мир,,,уголовный,криминальный,NOUN,1,0,,,,,
"Пономарев, Иван Николаевич",мужской,0,Атаман-мститель,оригинальный роман в 2-х частях,1,Отд. изд.,Санкт-Петербург,1890,авантюрный,военные,,,авантюрный,приключенческий,NOUN,1,0,,,,,
"Пономарев, Иван Николаевич",мужской,0,Петербургские тузы,Роман,0,Петербургский листок,,1890,уголовный,,3 лицо,,уголовный,криминальный,ADJF NOUN,2,0,,,,,
"Пономарев, Иван Николаевич",мужской,0,Тайны болгар­ского двора,Роман в трех частях,1,Отд. изд.,Санкт-Петербург,1890,авантюрно-приключенческий,,3 лицо,,авантюрный,приключенческий,NOUN ADJF NOUN,3,0,,,,,
"Пономарев, Иван Николаевич",мужской,0,Столичные коршуны,Роман И. Н. Пономарева в 3-х частях,0,Петербургская газета,,1891,,,3 лицо,,,,ADJF NOUN,2,0,,,,,
"Пономарев, Иван Николаевич",мужской,0,По кровавым следам,Уголовный роман,1,Отд. изд.,Санкт-Петербург,1892,уголовный,,,,уголовный,криминальный,PREP ADJF NOUN,3,0,,,,,
"Пономарев, Иван Николаевич",мужской,0,Предсмертное проклятие,Роман,1,Петербургская газета,Санкт-Петербург,1892,уголовный,,,,уголовный,криминальный,ADJF NOUN,2,0,,,,,
"Пономарев, Иван Николаевич",мужской,0,Защитник угнетенных,Роман в двух частях,1,Отд. изд.,Санкт-Петербург,1894,уголовный,,3 лицо,,уголовный,криминальный,NOUN PRTF,2,0,,,,,
"Пономарев, Иван Николаевич",мужской,0,Преступная мать,роман в 3-х частях. И. Н. Пономарева,0,Свет,,1900,,,3 лицо,,,,ADJF NOUN,2,0,,,,,
"Пономарев, Иван Николаевич",мужской,0,Под давлением судьбы,Роман в трех частях. (Из петербургской жизни). И. Н. Пономарева.,0,Свет,,1901,,,3 лицо,,,,PREP NOUN NOUN,3,0,,,,,
"Попов, Михаил Иванович",мужской,0,"Славянские древности, или Приключения славянских князей",,1,Отд. изд.,Санкт-Петербург,1770,"псевдоисторический, волшебная сказка, галантный роман, рыцарский роман",Князья,3 лицо,,исторический,исторический,ADJF NOUN CONJ NOUN ADJF NOUN,6,0,,,,,
"Попов, Николай Ардалионович",мужской,0,Русский гарибальдиец и дочь бандита,роман из недавнего прошлого,1,Отд. изд.,Санкт-Петербург,1890,исторический,,,,исторический,исторический,ADJF NOUN CONJ NOUN NOUN,5,0,,,,,
"Потанин, Гавриил Никитич",мужской,0,"Старое старится, молодое растет",Роман,0,Современник; Русское слово,,1861,историко-автобиографический,"крестьяне, учителя",3 лицо,potanin_g_staroe_staritsya_molodoe_rastet_1861.xml,исторический,исторический,NOUN VERB ADJF VERB,4,0,исторический,,,,
"Потапенко, Игнатий Николаевич",мужской,0,Встреча,Роман,0,Русская мысль,,1899,"социально-психологический, студенты",,,,социальный,социальный,NOUN,1,0,,,,,
"Потапенко, Игнатий Николаевич",мужской,0,Через любовь,Роман И. Н. Потапенко,0,Нива,,1898,,,3 лицо,,,,PREP NOUN,2,0,,,,,
"Потапенко, Игнатий Николаевич",мужской,0,Здравые понятия,роман,0,Северный вестник,,1890,социально-психологический,дворяне,3 лицо,potapenko_i_zdravye_ponyatiya_1890.xml,социальный,социальный,ADJF NOUN,2,0,социально-психологический,идеологический,бытовой,,
"Потапенко, Игнатий Николаевич",мужской,0,Звезда,Роман,1,Нива,Санкт-Петербург,1893,социально-психологический,дворяне,3 лицо,,социальный,социальный,NOUN,1,0,,,,,
"Потапенко, Игнатий Николаевич",мужской,0,Не герой,Роман в двух частях,1,Отд. изд.,Москва,1896,социально-психологический,разночинцы,3 лицо,,социальный,социальный,PRCL NOUN,2,0,,,,,
"Потапенко, Игнатий Николаевич",мужской,0,Один,Роман,1,Отд. изд.,Москва,1896,социально-психологический,"дворяне, крестьяне, разночинцы",3 лицо,,социальный,социальный,ADJF,1,0,,,,,
"Потапенко, Игнатий Николаевич",мужской,0,Счастье поневоле,,1,Отд. изд.,Москва,1897,социально-психологический,выпускник института,3 лицо,,социальный,социальный,NOUN ADVB,2,0,,,,,
"Потапенко, Игнатий Николаевич",мужской,0,Два счастья,Роман в трех частях,1,Отд. изд.,Москва,1898,социально-психологический,дворяне,3 лицо,,социальный,социальный,NUMR NOUN,2,0,,,,,
"Потапенко, Игнатий Николаевич",мужской,0,Живая жизнь,Роман,1,Отд. изд.,Москва,1898,социально-психологический,разночинец (ученик),3 лицо,,социальный,социальный,ADJF NOUN,2,0,,,,,
"Потапенко, Игнатий Николаевич",мужской,0,Записки молодого человека,,1,Отд. изд.,Москва,1898,"социально-психологический, любовный","разночинцы, купцы/промышленники",1 лицо,,социальный,социальный,NOUN ADJF NOUN,3,0,,,,,
"Потапенко, Игнатий Николаевич",мужской,0,Слово и дело,Отрывок из воспоминаний,1,Отд. изд.,Санкт-Петербург,1898,социально-психологический,"аристократия прошлого, (разноцинцы, институтки?)",3 лицо,potapenko_i_slovo_i_delo_1898.xml,социальный,социальный,NOUN CONJ NOUN,3,0,социально-психологический,идеологический,нравоописательный,,
"Потапенко, Игнатий Николаевич",мужской,0,Светлый луч,Роман,1,Отд. изд.,Санкт-Петербург,1899,"социально-психологический, любовный",разночинцы,3 лицо,,социальный,социальный,ADJF NOUN,2,0,,,,,
"Потапенко, Игнатий Николаевич",мужской,0,Мать и дочь,роман,0,Мир Божий,,1903,социально-психологический,женщины,3 лицо,,социальный,социальный,NOUN CONJ NOUN,3,0,,,,,
"Потапенко, Игнатий Николаевич",мужской,0,История одной молодости,роман,0,Современный мир,,1907,социально-психологический,,1 лицо,,социальный,социальный,NOUN ADJF NOUN,3,0,,,,,
Потапенко Игнатий Николаевич,мужской,0,Мертвое море,роман,1,Отд. изд.,Л.,1929,социально-психологический,,,,социальный,социальный,ADJF NOUN,2,0,,,,,
"Потапов, Василий Федорович",мужской,0,"Марфа Васильевна, третья супруга Иоанна Грозного",Исторический роман XVI века в 2 частях,1,Отд. изд.,Москва,1845,исторический,бояре,3 лицо,,исторический,исторический,NOUN NOUN ADJF NOUN NOUN NOUN,6,0,,,,,
"Потапов, Василий Федорович",мужской,0,"Иван Великий, или Таинственная юродивая","исторический роман времен Бориса Годунова, Лжедмитрия и царя Василия Иоанновича Шуйского",1,Отд. изд.,Москва,1846,исторический,аристократия,3 лицо,potapov_v_ivan_velikij_ili_tainstvennaya_yurodivaya_1846.xml,исторический,исторический,NOUN ADJF CONJ ADJF ADJF,5,0,исторический,мистический,религиозный,,
"Потапов, Василий Федорович",мужской,0,Раскольники,исторический роман,1,Отд. изд.,Москва,1846,исторический,купцы (новгород),3 лицо,,исторический,исторический,NOUN,1,0,,,,,
"Потехин, Алексей Антипович",мужской,0,Крестьянка,Роман в трех частях,0,Москвитянин,,1853,социально-психологический,Крестьяне,3 лицо,potekhin_a_krestyanka_1853.xml,социальный,социальный,NOUN,1,0,социально-психологический,роман воспитания,крестьянский,этнографический,
"Потехин, Алексей Антипович",мужской,0,Крушинский,Роман в 3-х частях,0,Библиотека для чтения,,1856,социально-психологический,дворяне,3 лицо,,социальный,социальный,ADJF,1,0,,,,,
"Потехин, Алексей Антипович",мужской,0,Бедные дворяне,Роман в четырех частях,0,Библиотека для чтения,,1861,социально-психологический,дворяне,3 лицо,,социальный,социальный,ADJF NOUN,2,0,,,,,
"Потехин, Алексей Антипович",мужской,0,Около денег,Роман,0,Вестник Европы,,1876,социально-психологический,рабочие,3 лицо,,социальный,социальный,PREP NOUN,2,0,,,,,
"Потехин, Алексей Антипович",мужской,0,Молодые побеги,Роман,1,Отд. изд. (СС),Санкт-Петербург,1879,социально-психологический,разночинцы,3 лицо,,социальный,социальный,NOUN NOUN,2,0,,,,,
"Правдин, В.",мужской,1,Одесские катакомбы,"Роман в двух частях, из записок полицейского агента",1,Отд. изд.,Санкт-Петербург,1874,"криминальный, социальный","преступники, нищие",3 лицо,antonov_v_odesskie_katakomby_1874.xml,криминальный,криминальный,ADJF NOUN,2,0,уголовный,авантюрный,,,
"Правдин, В.",мужской,1,Спиритка-убийца,роман,1,Родина,Санкт-Петербург,1886,авантюрный,Криминальный мир,,,авантюрный,приключенческий,NOUN,1,0,,,,,
"Преображенский, Н.С.",мужской,0,Из кулька в рогожку,Роман,0,Дело,,1872,социально-психологический,духовенство,3 лицо,,социальный,социальный,PREP NOUN PREP NOUN,4,0,,,,,
"Протопопов, Александр Павлович",мужской,0,"Царские милости, или иконописец и раскольник",Историческая быль из времен Петра Великого,1,Отд. изд.,Санкт-Петербург,1857,"историческая повесть, времена петра i",,,,исторический,исторический,ADJF NOUN CONJ NOUN CONJ NOUN,6,0,,,,,
"Протопопов, Александр Павлович",мужской,0,"Незаконнорожденный, или Жизнь и смерть","Нравственно-фантастический роман, переделанный с польского",1,Отд. изд.,Москва,1835,"исторический, фольклорный, фантастический",,,,исторический,исторический,ADJF CONJ NOUN CONJ NOUN,5,0,,,,,
"Протопопов, Александр Павлович",мужской,0,"Пан Ягожинский, отступник и мститель","Роман, взятый из древних польских преданий",1,Отд. изд.,Москва,1836,"исторический, фантастический",,,,исторический,исторический,NOUN ADJF NOUN CONJ NOUN,5,0,,,,,
"Протопопов, Александр Павлович",мужской,0,"Смерть Наполеона, или Расстрелянный шпион",исторический роман в драматических картинках,1,Отд. изд.,Москва,1836,исторический,,,,исторический,исторический,NOUN NOUN CONJ PRTF NOUN,5,0,,,,,
"Протопопов, Александр Павлович",мужской,0,"Черный гроб, или Кровавая Звезда",Поверье XVII века,1,Отд. изд.,Москва,1835,"исторический, фольклорный, фантастический","купцы, разбойники",3 лицо,,исторический,исторический,NOUN NOUN CONJ ADJF NOUN,5,0,,,,,
"Протопопов, Александр Павлович",мужской,0,"Сумасшедший, или Желтый дом",Нравственно-сатирический роман,1,Отд. изд.,Москва,1836,"исторический, фантастический",Дворяне,1 лицо,,исторический,исторический,ADJF CONJ ADJF NOUN,4,0,,,,,
"Протопопов, Александр Павлович",мужской,0,"Человек, женщина и демон","Роман, взятый из древнего сказания о пане Твардовском",1,Отд. изд.,Москва,1841,"исторический, фольклорный, фантастический, любовный","военные, дворяне",3 лицо,,исторический,исторический,NOUN NOUN CONJ NOUN,4,0,,,,,
"Протопопов, Александр Павлович",мужской,0,Отшельник,роман XIX века,1,Отд. изд.,Москва,1843,нравоописательный,"военные, монахи",1 лицо,,нравоописательный,описательный,NOUN,1,0,,,,,
"Протопопов, Александр Павлович",мужской,0,Осада Троицко-Сергиевской лавры или русские в 1608 г.,Исторический ромам XVII века,1,Отд. изд.,Санкт-Петербург,1843,исторический роман; россия xvii в.,"исторические лица, дворяне, военные",3 лицо,,исторический,исторический,NOUN ADJF NOUN CONJ ADJF PREP NUMR NOUN,8,0,,,,,
"Протопопов, Василий Михайлович",мужской,0,"Лабиринт волшебства, или Удивительные приключения востояных принцев",Сочинение В. П.,1,Отд. изд.,Москва,1786,"авантюрный, мотивы волшебно-рыцарского романа, фр. волшебных сказок","Волшебник, фея",3 лицо,,авантюрный,приключенческий,NOUN NOUN CONJ ADJF NOUN ADJF NOUN,7,0,,,,,
"Протопопов, Василий Михайлович",мужской,0,"Любовь Периандра и Финомены, исполненная чувствительных для нежных сердец приключений",сочинил В.П.,1,Отд. изд.,Москва,1787,псевдоисторический галантно-героический роман,аристократия прошлого,3 лицо,,исторический,исторический,NOUN NOUN CONJ NOUN PRTF ADJF PREP ADJF NOUN NOUN,10,0,,,,,
"Прохоров-Риваль, Владимир Алексеевич",мужской,1,В пороховом дыму,роман,0,Новости дня,,1888,социальный,театральная и художественная богема,,,социальный,социальный,PREP ADJF NOUN,3,0,,,,,
"Прохоров-Риваль, Владимир Алексеевич",мужской,1,Из времен русско-турецкой войны 1877-1878,роман,0,Развлечение,,1891,исторический,,,,исторический,исторический,PREP NOUN ADJF NOUN NUMR,5,0,,,,,
"Прохоров-Риваль, Владимир Алексеевич",мужской,1,Отверженный,Роман,0,Голос Москвы,,1886,"криминальный, детективный",,3 лицо,,криминальный,криминальный,ADJF,1,0,,,,,
"Прохоров-Риваль, Владимир Алексеевич",мужской,1,Московский полусвет,роман,0,Новости дня,,1887,социально-психологический,кокотки (проститутки),3 лицо,,социальный,социальный,ADJF NOUN,2,0,,,,,
"Прохоров-Риваль, Владимир Алексеевич",мужской,1,Под звон цепей,роман из жизни ссыльнокаторжных,0,Новости дня,,1887,"любовный, криминальный",каторжные,3 лицо,,любовный,любовный,PREP NOUN NOUN,3,0,,,,,
"Прохоров-Риваль, Владимир Алексеевич",мужской,1,Искра счастья,Роман,0,Русский листок,,1897,"социальный, биржевики",,3 лицо,,социальный,социальный,NOUN NOUN,2,0,,,,,
"Прохоров-Риваль, Владимир Алексеевич",мужской,1,Людоеды,Роман,0,Новости дня,,1883,уголовный,,3 лицо,,уголовный,криминальный,NOUN,1,0,,,,,
"Прохоров-Риваль, Владимир Алексеевич",мужской,1,Лесной бродяга,Роман,0,Волна,,1884,криминальный,,3 лицо,,криминальный,криминальный,NOUN NOUN,2,0,,,,,
"Прохоров-Риваль, Владимир Алексеевич",мужской,1,Отцеубийца,Роман,0,Новости дня,,1884,криминальный,,3 лицо,,криминальный,криминальный,NOUN,1,0,,,,,
"Прохоров-Риваль, Владимир Алексеевич",мужской,1,Любовь и преступление,Роман,0,Голос Москвы,,1885,"криминальный, детективный",,3 лицо,,криминальный,криминальный,NOUN CONJ NOUN,3,0,,,,,
"Прохоров-Риваль, Владимир Алексеевич",мужской,1,Две смерти,Повесть,0,Новости дня,,1886,"криминальный, детективный",,3 лицо,,криминальный,криминальный,NUMR NOUN,2,0,,,,,
"Прохоров-Риваль, Владимир Алексеевич",мужской,1,Дочь актрисы,повесть,0,Театр и жизнь,,1886,"социальный, богема",,1 лицо,,социальный,социальный,NOUN NOUN,2,0,,,,,
"Прохоров-Риваль, Владимир Алексеевич",мужской,1,Тайны сердца,Роман,1,Отд. изд.,Москва,1886,"социальный, богема, любовный",актеры,3 лицо,,социальный,социальный,NOUN NOUN,2,0,,,,,
"Прохоров-Риваль, Владимир Алексеевич",мужской,1,В погоню за счастьем,Роман,0,Новости дня,,1888,авантюрный,,3 лицо,,авантюрный,приключенческий,PREP NOUN PREP NOUN,4,0,,,,,
"Прохоров-Риваль, Владимир Алексеевич",мужской,1,Судьба,Роман В. Риваля,1,Отд. изд.,Москва,1893,социально-психологический,разночинцы,,,социальный,социальный,NOUN,1,0,,,,,
"Прохоров-Риваль, Владимир Алексеевич",мужской,1,В предсмертный час,Роман В.А. Риваля,1,Развлечение,Москва,1889,авантюрный,,3 лицо,,авантюрный,приключенческий,PREP ADJF NOUN,3,0,,,,,
"Прохоров-Риваль, Владимир Алексеевич",мужской,1,Жертва чести,Роман,0,Новости дня,,1889,авантюрный,,3 лицо,,авантюрный,приключенческий,NOUN NOUN,2,0,,,,,
"Прохоров-Риваль, Владимир Алексеевич",мужской,1,За сто тысяч,Роман,0,Новости дня,,1889,"уголовный, детективный",криминальный мир,3 лицо,,уголовный,криминальный,PREP NOUN NOUN,3,0,,,,,
"Прохоров-Риваль, Владимир Алексеевич",мужской,1,Жертвы страсти,Роман,0,Русский листок,,1890,авантюрный,криминальный мир,3 лицо,,авантюрный,приключенческий,NOUN NOUN,2,0,,,,,
"Пружанский, Николай Осипович",мужской,1,Новый Моисей,Роман в двух частях из современной русско-еврейской жизни,1,Отд. изд.,Санкт-Петербург,1897,социально-психологический,народности и этнические группы,3 лицо,,социальный,социальный,ADJF NOUN,2,0,,,,,
"Пушкин, Александр Сергеевич",мужской,0,Роман на кавказских водах,роман,0,Русский Архив,,1881,"любовный, семейная хроника",дворяне,3 лицо,pushkin_a_roman_na_kavkazskikh_vodakh_1881.xml,любовный,любовный,NOUN PREP ADJF NOUN,4,1,любовный,светский,семейный,бытовой,
"Пушкин, Александр Сергеевич",мужской,0,Капитанская дочка,,0,Современник,,1836,исторический,"Дворяне, лендарные исторические фигуры",1 лицо,pushkin_a_kapitanskaya_dochka_1836.xml,исторический,исторический,ADJF NOUN,2,1,исторический,приключенческий,любовный,философский,
"Пушкин, Александр Сергеевич",мужской,0,Рославлев,,0,Современник,,1836,"исторический, социально-психологический",Дворяне,1 лицо,pushkin_a_roslavlev_1836.xml,исторический,исторический,NOUN,1,1,исторический,социально-психологический,,,
"Пушкин, Александр Сергеевич",мужской,0,Арап Петра Великого,роман,0,Современник,,1837,"исторический, семейная хроника","Легендарные исторические фигуры, аристократия прошлого",3 лицо,pushkin_a_arap_petra_velikogo_1837.xml,исторический,исторический,NOUN NOUN NOUN,3,1,исторический,социально-психологический,,,
"Пушкин, Александр Сергеевич",мужской,0,Дубровский,,1,Отд. изд. (СС),Санкт-Петербург,1841,роман основан на истинной истории о помещике-разбойнике,дворяне,3 лицо,pushkin_a_dubrovskij_1841.xml,исторический,исторический,ADJF,1,1,авантюрный,любовный,социально-психологический,,
"Пушкин, Александр Сергеевич",мужской,0,Русский пелам,роман,0,Отд. изд.,,1841,авантюрно-психологический роман,,1 лицо,pushkin_a_russkij_pelam_1841.xml,авантюрный,приключенческий,ADJF NOUN,2,1,авантюрный,социально-психологический,светский,,
"Рабинович, Осип Ааронович",мужской,0,Калейдоскоп,Роман,0,Современник,,1856,социально-бытовой,бродячие артисты,3 лицо,,социальный,социальный,NOUN,1,0,,,,,
"Радищев, Александр Николаевич",мужской,0,Путешествие из Петербурга в Москву,,1,Отд. изд.,Санкт-Петербург,1790,путешествие,Крестьяне,1 лицо,radishev_a_puteshestvie_iz_peterburga_v_moskvu_1790.xml,,,NOUN PREP NOUN PREP NOUN,5,1,политический,сентиментальный,просветительский,философский,
"Разин, Алексей Егорович",мужской,0,Жизнь и приключения домашнего учителя,Роман: В 4 ч.,0,Северное обозрение,,1848,"автобиография, учитель",,,,автобиографический,биографический,NOUN CONJ NOUN ADJF NOUN,5,0,,,,,
"Ракшанин, Николай Осипович",мужской,1,Счастье,Роман,0,Новости дня,,1891,любовно-приключенческий,"дворяне, крестьяне",,,любовный,любовный,NOUN,1,0,,,,,
"Ракшанин, Николай Осипович",мужской,1,Золотой дождь,Роман,0,Петербургский листок,,1892,детективно-психологический,,,,детективный,криминальный,ADJF NOUN,2,0,,,,,
"Ракшанин, Николай Осипович",мужской,1,Страшное дело,Роман,1,Петербургский листок,Санкт-Петербург,1892,детективный,,,,детективный,криминальный,ADJF NOUN,2,0,,,,,
"Ракшанин, Николай Осипович",мужской,1,Чужой грех,Роман,1,Новости дня,Москва,1892,детективный,,,,детективный,криминальный,ADJF NOUN,2,0,,,,,
"Ракшанин, Николай Осипович",мужской,1,Жертва нижегородских дельцов,Ярмарочный роман,1,Отд. изд.,Москва,1900,детективно-психологический,,,,детективный,криминальный,NOUN ADJF NOUN,3,0,,,,,
"Ракшанин, Николай Осипович",мужской,1,За веру и братьев,Роман из эпохи войны 1877-78 гг.,1,Отд. изд.,Москва,1901,исторический,,,,исторический,исторический,PREP NOUN CONJ NOUN,4,0,,,,,
"Раменский, Н.",мужской,1,Братья-изгои,роман в 3 частях,1,Отд. изд.,Москва,1895,"соц.-психологический, воспитатель-гимназист","гимназия, быт, общество",3 лицо,,социальный,социальный,NOUN,1,0,,,,,
"Раскатов, Михаил",мужской,1,В когтях дьявола,Роман,0,Газета-копейка,,1909,"приключенческий, персонажи из цирка",,,,приключенческий,приключенческий,PREP NOUN NOUN,3,0,,,,,
"Раскатов, Михаил",мужской,1,Антон Кречет,Роман,0,Газета-копейка,,1909,приключенческий,разбойник,3 лицо,,приключенческий,приключенческий,NOUN NOUN,2,0,,,,,
"Раскатов, Михаил",мужской,1,Из потока,Роман,0,Газета-копейка,,1910,"авантюрно-приключенческий (с элементами научной фантастики), разбойник",,,,авантюрный,приключенческий,PREP NOUN,2,0,,,,,
"Раскатов, Михаил",мужской,1,Кладоискатели,Роман,0,Газета-копейка,,1910,приключенческий,,,,приключенческий,приключенческий,NOUN,1,0,,,,,
"Раскатов, Михаил",мужской,1,Злые чары,Роман,0,Газета-копейка,,1911,авантюрный,,,,авантюрный,приключенческий,ADJF NOUN,2,0,,,,,
"Раскатов, Михаил",мужской,1,На чужбине (Антон Кречет),Роман,0,Газета-копейка,,1911,"авантюрный, уголовный",криминальный мир,,,авантюрный,приключенческий,PREP NOUN NOUN NOUN,4,0,,,,,
"Раскатов, Михаил",мужской,1,Найденыш,Роман,0,Газета-копейка,,1912,авантюрный,,,,авантюрный,приключенческий,NOUN,1,0,,,,,
"Раскатов, Михаил",мужской,1,На аванпостах (Антон Кречет),Роман в 3-х частях,0,Газета-копейка,,1912,"авантюрный, уголовный",криминальный мир,3 лицо,,авантюрный,приключенческий,PREP NOUN NOUN NOUN,4,0,,,,,
"Раскатов, Михаил",мужской,1,Последний перегон,Уголовно-приключенческий роман в 3-х частях,1,Отд. изд.,Санкт-Петербург,1913,авантюрно-приключенческий,разбойник,,,авантюрный,приключенческий,ADJF NOUN,2,0,,,,,
"Раскатов, Михаил",мужской,1,В водовороте,Роман,1,Отд. изд.,Санкт-Петербург,1914,"авантюрно-приключенческий, разбойник",,,,авантюрный,приключенческий,PREP NOUN,2,0,,,,,
"Раскатов, Михаил",мужской,1,Орленок (Антон Кречет),Роман в 3 частях,1,Отд. изд.,Санкт-Петербург,1917,авантюрно-приключенческий,разбойник,,,авантюрный,приключенческий,NOUN NOUN NOUN,3,0,,,,,
"Раскатов, Михаил",мужской,1,Порванные цепи (Из дней революции),Роман,1,Отд. изд.,Санкт-Петербург,1917,"исторический, рабочие",,,,исторический,исторический,PRTF NOUN PREP NOUN NOUN,5,0,,,,,
"Рафалович, Сергй Львович",мужской,0,На весах справедливости,Комментарий к роману,1,Отд. изд.,Санкт-Петербург,1909,,,,,,,PREP NOUN NOUN,3,0,,,,,
Ремизов Алексей Михайлович,мужской,0,Канава,Роман,1,Отд. изд.,"Прага, Б.",1923,"соц.-психологический, ""роман-коллаж"", чиновники",,3 лицо,,социальный,социальный,NOUN,1,0,,,,,
"Ренников, А.",мужской,1,Сеятели вечного,роман,1,Отд. изд.,Санкт-Петербург,1912,сатирический,,,,сатирический,юмористический,NOUN ADJF,2,0,,,,,
"Ренников, А.",мужской,1,Тихая заводь,роман,0,Московские ведомости,,1914,сатирический фельетонный роман,,,,сатирический,юмористический,ADJF NOUN,2,0,,,,,
"Ренников, А.",мужской,1,"Разденься, человек",роман,1,Отд. изд.,Санкт-Петербург,1917,"фантастический роман, социалистический роман, сверхчеловек",,,,фантастический,фантастический,VERB NOUN,2,0,,,,,
Ренников А.,мужской,1,Души живые,роман,1,Отд. изд.,Белград,1925,юмористический роман,эмигранты,,,юмористический,юмористический,NOUN NOUN,2,0,,,,,
Ренников А.,мужской,1,Диктатор мира,роман,1,Отд. изд.,Белград,1925,"роман-утопия, роман будущего",,3 лицо,,утопический,утопический,NOUN NOUN,2,0,,,,,
Ренников А.,мужской,1,За тридевять земель,роман,1,Отд. изд.,Белград,1926,роман о жизни русских эмигрантов,русские эмигранты,,,социальный,социальный,PREP NUMR NOUN,3,0,,,,,
Ренников А.,мужской,1,Жизнь играет,роман,1,Отд. изд.,Париж,1930,исторический,эмигранты,,,исторический,исторический,NOUN VERB,2,0,,,,,
"Ресницкий, Михаил",мужской,0,Мережин,Роман из времен осады Севастополя,1,Отд. изд.,Киев,1858,исторический,военные,3 лицо,,исторический,исторический,NOUN,1,0,,,,,
"Решетников, Федор Михайлович",мужской,0,Глумовы,Роман,0,Дело,,1866,соц-психологичекий,рабочие,3 лицо,reshetnikov_f_glumovy_1866.xml,социальный,социальный,NOUN,1,0,социально-психологический,бытовой,семейный,,
"Решетников, Федор Михайлович",мужской,0,Горнорабочие,Роман,0,Современник,,1866,соц-психологический,рабочие,3 лицо,reshetnikov_f_gornorabochie_1866.xml,социальный,социальный,NOUN,1,0,социально-психологический,бытовой,этнографический,,
"Решетников, Федор Михайлович",мужской,0,Где лучше?,Роман,0,Отечественные записки,,1868,,рабочие,3 лицо,reshetnikov_f_gde_luchshe_1868.xml,,,ADVB COMP,2,0,крестьянский,бытовой,,,
"Решетников, Федор Михайлович",мужской,0,Свой хлеб,Роман,0,Отечественные записки,,1870,социально-психологический,,3 лицо,reshetnikov_f_svoj_khleb_1870.xml,социальный,социальный,ADJF NOUN,2,0,социально-психологический,бытовой,,,
Родионов Иван Александрович,мужской,0,Любовь,роман,1,Отд.изд.,Берлин,1922,,,,,,,NOUN,1,0,,,,,
Родионов Иван Александрович,мужской,0,Сыны дьявола,роман,1,отд.изд.,Белград,1932,"исторический, социально-психологический, колосальный роман",революционеры,3 лицо,,исторический,исторический,NOUN NOUN,2,0,,,,,
Родионов Иван Александрович,мужской,0,Царство Сатаны из загадочного к реальному,роман,0,Белград,,1937,колосальный роман,,,,эпопея,исторический,NOUN NOUN PREP ADJF PREP ADJF,6,0,,,,,
"Розен, Егор Федорович",мужской,0,Сидонский,Роман,0,Сын отечества,,1848,русский философ сидонский,,,,философский,философский,ADJF,1,0,,,,,
Розов Борис Александрович,мужской,0,После бури,Роман,1,Отд. изд.,Л.,1927,"социальный, сатиристический",крестьяне,,,социальный,социальный,PREP NOUN,2,0,,,,,
"Романов, Вадим Владимирович",мужской,0,За Урал!,Рассказ из воспоминаний о Сибири,0,Русский вестник,,1883,"роман воспитания, приключенческий",дворяне-золотопромышленники,3 лицо,,воспитания,воспитания,PREP NOUN,2,0,,,,,
"Романов, Вадим Владимирович",мужской,0,Из недалекого прошлого,Роман в трех частях,0,Русский вестник,,1894,"беллетристика, дочь купца-татрина, дворяне","дочь купца-татрина, дворяне",3 лицо,,,,PREP ADJF NOUN,3,0,,,,,
Романов Пантелеймон Сергеевич,мужской,0,Русь,Роман,1,Отд. изд.,Москва,1923,"эпопея, соц.-психологический, крестьяне и дворяне до и во время 1-й мировой войны",крестьяне,,,эпопея,исторический,NOUN,1,0,,,,,
Романов Пантелеймон Сергеевич,мужской,0,Новая скрижаль,Роман,0,Новый Мир,,1928,"сатиристический, советские мещане-интеллигенты",,,,сатирический,юмористический,ADJF NOUN,2,0,,,,,
Романов Пантелеймон Сергеевич,мужской,0,Товарищ Кисляков (три пары шелковых чулок),Роман,1,отд.изд.,Рига,1930,сатиристический,"разночинцы, аристократия",3 лицо,,сатирический,юмористический,NOUN NOUN NUMR NOUN ADJF NOUN,6,0,,,,,
Романов Пантелеймон Сергеевич,мужской,0,Собственность,Роман,1,Отд. изд.,М.,1933,сатиристический,"мещане, интелегенты",,,сатирический,юмористический,NOUN,1,0,,,,,
"Ромер, Федор Эмильевич",мужской,0,Дилетанты,Роман,0,Вестник Европы,,1872,соц.-психологический,революционеры,3 лицо,,социальный,социальный,NOUN,1,0,,,,,
"Ромер, Федор Эмильевич",мужской,0,Нерешенные задачи,Роман в 4-х частях,0,Новое слово,,1895,соц.-психологический,"молодые, атеистично настроенные революционеры",3 лицо,,социальный,социальный,ADJF NOUN,2,0,,,,,
"Ромер, Федор Эмильевич",мужской,0,Под разными флагами,Роман в трех частях,0,Русское обозрение,,1898,"соц.-психологический, молодые, атеистично настроенные революционеры",,3 лицо,,социальный,социальный,PREP ADJF NOUN,3,0,,,,,
"Ропшин, В.",мужской,1,"То, чего не было. (Три брата)",Роман,1,Заветы,Москва,1912,исторический,революционеры,3 лицо,savinkov_b_to_chego_ne_bylo_tri_brata_1912.xml,исторический,исторический,CONJ NPRO PRCL VERB NUMR NOUN,6,0,политический,идеологический,психологический,философский,
"Рославцев, Александр Степанович",мужской,0,Страдание,Роман,1,Отд. изд.,Санкт-Петербург,1912,,,,,,,NOUN,1,0,,,,,
"Рославцев, Александр Степанович",мужской,0,Человек за печатью,Роман,1,Отд. изд.,Санкт-Петербург,1912,социальный,мещане,,,социальный,социальный,NOUN PREP NOUN,3,0,,,,,
"Россов, Николай Петрович",мужской,1,Жертва искусства,na,0,Театральная газета,,1915,автобиография,"актеры театра, театр",,,автобиографический,биографический,NOUN NOUN,2,0,,,,,
"Ростопчина, Евдокия Петровна",женский,0,Счастливая женщина,Современная биография,0,Москвитянин,,1851,социально-психологический,"Дворяне, крестьяне",3 лицо,rostopchina_e_schastlivaya_zhenshina_1851.xml,социальный,социальный,ADJF NOUN,2,0,социально-психологический,светский,,,
"Ростопчина, Евдокия Петровна",женский,0,У пристани,Роман в письмах,1,Отд. изд.,Санкт-Петербург,1857,"дамский, дворяне",,в письмах,,дамский,женский,PREP NOUN,2,0,,,,,
Рудневский,мужской,0,"Давид Игоревич, Князь Владимирский, или 1097 год",Исторический роман XI века,1,Отд. изд.,Москва,1834,исторический,легендарные исторические фигуры,1 лицо,,исторический,исторический,NOUN NOUN NOUN ADJF CONJ NUMR NOUN,7,0,,,,,
"Рыскин, Сергей Федорович",мужской,0,Андрей Шутов,роман,0,Русский листок,,1891,социально-психологический,раскольники,,,социальный,социальный,NOUN NOUN,2,0,,,,,
"Рыскин, Сергей Федорович",мужской,0,Похождение лже-архиерея Савватия,современный очерк,0,Русский листок,,1891,социально-психологический,раскольники,3 лицо,,социальный,социальный,NOUN NOUN NOUN,3,0,,,,,
"Рыскин, Сергей Федорович",мужской,0,"Купленный митрополит, или Рогоженские миллионы",роман из истории раскола,1,Русский листок,Москва,1892,социально-психологический; раскольники,раскольники,3 лицо,,социальный,социальный,PRTF NOUN CONJ ADJF NOUN,5,0,,,,,
"Рыскин, Сергей Федорович",мужской,0,"Загадочный самозванец, или Похождения „Опоньского владыки""",Роман,1,Русский листок,Москва,1893,,,,,,,ADJF NOUN CONJ NOUN ADJF NOUN,6,0,,,,,
"Рыскин, Сергей Федорович",мужской,0,Московские трущобы,Роман,1,Русский листок,Москва,1893,социально-психологический,"купцы, разночинцы",,,социальный,социальный,ADJF NOUN,2,0,,,,,
"Рыскин, Сергей Федорович",мужской,0,Молодость Петра Великого,Исторический роман,0,Русский листок,,1894,исторический,,3 лицо,,исторический,исторический,NOUN NOUN NOUN,3,0,,,,,
"Рыскин, Сергей Федорович",мужской,0,"Раскольничьи ""мощи""",Тайны лже-архиерейского подворья,0,Петербургский листок,,1894,социально-психологический,старообрядцы,3 лицо,,социальный,социальный,ADJF NOUN,2,0,,,,,
"Рыскин, Сергей Федорович",мужской,0,Чурбановские миллионы,Уголовный роман,0,Петербургский листок,,1894,социально-психологический; старообрядцы,,3 лицо,,социальный,социальный,ADJF NOUN,2,0,,,,,
"Рыскин, Сергей Федорович",мужской,0,Греховодники,Тайны лжепоповщины,0,Петербургский листок,,1895,социально-психологический; старообрядцы,,3 лицо,,социальный,социальный,NOUN,1,0,,,,,
"Рышков, Виктор Александрович",мужской,0,В паутине,Землевладельч. эпопея,1,Отд. изд.,Москва,1896,,,,,,,PREP NOUN,2,0,,,,,
"Рышков, Виктор Александрович",мужской,0,Женихи,роман,1,Отд. изд.,Санкт-Петербург,1900,,,,,,,NOUN,1,0,,,,,
С.Ш.,na,1,"Василий Делинский, или Новгородцы в XIV столетии",исторический роман,1,Отд. изд.,Москва,1833,исторический,,,,исторический,исторический,NOUN NOUN CONJ NOUN PREP NUMR NOUN,7,0,,,,,
Савватий,женский,1,Тетрадь в сафьяне,Хроника села Арсеньевки,1,Отд. изд.,Санкт-Петербург,1913,любовный роман,,,,любовный,любовный,NOUN PREP NOUN,3,0,,,,,
Савватий,мужской,1,Семья Задорогиных,Роман,1,Отд. изд.,Б.,1923,военный роман,военные,,,военный,исторический,NOUN NOUN,2,0,,,,,
Савватий,мужской,1,Танька,Роман,1,Отд. изд.,Б.,1923,"соц. психологический/деревня, крестьяне",крестьяне,,,социальный,социальный,NOUN,1,0,,,,,
"Савинов, Василий Иванович",мужской,0,Шах-Мансур,Восточный роман в 4-х частях,0,Пантеон,,1852,исторический,"Народности, легендарные исторические фигуры",,,исторический,исторический,NOUN,1,0,,,,,
"Савинов, Василий Иванович",мужской,0,Тескольское ущелье,Роман в двух частях,0,Пантеон,,1852,авантюрный,Народности,3 лицо,,авантюрный,приключенческий,ADJF NOUN,2,0,,,,,
"Савинов, Василий Иванович",мужской,0,Знахари,Исторический роман в двух частях,0,Пантеон,,1853,исторический,Крестьяне (крепостной),3 лицо,,исторический,исторический,NOUN,1,0,,,,,
"Садовской, Борис Александрович",мужской,1,Побеги жизни,повесть,0,Северные записки,,1913,социально-психологический,декаденты,,,социальный,социальный,NOUN NOUN,2,0,,,,,
Садовской Борис Александрович,мужской,1,Приключения Карла Вебера,Сказачно-фантастический роман,1,Отд. изд.,М.,1928,фантастический,"аристократия прошлого, легендарные исторические фигуры",3 лицо,,фантастический,фантастический,NOUN NOUN NOUN,3,0,,,,,
Садовской Борис Александрович,мужской,1,Александр Третий,Исторический роман,0,Новое литературное обозрение,,1993,исторический роман/ александр третий,,,,исторический,исторический,NOUN ADJF,2,0,,,,,
Садовской Борис Александрович,мужской,1,Пшеница и плевелы,Роман,0,Новый мир,,1993,исторический роман/ лермонтов,,,,исторический,исторический,NOUN CONJ NOUN,3,0,,,,,
Садовской Борис Александрович,мужской,1,Шестой час,Фантастический роман,0,Волшебная гора,,1998,"фантастический роман/революция 1917 года, революционеры",,3 лицо,,фантастический,фантастический,ADJF NOUN,2,0,,,,,
"Салиас, Евгений Андреевич",мужской,1,Самокрутка,Историческая повесть в двух частях,1,Отд. изд. (СС),Санкт-Петербург,1872,"историческая повесть, xviii в.",,3 лицо,salias-de-turnemir_e_samokrutka_1872.xml,исторический,исторический,NOUN,1,0,исторический,авантюрный,любовный,бытовой,
"Салиас, Евгений Андреевич",мужской,1,Пугачевцы,Исторический роман,0,Гражданин; Русский вестник,,1873,исторический,"военные, казаки",3 лицо,salias-de-turnemir_e_pugachevzy_1873.xml,исторический,исторический,NOUN,1,0,исторический,авантюрный,приключенческий,,
"Салиас, Евгений Андреевич",мужской,1,Петербургское действо,Исторический роман,0,Историческая библиотека; Русская мысль; Полярная звезда,,1878,исторический,легендарные исторические фигуры,3 лицо,,исторический,исторический,ADJF NOUN,2,0,,,,,
"Салиас, Евгений Андреевич",мужской,1,Мор (На Москве),Исторический роман из времени чумы 1770-1772 г.,0,Огонек,,1879,"исторический, социально-психологический",,3 лицо,salias-de-turnemir_e_mor_na_moskve_1879.xml,исторический,исторический,NOUN PREP NOUN,3,0,исторический,социально-психологический,авантюрный,,
"Салиас, Евгений Андреевич",мужской,1,Принцесса Володимирская (Самозванка),роман,0,Огонек,,1881,"исторический, авантюрный",легендарные исторические фигуры,3 лицо,,исторический,исторический,NOUN ADJF NOUN,3,0,,,,,
"Салиас, Евгений Андреевич",мужской,1,Найденыш,Исторический роман. В 2 частях,0,Русский вестник,,1883,исторический,"казаки, военные, легендарная историческая фигура",3 лицо,salias-de-turnemir_e_najdenysh_1883-1884.xml,исторический,исторический,NOUN,1,0,исторический,авантюрный,приключенческий,,
"Салиас, Евгений Андреевич",мужской,1,В старой Москве,Историческая повесть в 2 частях,1,Нива,Санкт-Петербург,1884,историческая повесть,"дворяне, легендарные исторические фигуры (Екатерина II)",3 лицо,salias-de-turnemir_e_v_staroj_moskve_1884.xml,исторический,исторический,PREP ADJF NOUN,3,0,исторический,бытовой,этнографический,,
"Салиас, Евгений Андреевич",мужской,1,Атаман Устя,Поволжская быль XVIII в. (времен Пугачева),1,Отд. изд.,Санкт-Петербург,1885,"историческая повесть, xviii в., пугачевское восстание, поволжье",,3 лицо,salias-de-turnemir_e_ataman_ustya_1885.xml,исторический,исторический,NOUN NOUN,2,0,исторический,авантюрный,приключенческий,этнографический,
"Салиас, Евгений Андреевич",мужской,1,Миллион,Роман,0,Нива,,1885,исторический,аристократия прошлого,3 лицо,salias-de-turnemir_e_million_1885.xml,исторический,исторический,NOUN,1,0,исторический,авантюрный,,,
"Салиас, Евгений Андреевич",мужской,1,Кудесник,Исторический роман,0,Нива,,1886,исторический,купцы,3 лицо,salias-de-turnemir_e_kudesnik_1886.xml,исторический,исторический,NOUN,1,0,исторический,авантюрный,мистический,,
"Салиас, Евгений Андреевич",мужской,1,Свадебный бунт (1705 г.),Исторический роман,1,Исторический вестник,Санкт-Петербург,1886,исторический,"легендарные исторические личности,Петр первый",3 лицо,salias-de-turnemir_e_svadebnyj_bunt_g_1886.xml,исторический,исторический,ADJF NOUN NUMR NOUN,4,0,исторический,авантюрный,бытовой,,
"Салиас, Евгений Андреевич",мужской,1,Донские гишпанцы,Историческая повесть,1,Исторический вестник,Санкт-Петербург,1887,исторический,"барская конфедерация, Польша",3 лицо,salias-de-turnemir_e_donskie_gishpanzy_1887.xml,исторический,исторический,ADJF NOUN,2,0,исторический,этнографический,авантюрный,военный,
"Салиас, Евгений Андреевич",мужской,1,Яун-Кундзе,роман,1,Нива,Москва,1887,исторический роман,"дворяне, аристократия прошлого, легендарные исторические фигуры",3 лицо,salias-de-turnemir_e_yaun-kundze_1887.xml,исторический,исторический,NOUN,1,0,исторический,этнографический,авантюрный,,
"Салиас, Евгений Андреевич",мужской,1,Аракчеевский сынок,роман,1,Исторический вестник,Санкт-Петербург,1888,исторический,военные,3 лицо,salias-de-turnemir_e_arakcheevskij_synok_1888.xml,исторический,исторический,ADJF NOUN,2,0,исторический,биографический,политический,авантюрный,
"Салиас, Евгений Андреевич",мужской,1,Бригадирская внучка,московская быль,1,Нива,Москва,1888,исторический,"дворяне, военные",3 лицо,salias-de-turnemir_e_brigardirskaya_vnuchka_1888.xml,исторический,исторический,ADJF NOUN,2,0,исторический,авантюрный,любовный,,
"Салиас, Евгений Андреевич",мужской,1,Камер-юнгфера,повесть,1,Отд. изд.,Санкт-Петербург,1888,историческая повесть,военные,3 лицо,salias-de-turnemir_e_kamer-yungfera_1888.xml,исторический,исторический,NOUN,1,0,исторический,бытовой,любовный,,
"Салиас, Евгений Андреевич",мужской,1,Аракчеевский подкидыш,роман,0,Исторический вестник,,1889,исторический,военные,3 лицо,salias-de-turnemir_e_arakcheevskij_podkidysh_1889.xml,исторический,исторический,ADJF NOUN,2,0,исторический,авантюрный,политический,психологический,
"Салиас, Евгений Андреевич",мужской,1,Барыни-крестьянки,роман в 2-х частях,0,Нива,,1889,исторический,"дворяне, крестьяне",3 лицо,salias-de-turnemir_e_baryni-krestyanki_1889.xml,исторический,исторический,NOUN,1,0,исторический,бытовой,,,
"Салиас, Евгений Андреевич",мужской,1,Заира,роман,0,Русское обозрение,,1890,исторический,дворяне,3 лицо,salias-de-turnemir_e_zaira_1890.xml,исторический,исторический,NOUN,1,0,исторический,любовный,авантюрный,,
"Салиас, Евгений Андреевич",мужской,1,Пан Круль,исторический роман в 2-х частях,0,Нива,,1890,исторический,аристократия прошлого,3 лицо,salias-de-turnemir_e_pan_krul_1890.xml,исторический,исторический,NOUN NOUN,2,0,исторический,авантюрный,этнографический,,
"Салиас, Евгений Андреевич",мужской,1,Граф Тятин-Балтийский,Историческая повесть XVIII века,1,Отд. изд. (СС),Москва,1891,"историческая повесть, xviii в.",,,,исторический,исторический,NOUN ADJF,2,0,,,,,
"Салиас, Евгений Андреевич",мужской,1,Былые гусары,повесть,0,Русское обозрение,,1891,семейный,военные,3 лицо,salias-de-turnemir_e_bylye_gusary_1891.xml,семейный,семейный,ADJF NOUN,2,0,семейный,исторический,бытовой,нравоописательный,любовный
"Салиас, Евгений Андреевич",мужской,1,Ведунья,Исторический роман в 2 частях,1,Отд. изд. (СС),Москва,1891,"исторический роман, xviii в.",,3 лицо,salias-de-turnemir_e_vedunya_1891.xml,исторический,исторический,NOUN,1,0,исторический,мистический,этнографический,фольклорный,
"Салиас, Евгений Андреевич",мужской,1,Филозоф,историческая повесть,1,Отд. изд. (СС),Санкт-Петербург,1891,"историческая повесть, xviii в.",,3 лицо,salias-de-turnemir_e_filozof_1891.xml,исторический,исторический,NOUN,1,0,исторический,философский,идеологический,бытовой,
"Салиас, Евгений Андреевич",мужской,1,Новая Сандрильона,Роман (из современных французских нравов),0,Русское обозрение,,1892,любовный,"разночинцы, военные",3 лицо,salias-de-turnemir_e_novaya_sandrilona_1892-1893.xml,любовный,любовный,ADJF NOUN,2,0,любовный,социально-психологический,,,
"Салиас, Евгений Андреевич",мужской,1,Служитель Бога,Исторический роман графа Е.А. Салиаса,1,Нива,Санкт-Петербург,1892,исторический,"духовенство, аристократия прошлого",3 лицо,salias-de-turnemir_e_sluzhitel_boga_1892.xml,исторический,исторический,NOUN NOUN,2,0,исторический,религиозный,философский,,
"Салиас, Евгений Андреевич",мужской,1,Крутоярская царевна,Историческая повесть,1,Отд. изд.,Москва,1893,исторический,"дворяне, военные",3 лицо,salias-de-turnemir_e_krutoyarskaya_zarevna_1893.xml,исторический,исторический,ADJF NOUN,2,0,исторический,любовный,авантюрный,,
"Салиас, Евгений Андреевич",мужской,1,Via facti,Исторический роман (1771-1773 гг.),0,Исторический вестник,,1894,"исторический, барская конфедерация, польша",,3 лицо,,исторический,исторический,NUMR NUMR,2,0,,,,,
"Салиас, Евгений Андреевич",мужской,1,Экзотики,Роман в трех частях,0,Вестник Европы,,1897,любовный,дворяне,1 лицо,,любовный,любовный,NOUN,1,0,,,,,
"Салиас, Евгений Андреевич",мужской,1,Владимирские мономахи,Роман в четырех частях,0,Исторический вестник,,1899,"исторический, социально-психологический (выксунские заводы?)","аристократия прошлого, революционеры",3 лицо,salias-de-turnemir_e_vladimirskie_monomakhi_1899.xml,исторический,исторический,ADJF NOUN,2,0,исторический,социально-психологический,бытовой,,
"Салиас, Евгений Андреевич",мужской,1,Змей-Горыныч. Село Уютное,Роман,0,Русский вестник,,1900,,,3 лицо,,,,NOUN VERB ADJF,3,0,,,,,
"Салиас, Евгений Андреевич",мужской,1,Военные мужики,Роман,0,Исторический вестник,,1903,"исторический, военные поселения, аракчеев, бунт",,,,исторический,исторический,NOUN NOUN,2,0,,,,,
"Салманов, Петр Алексеевич",мужской,0,"Черное время, или Некоторые сцены из жизни Емельки Пугачева",Исторический роман XVIII века,1,Отд. изд.,Москва,1839,исторический,"исторические лица (Екатерина II, Пугачев), военные",3 лицо,,исторический,исторический,ADJF NOUN CONJ ADJF NOUN PREP NOUN NOUN NOUN,9,0,,,,,
"Салманов, Петр Алексеевич",мужской,0,Убийца,"Роман из русского оконченного дела: в 3 частях, с прологом и эпилогом",1,Отд. изд.,Санкт-Петербург,1877,уголовный/криминальный,"дворяне, аристократия",3 лицо,,уголовный,криминальный,NOUN,1,0,,,,,
"Салманов, Петр Алексеевич",мужской,0,Князь Борис Щеглятев,"исторический роман XIII века, из времен нашествия Батыя на Россию",1,Отд. изд.,Санкт-Петербург,1881,исторический,"легендарные исторические фигуры, аристократия прошлого",3 лицо,,исторический,исторический,NOUN NOUN NOUN,3,0,,,,,
"Салов, Илья Александрович",мужской,0,Бутузка,Роман в двух частях,0,Время,,1863,социально-психологический,"дворяне, собака",,,социальный,социальный,ADJS,1,0,,,,,
"Салтыков-Щедрин, Михаил Евграфович",мужской,1,История одного города,,0,Отечественные записки,,1870,фантастический,"Чиновники, горожане",3 лицо,saltykov-shedrin_m_istoriya_odnogo_goroda_1870.xml,фантастический,фантастический,NOUN ADJF NOUN,3,1,сатирический,фантастический,политический,,
"Салтыков-Щедрин, Михаил Евграфович",мужской,1,Современная идиллия,,0,Отечественные записки,,1877,"социально-психологический, авантюрный","криминальный мир (мошенники, политеческие авантюристы)",1 лицо,saltykov-shedrin_m_sovremennaya_idilliya_1877.xml,социальный,социальный,ADJF NOUN,2,1,сатирический,политический,,,
"Салтыков-Щедрин, Михаил Евграфович",мужской,1,Господа Головлёвы,,1,Отд. изд.,Санкт-Петербург,1880,"социально-психологический, семейная хроника",дворяне,3 лицо,saltykov-shedrin_m_gospoda_golovlevy_1880.xml,социальный,социальный,NOUN NOUN,2,1,семейный,социально-психологический,сатирический,,
"Санглен, Яков Иванович, де",мужской,0,Жизнь и мнения нового Тристрама,Misce stultitiam consiliis brevem,1,Отд. изд.,Москва,1825,,дворяне,1 лицо,,,,NOUN CONJ NOUN NOUN NOUN,5,0,,,,,
"Сафонов, Сергей Александрович",мужской,0,Немецкий прибой,Роман из современной русской жизни,1,Отд. изд.,Санкт-Петербург,1892,"фельетонный, социально-психологический","рабочие, народности и этнические группы",3 лицо,,фельетонный,юмористический,ADJF NOUN,2,0,,,,,
"Сафонов, Сергей Александрович",мужской,0,Мура,Роман,0,Торгово-промышленная газета,,1899,социально-психологический,"чиновники, разночинцы",3 лицо,,социальный,социальный,NOUN,1,0,,,,,
"Свенцицкий, Валентин Павлович",мужской,0,Антихрист,роман,1,Отд. изд.,Санкт-Петербург,1908,записки стран. человека; исповедь,,1 лицо,svenzizkij_v_antikhrist_1908.xml,,,NOUN,1,0,религиозный,философский,психологический,,
"Светлов, Валериан Яковлевич",мужской,1,Золоченая богема,Роман из петербургской жизни,1,Отд. изд.,Санкт-Петербург,1895,социальный роман,"быт, общество",3 лицо,,социальный,социальный,ADJF NOUN,2,0,,,,,
"Светлов, Валериан Яковлевич",мужской,1,Белые цветы,Оригинальный роман из времен французской революции,1,Отд. изд.,Москва,1896,,,,,,,NOUN NOUN,2,0,,,,,
"Светлов, Валериан Яковлевич",мужской,1,Призраки минувшего,Роман,1,Отд. изд.,Санкт-Петербург,1896,,,,,,,NOUN ADJF,2,0,,,,,
"Светлов, Валериан Яковлевич",мужской,1,Семья или сцена?,Роман,1,Отд. изд.,Санкт-Петербург,1896,,актеры,,,,,NOUN CONJ NOUN,3,0,,,,,
"Светлов, Валериан Яковлевич",мужской,1,Уголок Колхиды,Роман,1,Отд. изд.,Санкт-Петербург,1898,семейно-бытовой,,,,семейный,семейный,NOUN NOUN,2,0,,,,,
"Светлов, Валериан Яковлевич",мужской,1,Пустынное сердце,,0,Русская мысль,,1898,социально-психологический,военные,3 лицо,svetlov_v_pustynnoe_serdze_1898.xml,социальный,социальный,ADJF NOUN,2,0,социально-психологический,философский,идеологический,,
"Светлов, Валериан Яковлевич",мужской,1,Обманы жизни,Роман в трех частях,1,Отд. изд.,Санкт-Петербург,1899,семейно-бытовой,,,,семейный,семейный,NOUN NOUN,2,0,,,,,
"Светлов, Валериан Яковлевич",мужской,1,Недостроенный храм,Флорентийский роман,1,Отд. изд.,Санкт-Петербург,1899,"исторический роман (италия, флоренция)","духовенство/священники, военные",3 лицо,,исторический,исторический,ADJF NOUN,2,0,,,,,
"Светлов, Валериан Яковлевич",мужской,1,Пути жизни,Роман в 2-х частях В. Я. Светлова,0,Нива,,1899,,,3 лицо,,,,NOUN NOUN,2,0,,,,,
"Светлов, Валериан Яковлевич",мужской,1,Гибель кумиров,na,0,Вестник Европы,,1900,социально-психологический,,,,социальный,социальный,NOUN NOUN,2,0,,,,,
"Светлов, Валериан Яковлевич",мужской,1,По призванию,Роман,1,Отд. изд.,Санкт-Петербург,1900,семейно-бытовой,,,,семейный,семейный,PREP NOUN,2,0,,,,,
"Светлов, Валериан Яковлевич",мужской,1,В вратах Эдема,Роман,1,Отд. изд.,Санкт-Петербург,1901,,,,,,,PREP NOUN NOUN,3,0,,,,,
"Светлов, Валериан Яковлевич",мужской,1,В будаевской усадьбе,Роман,0,Вестник Европы,,1902,социально-психологический,дворяне,3 лицо,,социальный,социальный,PREP ADJF NOUN,3,0,,,,,
"Светлов, Валериан Яковлевич",мужской,1,Новые песни,роман,1,Отд. изд.,Санкт-Петербург,1904,,,,,,,NOUN NOUN,2,0,,,,,
"Светлов, Валериан Яковлевич",мужской,1,Семья Варавиных,роман,1,Отд. изд.,Санкт-Петербург,1904,"социально-психологический, нацшеанцы",,,,социальный,социальный,NOUN NOUN,2,0,,,,,
"Светлов, Валериан Яковлевич",мужской,1,В муравейнике,Роман,0,Вестник Европы,,1904,социально-психологический,дворяне,3 лицо,,социальный,социальный,PREP NOUN,2,0,,,,,
"Светлов, Валериан Яковлевич",мужской,1,Темный блеск,Роман,1,Отд. изд.,Санкт-Петербург,1907,семейно-бытовой,,,,семейный,семейный,ADJF NOUN,2,0,,,,,
"Светлов, Валериан Яковлевич",мужской,1,Неравный брак,Роман,1,Отд. изд.,Санкт-Петербург,1908,,,,,,,ADJF NOUN,2,0,,,,,
"Светлов, Валериан Яковлевич",мужской,1,Змея и чаша,Роман,1,Отд. изд. (СС),Санкт-Петербург,1909,семейно-бытовой,,3 лицо,,семейный,семейный,NOUN CONJ NOUN,3,0,,,,,
"Светлов, Валериан Яковлевич",мужской,1,Дар слез,роман,1,Отд. изд. (СС),Санкт-Петербург,1911,,,,,,,NOUN NOUN,2,0,,,,,
"Светлов, Валериан Яковлевич",мужской,1,По разным колеям,Роман,1,Отд. изд.,Санкт-Петербург,1913,,,,,,,PREP ADJF NOUN,3,0,,,,,
"Светлов, Валериан Яковлевич",мужской,1,Вешний поток,роман,1,Отд. изд. (СС),Санкт-Петербург,1913,социально-психологический,дворяне,3 лицо,,социальный,социальный,ADJF NOUN,2,0,,,,,
"Светлов, Валериан Яковлевич",мужской,1,Внутри,Роман,1,Отд. изд. (СС),Санкт-Петербург,1913,семейно-бытовой,,1 лицо,,семейный,семейный,PREP,1,0,,,,,
"Светлов, Валериан Яковлевич",мужской,1,В неведомую даль,роман,1,Отд. изд. (СС),Санкт-Петербург,1914,семейно-бытовой,,,,семейный,семейный,PREP ADJF NOUN,3,0,,,,,
"Светлов, Валериан Яковлевич",мужской,1,Замок счастья,роман,1,Отд. изд. (СС),Санкт-Петербург,1914,семейно-бытовой,,,,семейный,семейный,NOUN NOUN,2,0,,,,,
"Светлов, Валериан Яковлевич",мужской,1,На полпути,роман,1,Отд. изд. (СС),Санкт-Петербург,1914,семейно-бытовой,,3 лицо,,семейный,семейный,PREP NOUN,2,0,,,,,
"Свиньин, Павел Петрович",мужской,0,"Торжество воспитания, или Исправленный супруг",быль [следующие части названы нравственный роман],0,Отечественные записки,,1821,,дворяне,в письмах,,,,NOUN NOUN CONJ PRTF NOUN,5,0,,,,,
"Свиньин, Павел Петрович",мужской,0,"Шемякин суд, или Последнее междоусобие князей русских",исторический роман XV столетия,1,Отд. изд.,Москва,1832,исторический,аристократия прошлого,3 лицо,,исторический,исторический,NOUN NOUN CONJ ADJF NOUN NOUN ADJF,7,0,,,,,
"Свиньин, Павел Петрович",мужской,0,"Ермак, или Покорение Сибири",Исторический роман XVI столетия,1,Отд. изд.,Санкт-Петербург,1834,исторический,казаки,3 лицо,,исторический,исторический,NOUN CONJ NOUN NOUN,4,0,,,,,
"Свиньин, Павел Петрович, Бошняк, А.К.",мужской,0,"Ягуб Скупалов, или Исправленный муж",нравственно-сатирический роман современных нравов,1,Отд. изд.,Москва,1830,социально-психологический,дворяне,в письмах,,социальный,социальный,NOUN NOUN CONJ PRTF NOUN,5,0,,,,,
"Севастьянов, Александр Николаевич",мужской,0,Любовь и деньги,Роман А. Н. Севастьянова,0,Романы оригинальные и переводные,,1895,криминальный,,3 лицо,,криминальный,криминальный,NOUN CONJ NOUN,3,0,,,,,
"Севастьянов, Александр Николаевич",мужской,0,Черная смерть,Исторический роман из времен чумы 1770–72 гг.,0,Досуг и дело,,1911,исторический,,3 лицо,,исторический,исторический,ADJF NOUN,2,0,,,,,
"Северин, Н.",женский,1,История одного развода,роман,0,Русская мысль,,1881,семейная хроника,дворяне,3 лицо,merder_n_istoriya_odnogo_razvoda_1881.xml,семейный,семейный,NOUN ADJF NOUN,3,0,семейный,социально-психологический,адюльтерный,,
"Северин, Н.",женский,1,Вся чужая,роман,0,Русская мысль,,1885,семейная хроника,дворяне,3 лицо,merder_n_vsya_chuzhaya_1885.xml,семейный,семейный,ADJF ADJF,2,0,семейный,социально-психологический,бытовой,,
"Северин, Н.",женский,1,Брошенные,роман,0,Живописное обозрение,,1887,иронический,Передовая женщина,3 лицо,,иронический,юмористический,PRTF,1,0,,,,,
"Северин, Н.",женский,1,Из далекого прошлого,Роман,0,Русский вестник,,1897,,,3 лицо,,,,PREP ADJF NOUN,3,0,,,,,
"Северин, Н.",женский,1,Коржинские коршуны,Роман-хроника,1,Отд. изд.,Санкт-Петербург,1898,"социально-психологический, дворяне",,,,социальный,социальный,ADJF NOUN,2,0,,,,,
"Северин, Н.",женский,1,Авантюристы,Роман,1,Отд. изд. (СС),Санкт-Петербург,1899,историко-нравственный роман,,3 лицо,merder_n_avantyuristy_1899.xml,исторический,исторический,NOUN,1,0,исторический,авантюрный,нравоописательный,приключенческий,
"Северцев-Полилов, Георгий Тихонович",мужской,1,Развиватели,Роман,1,Отд. изд.,Санкт-Петербург,1903,художники,"художники, рабочие, семейная пара",3 лицо,polilov_g_razvivateli_1903.xml,,,NOUN,1,0,социально-психологический,идеологический,,,
"Северцев-Полилов, Георгий Тихонович",мужской,1,Боярыня Морозова,Повесть из истории русского раскола,1,Отд. изд.,Санкт-Петербург,1904,"исторический, дворяне",дворяне,3 лицо,,исторический,исторический,NOUN NOUN,2,0,,,,,
"Северцев-Полилов, Георгий Тихонович",мужской,1,Во времена Боголюбского,Исторический роман Г. Т. Северцева,0,Родная речь,,1904,"исторический, разночинцы",,3 лицо,,исторический,исторический,PREP NOUN ADJF,3,0,,,,,
"Северцев-Полилов, Георгий Тихонович",мужской,1,Кому лучше?,роман,1,Отд. изд.,Санкт-Петербург,1904,соц.-психологический,помещики,3 лицо,,социальный,социальный,NOUN COMP,2,0,,,,,
"Северцев-Полилов, Георгий Тихонович",мужской,1,Княжой отрок,Историческая повесть из преданий XIII в.,1,Отд. изд.,Москва,1905,"исторический, дворяне",дворяне,3 лицо,polilov_g_knyazhoj_otrok_1905.xml,исторический,исторический,ADJF NOUN,2,0,исторический,роман воспитания,авантюрный,,
"Северцев-Полилов, Георгий Тихонович",мужской,1,Яд,Роман,1,Отд. изд.,Санкт-Петербург,1905,роман из жизни артистов-любителей,артисты-любители,,,,,NOUN,1,0,,,,,
"Северцев-Полилов, Георгий Тихонович",мужской,1,Проснулась женщина!,повесть,1,Отд. изд.,Санкт-Петербург,1910,,,,,,,VERB NOUN,2,0,,,,,
"Северцев-Полилов, Георгий Тихонович",мужской,1,В погоню за славою и золотом,роман из жизни оперной богемы,1,Отд. изд.,Санкт-Петербург,1911,,,,,,,PREP NOUN PREP NOUN CONJ NOUN,6,0,,,,,
"Северцев-Полилов, Георгий Тихонович",мужской,1,Слепая любовь,роман,1,Слепая любовь [сборник],Санкт-Петербург,1912,,,,,,,ADJF NOUN,2,0,,,,,
"Северцев-Полилов, Георгий Тихонович",мужской,1,Современный брак,роман,1,Исторический вестник,Санкт-Петербург,1913,,,,,,,ADJF NOUN,2,0,,,,,
"Северцев-Полилов, Георгий Тихонович, С. Шабишев",мужской,0,Азарт,Роман людского безумия,1,Отд. изд.,Санкт-Петербург,1911,,,,,,,NOUN,1,0,,,,,
"Севрова, Н.Б.",женский,1,Крест материнства. Тайный дневник,роман,1,Отд. изд.,Санкт-Петербург,1904,"психологический роман, судьба женщины",,,,психологический,психологический,NOUN NOUN ADJF NOUN,4,0,,,,,
"Севский, Виктор",мужской,1,Кровавая слава,na,0,Южный телеграф,,1911,,,,,,,ADJF NOUN,2,0,,,,,
"Седельников, Николай Михайлович",мужской,0,"Жизнь, что морская пучина",роман,1,Отд. изд.,Москва,1887,уголовный роман; авантюры,,,,уголовный,криминальный,NOUN CONJ ADJF NOUN,4,0,,,,,
"Семёнов, Владимир Иванович",мужской,0,Царица мира,роман-фантазия,1,Отд. изд.,Санкт-Петербург; Москва,1908,"фантастический роман, роман-фантазия, дирижабли, воздухоплавание, катастрофа, утопия, антиутопия, памфлет, любовь, детектив",,,,фантастический,фантастический,NOUN NOUN,2,0,,,,,
"Семёнов-Волжский, Степан Степанович",мужской,1,Власть любви,роман,0,Новая жизнь,,1917,"бытописательный, любовный роман, провинциальный быт, псевдофилософствования, парадоксы",,,,бытоописательный,описательный,NOUN NOUN,2,0,,,,,
"Сементовский, Николай Максимович",мужской,0,Баронесса Флагсберг,роман,0,Пантеон,,1848,"мистический роман, романтический роман",дворяне,,,мистический,фантастический,NOUN NOUN,2,0,,,,,
"Сементовский, Николай Максимович",мужской,0,Золотая грамота,роман,0,Иллюстрация,,1849,исторический роман,,,,исторический,исторический,ADJF NOUN,2,0,,,,,
"Сементовский, Николай Максимович",мужской,0,Потемкин как казак войска запорожского,Роман в двух частях с картинами,1,Отд. изд.,Санкт-Петербург,1851,исторический,Военные,3 лицо,,исторический,исторический,NOUN CONJ NOUN NOUN ADJF,5,0,,,,,
"Сенковский, Осип Иванович",мужской,0,"Идеальная красавица, или Дева чудная",,0,Библиотека для чтения,,1841,высмеивает традиц. романтич. сюжеты,,1 лицо,,сатирический,юмористический,ADJF NOUN CONJ NOUN ADJF,5,0,,,,,
"Серафимович, Александр Серафимович",мужской,1,Город в степи,роман,0,Шиповник,,1912,социально-психологический,рабочие,3 лицо,popov_a_gorod_v_stepi_1912.xml,социальный,социальный,NOUN PREP NOUN,3,0,социально-психологический,бытовой,,,
Серафимович Александр Серафимович,мужской,1,Железный поток,роман,1,Отд. изд.,Москва,1924,"исторический,, батраки",военные,3 лицо,,исторический,исторический,ADJF NOUN,2,0,,,,,
"Сергеев-Ценский, Сергей Николаевич",мужской,1,Бабаев,роман,0,Современный мир; Образование,,1907,"социально-психологический, военные",военные,3 лицо,sergeev-tsenskij_s_babaev_1907.xml,социальный,социальный,NOUN,1,0,социально-психологический,военный,идеологический,,
Сергеев-Ценский Сергей Николаевич,мужской,1,Мишель Лермонтов,роман,1,Отд. изд.,М.,1933,биографический,интелегенция,3 лицо,,биографический,биографический,NOUN NOUN,2,0,,,,,
Сергеев-Ценский Сергей Николаевич,мужской,1,Невеста Пушкина,роман,1,Отд. изд.,Москва,1934,биографический,исторические фигуры,3 лицо,,биографический,биографический,NOUN NOUN,2,0,,,,,
Сергеев-Ценский Сергей Николаевич,мужской,1,Зауряд-полк,роман,1,Отд. изд.,Москва,1935,"исторический, военные",,,,исторический,исторический,NOUN,1,0,,,,,
Сергеев-Ценский Сергей Николаевич,мужской,1,Севастопольская страда,роман,1,Отд. изд.,Москва,1939,исторический,,,,исторический,исторический,ADJF NOUN,2,0,,,,,
Сергеев-Ценский Сергей Николаевич,мужской,1,Брусиловский прорыв,роман,0,Новый мир,,1942,исторический,,,,исторический,исторический,ADJF NOUN,2,0,,,,,
"Сергеенко, Петр Алексеевич",мужской,0,Дэзи,Роман,1,Отд. изд.,Москва,1898,,,,,,,NOUN,1,0,,,,,
"Сергеенко, Петр Алексеевич",мужской,0,Галя,Рассказ,1,Отд. изд.,Москва,1905,"семейный, дети",,,,семейный,семейный,NOUN,1,0,,,,,
"Сергеенко, Петр Алексеевич",мужской,0,Андрей Щербина,роман,0,Русская мысль,,1910,социально-психологический,,,,социальный,социальный,NOUN NOUN,2,0,,,,,
"Сергиевский, Николай Николаевич",мужской,0,На заре царства,исторический роман,1,Отд. изд.,Москва,1913,исторический,,3 лицо,sergievskij_n_na_zare_zarstva_1913.xml,исторический,исторический,PREP NOUN NOUN,3,0,исторический,политический,авантюрный,,
Сергиевский Николай Николаевич,мужской,0,Гишпанская затея,роман,1,Отд. изд.,Н.-Й.,1941,исторический,,,,исторический,исторический,ADJF NOUN,2,0,,,,,
Сергиевский Николай Николаевич,мужской,0,"Камергер и Гишпанка, или Русские в Калифорнии",роман,0,Возрождение,,1949,исторический,,,,исторический,исторический,NOUN CONJ NOUN CONJ ADJF PREP NOUN,7,0,,,,,
Серошевский Вацлав Леопольдович,мужской,0,Пучина,роман,1,Отд. изд.,Москва,1921,исторический,революционеры,,,исторический,исторический,NOUN,1,0,,,,,
Серошевский Вацлав Леопольдович,мужской,0,Любовь самурая,роман,0,Отд. изд.,,1926,исторический,якуты,1 лицо,,исторический,исторический,NOUN NOUN,2,0,,,,,
Серошевский Вацлав Леопольдович,мужской,0,Далай Лама,роман,1,Отд. изд.,?,1927,исторический,,,,исторический,исторический,NOUN NOUN,2,0,,,,,
Сивачев Михаил Гордеевич,мужской,0,Желтый дьявол,роман,1,Отд. изд.,Москва,1920,классовая борьба в деревне,крестьяне,3 лицо,,социальный,социальный,ADJF NOUN,2,0,,,,,
Сивачев Михаил Гордеевич,мужской,0,Федор Быльников,роман,1,Отд. изд.,Л.,1924,"приключенческий,",,,,приключенческий,приключенческий,NOUN NOUN,2,0,,,,,
Сигов Дмитрий Иванович,мужской,0,"Граф Любский, или Любовь и кокетство",русский нравоописательный роман,1,Отд. изд.,М.,1932,плутовской,журналисты,3 лицо,,плутовской,приключенческий,NOUN NOUN CONJ NOUN CONJ NOUN,6,0,,,,,
Сигов Иван Сергеевич,мужской,0,На старом Урале,роман,1,Отд. изд.,Молотов,1941,"исторический, заводчики и рабочие",,,,исторический,исторический,PREP ADJF NOUN,3,0,,,,,
"Сизова, А.К.",женский,0,Ксения Годунова,Исторический роман,0,Литературные Вечера Нового Мира,,1898,исторический роман,"аристократия прошлого, легендарные исторические фигуры",3 лицо,sizova_a_kseniya_godunova_1898.xml,исторический,исторический,NOUN NOUN,2,0,исторический,биографический,психологический,политический,
"Сизова, А.К.",женский,0,Дочь солнца. Тысячу лет назад,Историческая повесть в двух частях,1,Отд. изд.,Москва,1900,историческая повесть,,,,исторический,исторический,NOUN NOUN NOUN NOUN ADVB,5,0,,,,,
"Симонова, Людмила Христофоровна",женский,0,Убила,роман в 2 частях,0,Живописное обозрение,,1883,социально-психологический (эмансипация),,3 лицо,simonova_l_ubila_1883.xml,социальный,социальный,VERB,1,0,социально-психологический,феминистский,бытовой,,
"Симонова, Людмила Христофоровна",женский,0,На поисках за богатством,Роман в 3-х частях К.И. Соборного,0,Живописное обозрение,,1884,"социально-психологический, эмансипация",,3 лицо,,социальный,социальный,PREP NOUN PREP NOUN,4,0,,,,,
"Симонова, Людмила Христофоровна",женский,0,Сам,Роман,0,Еженедельное обозрение,,1884,"соц.-психологический, эмансипация",,3 лицо,,социальный,социальный,ADJF,1,0,,,,,
"Симонова, Людмила Христофоровна",женский,0,Оля,Роман,0,Еженедельное обозрение,,1885,"соц.-психологический, эмансипация",,3 лицо,,социальный,социальный,NOUN,1,0,,,,,
"Симонова, Людмила Христофоровна",женский,0,Спутница,Роман Л. Симоновой,0,Живописное обозрение,,1885,"социально-псизологический, эмансипация",,3 лицо,,социальный,социальный,NOUN,1,0,,,,,
"Скалдин, Алексей Дмитриевич",мужской,0,Странствия и приключения Никодима Старшего,роман,1,Отд. изд.,Петроград,1917,соц.-психологический,,3 лицо,skaldin_a_stranstviya_i_priklyucheniya_nikodima_starshego_1917.xml,социальный,социальный,NOUN CONJ NOUN NOUN NOUN,5,0,эзотерический,психологический,философский,символистский,
"Славутинский, Степан Тимофеевич",мужской,0,Беглянка,Роман,0,Русское слово,,1861,социально-психологический,"крестьяне, помещики",3 лицо,,социальный,социальный,NOUN,1,0,,,,,
"Славутинский, Степан Тимофеевич",мужской,0,Сила болота,"(Эпизод из романа: ""Чужое добро"")",0,Виленский вестник,,1867,социально-психологический,"крестьяне, помещики",3 лицо,,социальный,социальный,NOUN NOUN,2,0,,,,,
"Славутинский, Степан Тимофеевич",мужской,0,Капитон Перелетов,Роман,0,Отечественные записки,,1875,социально-психологический,"крестьяне, дворяне",,,социальный,социальный,NOUN NOUN,2,0,,,,,
"Слёзкин, Юрий Львович",мужской,0,Секрет полишинеля,маленький роман,0,Свободный журнал,,1913,соц.-психологический,,,,социальный,социальный,NOUN NOUN,2,0,,,,,
"Слёзкин, Юрий Львович",мужской,0,Ольга Орг,роман,0,Русская мысль,,1914,соц.-психологический,учителя,3 лицо,slezkin_yu_olga_org_1914.xml,социальный,социальный,NOUN,2,0,социально-психологический,любовный,,,
"Слёзкин, Юрий Львович",мужской,0,Ветер,роман,0,Вестник Европы,,1917,семейно-психологический,,,,семейный,семейный,NOUN,1,0,,,,,
"Смирнова, Софья Ивановна",женский,0,Огонек,Роман в трех частях,0,Отечественные записки,,1871,социально-психологический роман; эмансипированная героиня,,3 лицо,,социальный,социальный,NOUN,1,0,,,,,
"Смирнова, Софья Ивановна",женский,0,Соль земли,Роман,0,Отечественные записки,,1872,социально-психологический,дворяне,3 лицо,,социальный,социальный,NOUN NOUN,2,0,,,,,
"Смирнова, Софья Ивановна",женский,0,Попечитель учебного округа,Роман в трех частях,0,Отечественные записки,,1873,исторический,гос. чиновники,,,исторический,исторический,NOUN ADJF NOUN,3,0,,,,,
"Смирнова, Софья Ивановна",женский,0,Сила характера,Роман в трех частях,0,Отечественные записки,,1876,уголовный; социально-психологический,,,,уголовный,криминальный,NOUN NOUN,2,0,,,,,
"Смирнова, Софья Ивановна",женский,0,У пристани,Роман в трех частях,0,Отечественные записки,,1879,социально-психологический,"дворяне, разночинцы",3 лицо,smirnova_s_u_pristani_1879.xml,социальный,социальный,PREP NOUN,2,0,социально-психологический,семейный,,,
"Снегина, Ольга Павловна",женский,1,На гастролях,роман,1,Отд. изд.,Санкт-Петербург,1903,"любовный, актеры",,,,любовный,любовный,PREP NOUN,2,0,,,,,
"Соколов, Александр Алексеевич",мужской,1,Театральные болота,Хроника-роман,0,Петербургская газета,,1867,социально-психологический,разночинцы,3 лицо,,социальный,социальный,ADJF NOUN,2,0,,,,,
"Соколов, Александр Алексеевич",мужской,1,От берега до берега. Жизнь в провинции,Хроника-роман в 3 частях,1,Отд. изд.,Санкт-Петербург,1870,,,,,,,PREP NOUN PREP NOUN NOUN PREP NOUN,7,0,,,,,
"Соколов, Александр Алексеевич",мужской,1,Крестник Петра Великого,Исторический рассказ,1,Отд. изд.,Санкт-Петербург,1873,исторический,аристократы,3 лицо,sokolov_a_krestnik_petra_velikogo_1873.xml,исторический,исторический,NOUN NOUN NOUN,3,0,исторический,авантюрный,,,
"Соколов, Александр Алексеевич",мужской,1,Розы и тернии,,1,Отд. изд.,Санкт-Петербург,1873,,,,,,,NOUN CONJ NOUN,3,0,,,,,
"Соколов, Александр Алексеевич",мужской,1,Земское дело – семейное дело.,Роман в 3 ч.,1,Отд. изд.,Санкт-Петербург,1875,социально-психологический,аристократия прошлого,,,социальный,социальный,ADJF NOUN ADJF NOUN,5,0,,,,,
"Соколов, Александр Алексеевич",мужской,1,Царь-баба,Исторический роман в 2 ч. Александра Соколова,1,Отд. изд.,Санкт-Петербург,1878,исторический,дворяне,3 лицо,,исторический,исторический,NOUN,1,0,,,,,
"Соколов, Александр Алексеевич",мужской,1,Сестра милосердия,Роман А.А. Соколова,1,Отд. изд.,Санкт-Петербург,1878,,,3 лицо,,,,NOUN NOUN,2,0,,,,,
"Соколов, Александр Алексеевич",мужской,1,Понизовая вольница атамана Стеньки Разина,(Исторический роман),1,Отд. изд.,Санкт-Петербург,1880,исторический,"казаки, разбойники",3 лицо,,исторический,исторический,ADJF NOUN NOUN NOUN NOUN,5,0,,,,,
"Соколов, Александр Алексеевич",мужской,1,"История ""розового негодяя""","Хроника-роман [4 часть романа ""Театральные болота""]",1,Отд. изд.,Санкт-Петербург,1882,,,,,,,NOUN ADJF NOUN,3,0,,,,,
"Соколов, Александр Алексеевич",мужской,1,Два мужа,Уголовный роман в 3 частях,0,Петербургский листок,,1883,уголовный,,,,уголовный,криминальный,NUMR NOUN,2,0,,,,,
"Соколов, Александр Алексеевич",мужской,1,Бескровное убийство,Роман в 2 частях,1,Отд. изд.,Санкт-Петербург,1884,уголовный,,,,уголовный,криминальный,ADJF NOUN,2,0,,,,,
"Соколов, Александр Алексеевич",мужской,1,Кузьма Миронов,Роман из крестьянской жизни,1,Отд. изд.,Санкт-Петербург,1886,"социальный,",крестьяне,,,социальный,социальный,NOUN NOUN,2,0,,,,,
"Соколов, Александр Алексеевич",мужской,1,Бородино,Исторический роман,1,Отд. изд.,Санкт-Петербург,1887,исторический,,3 лицо,,исторический,исторический,NOUN,1,0,,,,,
"Соколов, Александр Алексеевич",мужской,1,"По локоть в золоте, по локоть в крови",Роман в 2 ч.,1,Отд. изд.,Санкт-Петербург,1887,уголовный,,,,уголовный,криминальный,PREP NOUN PREP NOUN PREP NOUN PREP NOUN,8,0,,,,,
"Соколов, Александр Алексеевич",мужской,1,Белый генерал,роман,1,Отд. изд.,Санкт-Петербург,1888,исторический,,,,исторический,исторический,ADJF NOUN,2,0,,,,,
"Соколов, Александр Алексеевич",мужской,1,За честь и свободу,роман в 2 частях,1,Отд. изд.,Санкт-Петербург,1888,исторический,,,,исторический,исторический,PREP NOUN CONJ NOUN,4,0,,,,,
"Соколов, Александр Алексеевич",мужской,1,Зиновий Богдан Хмельницкий — освободитель Малороссии,Исторический роман в 2 частях,1,Отд. изд.,Санкт-Петербург,1888,исторический,,,,исторический,исторический,NOUN NOUN ADJF NOUN NOUN,6,0,,,,,
"Соколов, Александр Алексеевич",мужской,1,Курсистка,роман в 3 частях,1,Отд. изд.,Санкт-Петербург,1888,социальный,,,,социальный,социальный,NOUN,1,0,,,,,
"Соколов, Александр Алексеевич",мужской,1,Устинья Федоровна (Устя) — атаман волжских головорезов,роман,1,Отд. изд.,Санкт-Петербург,1888,исторический,"аристократия прошлого, легендарные исторические фигуры",,,исторический,исторический,NOUN NOUN NOUN NOUN ADJF NOUN,7,0,,,,,
"Соколов, Александр Алексеевич",мужской,1,"Кровью, огнем и железом",роман,1,Отд. изд.,Санкт-Петербург,1889,исторический,,,,исторический,исторический,NOUN NOUN CONJ NOUN,4,0,,,,,
"Соколов, Александр Алексеевич",мужской,1,Старые и новые коммерсанты,роман в 3-х частях,1,Отд. изд.,Санкт-Петербург,1889,,,,,,,NOUN CONJ NOUN NOUN,4,0,,,,,
"Соколов, Александр Алексеевич",мужской,1,Скрытое преступление,Роман,1,Отд. изд.,Санкт-Петербург,1892,уголовный,,,,уголовный,криминальный,ADJF NOUN,2,0,,,,,
"Соколов, Александр Алексеевич",мужской,1,Отец Алексей из Заозерья,Роман в 3 ч. Александра Соколова,1,Отд. изд.,Санкт-Петербург,1894,сельский священник,сельский священник,,,,,NOUN NOUN PREP NOUN,4,0,,,,,
"Соколов, Александр Алексеевич",мужской,1,Привязанный к боярышне,роман в 2 частях,1,Отд. изд.,Санкт-Петербург,1894,исторический,,,,исторический,исторический,PRTF PREP NOUN,3,0,,,,,
"Соколов, Александр Алексеевич",мужской,1,В недрах раскола,роман в 2 частях,1,Отд. изд.,Санкт-Петербург,1895,раскольники,раскольники,,,социальный,социальный,PREP NOUN NOUN,3,0,,,,,
"Соколов, Александр Алексеевич",мужской,1,Под властью тьмы,Уголовный роман,1,Отд. изд.,Санкт-Петербург,1898,уголовный,,,,уголовный,криминальный,PREP NOUN NOUN,3,0,,,,,
"Соколов, Александр Алексеевич",мужской,1,Сожженные степи,Исторический роман,1,Отд. изд.,Санкт-Петербург,1899,исторический,,,,исторический,исторический,PRTF NOUN,2,0,,,,,
"Соколов, Александр Алексеевич",мужской,1,Пугачевская смута,Исторический роман,1,Отд. изд.,Москва,1901,исторический,,,,исторический,исторический,ADJF NOUN,2,0,,,,,
"Соколов, Александр Алексеевич",мужской,1,Севастополь и севастопольцы,Историческая хроника-роман,1,Отд. изд.,Санкт-Петербург,1905,исторический,,,,исторический,исторический,NOUN CONJ NOUN,3,0,,,,,
"Соколов, Александр Алексеевич",мужской,1,Городской голова – убийца,Роман из жизни раскольников А.А. Соколова.,1,Отд. изд.,Санкт-Петербург,1911,раскольники,раскольники,,,социальный,социальный,ADJF NOUN NOUN,4,0,,,,,
"Соколов, Александр Алексеевич",мужской,1,Руки вверх!,уголовный роман из современной жизни,1,Отд. изд.,Москва,1911,уголовный,,,,уголовный,криминальный,NOUN ADVB,2,0,,,,,
"Соколов, Александр Алексеевич",мужской,1,Лже-Петр,Исторический роман,0,"Бесплатное приложение к журналу ""Всемирная новь""",,1912,исторический,аристократия прошлого,,,исторический,исторический,NOUN,1,0,,,,,
"Соколов, Александр Алексеевич",мужской,1,Совесть замучила,роман,0,"Свет (сборник романов и повестей, ежемесячный журнал)",,1912,уголовный,,,,уголовный,криминальный,NOUN VERB,2,0,,,,,
"Соколова, Александра Ивановна",женский,0,На дне пропасти,,1,Московский листок,Москва,1882,"светский, уголовный",высший свет,3 лицо,,светский,светский,PREP NOUN NOUN,3,0,,,,,
"Соколова, Александра Ивановна",женский,0,Последний визит,(Из хроники забытых дел),1,Московский листок,Москва,1882,"светский, уголовный",высший свет,3 лицо,,светский,светский,ADJF NOUN,2,0,,,,,
"Соколова, Александра Ивановна",женский,0,Чужое счастье,,0,Московский листок,,1883,"светский, уголовный",,3 лицо,,светский,светский,NOUN NOUN,2,0,,,,,
"Соколова, Александра Ивановна",женский,0,Современная драма,роман,1,Отд. изд.,Москва,1884,уголовный,,,,уголовный,криминальный,ADJF NOUN,2,0,,,,,
"Соколова, Александра Ивановна",женский,0,Примадонна,Роман,0,Петербургский листок,,1889,,,3 лицо,,,,NOUN,1,0,,,,,
"Соколова, Александра Ивановна",женский,0,Золотая пыль,оригинальный роман из столичной жизни,0,Луч,,1889,,,,,,,ADJF NOUN,2,0,,,,,
"Соколова, Александра Ивановна",женский,0,Без воли,,0,Петербургский листок,,1890,любовный,дворяне,3 лицо,,любовный,любовный,PREP NOUN,2,0,,,,,
"Соколова, Александра Ивановна",женский,0,Без следа,уголовный роман,1,Отд. изд.,Санкт-Петербург,1890,уголовный,,,,уголовный,криминальный,PREP NOUN,2,0,,,,,
"Соколова, Александра Ивановна",женский,0,Каменное сердце,Роман,0,Петербургский листок,,1890,,,1 лицо,,,,ADJF NOUN,2,0,,,,,
"Соколова, Александра Ивановна",женский,0,Из-за могилы,роман,0,Петербургский листок,,1890,,,,,,,PREP NOUN,2,0,,,,,
"Соколова, Александра Ивановна",женский,0,На смену былому,оригинальный роман,1,Отд. изд.,Санкт-Петербург,1890,,,,,,,PREP NOUN ADJF,3,0,,,,,
"Соколова, Александра Ивановна",женский,0,Беспросветная тьма,Роман,0,Петербургский листок,,1891,,,3 лицо,,,,ADJF NOUN,2,0,,,,,
"Соколова, Александра Ивановна",женский,0,Спетая песня,Роман. Из записок старого следователя,1,Отд. изд.,Москва,1892,уголовный,,,,уголовный,криминальный,PRTF NOUN,2,0,,,,,
"Соколова, Александра Ивановна",женский,0,До седьмого колена,Роман,0,Петербургский листок,,1897,,,3 лицо,,,,PREP ADJF NOUN,3,0,,,,,
"Соколова, Александра Ивановна",женский,0,Москва конца века,Роман в трех частях,1,Отд. изд.,Санкт-Петербург,1900,,,,,,,NOUN NOUN NOUN,3,0,,,,,
"Соколова, Александра Ивановна",женский,0,Белые негры,Роман в 3 частях,1,Отд. изд.,Санкт-Петербург,1902,криминальный,криминальный мир,3 лицо,,криминальный,криминальный,NOUN NOUN,2,0,,,,,
"Соколова, Александра Ивановна",женский,0,Гордиев узел,Уголовный роман из современной жизни,0,Свет,,1906,,,,,,,NOUN NOUN,2,0,,,,,
"Соколова, Александра Ивановна",женский,0,Золотая фея,роман,1,Отд. изд.,Санкт-Петербург,1911,уголовный,криминальный мир,3 лицо,,уголовный,криминальный,ADJF NOUN,2,0,,,,,
"Соколова, Александра Ивановна",женский,0,Маффия - царство зла,роман,1,"приложение к журналу ""Живописное обозрение всего мира""",Санкт-Петербург,1911,уголовный,,,,уголовный,криминальный,NOUN NOUN NOUN,4,0,,,,,
"Соколова, Александра Ивановна",женский,0,Тайна царскосельского дворца,Исторический роман из времен императрицы Анны Иоанновны,1,Отд. изд.,Санкт-Петербург,1911,исторический,"дворяне, аристократия прошлого",3 лицо,sokolova_a_tajna_zarskoselskogo_dvorza_1911.xml,исторический,исторический,NOUN ADJF NOUN,3,0,исторический,авантюрный,любовный,,
"Соколова, Александра Ивановна",женский,0,Царский каприз,роман,1,Отд. изд.,Санкт-Петербург,1911,исторический,"дворяне, аристократия прошлого",3 лицо,sokolova_a_zarskij_kapriz_1911.xml,исторический,исторический,ADJF NOUN,2,0,исторический,любовный,авантюрный,,
"Соколова, Александра Ивановна",женский,0,Светлый луч на престоле,Исторический роман,1,Отд. изд.,Санкт-Петербург,1911,"исторический, авантюрный, любовный",,,,исторический,исторический,ADJF NOUN PREP NOUN,4,0,,,,,
"Соколова, Александра Ивановна",женский,0,На всю жизнь,Исторический роман из жизни Александра I Павловича,1,Отд. изд.,Санкт-Петербург,1912,исторический,аристократия прошлого,,,исторический,исторический,PREP ADJF NOUN,3,0,,,,,
"Соколова, Александра Ивановна",женский,0,Царское гаданье,исторический роман из эпохи царствования Николая I,1,Отд. изд.,Санкт-Петербург,1913,исторический,"люди искусства, дворяне",3 лицо,sokolova_a_zarskoe_gadane_1913.xml,исторический,исторический,ADJF NOUN,2,0,исторический,авантюрный,мистический,,
"Соколова, Александра Ивановна",женский,0,Вещее слово,Исторический роман А.И. Соколовой,1,Отд. изд.,Санкт-Петербург,1913,,,,,,,ADJF NOUN,2,0,,,,,
"Соколовский, Владимир Игнатьевич",мужской,0,"Одна и две, или Любовь поэта",Роман из частной жизни,1,Отд. изд.,Москва,1834,"социально-психологический, автобиографический",Дворяне,1 лицо,sokolovskij_v_odna_i_dve_ili_lyubov_poeta_1834.xml,социальный,социальный,ADJF CONJ NUMR CONJ NOUN NOUN,6,0,социально-психологический,любовный,,,
"Соллогуб, Владимир Александрович",мужской,0,Через край,Роман,0,Новь,,1885,"любовный, социально-психологический",,,,любовный,любовный,PREP NOUN,2,1,,,,,
"Соловьев, Всеволод Сергеевич",мужской,0,Капитан гренадерский роты,Роман-хроника (XVIII в.),1,Отд. изд.,Санкт-Петербург,1878,исторический,легендарные исторические фигуры,3 лицо,solovev_v_kapitan_grenaderskij_roty_1878.xml,исторический,исторический,NOUN ADJF NOUN,3,0,исторический,приключенческий,военный,,
"Соловьев, Всеволод Сергеевич",мужской,0,Касимовская невеста,Исторический роман,1,Нива,Санкт-Петербург,1879,исторический,"легендарные исторические личности(Алексей Михайлович, Евфимия Всеволожская, Мария Милославская)",3 лицо,solovev_v_kasimovskaya_nevesta_1879.xml,исторический,исторический,ADJF NOUN,2,0,исторический,любовный,авантюрный,,
"Соловьев, Всеволод Сергеевич",мужской,0,Юный император,историческая повесть в 3 частях,1,Отд. изд.,Санкт-Петербург,1879,"исторический роман, xviii в.","легендарные исторические фигуры (Романовы, Меншиков, Остерман)",3 лицо,solovev_v_yunyj_imperator_1879.xml,исторический,исторический,ADJF NOUN,2,0,исторический,биографический,политический,,
"Соловьев, Всеволод Сергеевич",мужской,0,Царь-девица,Роман-хроника XVII в.,1,Отд. изд.,Санкт-Петербург,1880,исторический,легендарные исторические фигуры,3 лицо,solovev_v_zardeviza_1880.xml,исторический,исторический,NOUN,1,0,исторический,авантюрный,,,
"Соловьев, Всеволод Сергеевич",мужской,0,Сергей Горбатов,Исторический роман-хроника конца XVIII в. в 2 частях,1,Отд. изд.,Санкт-Петербург,1882,"исторический роман, xviii в.","дворяне, исторические личности",3 лицо,solovev_v_sergej_gorbatov_1882.xml,исторический,исторический,NOUN NOUN,2,0,исторический,авантюрный,психологический,,
"Соловьев, Всеволод Сергеевич",мужской,0,Вольтерьянец,Исторический роман конца XVIII в. в 2 ч. (Продолжение романа «Сергей Горбатов»),1,Отд. изд. (СС),Санкт-Петербург,1883,"исторический роман, xviii в.",дворяне,3 лицо,solovev_v_volteryanez_1883.xml,исторический,исторический,NOUN,1,0,исторический,идеологический,философский,психологический,
"Соловьев, Всеволод Сергеевич",мужской,0,Старый дом,Исторический роман начала царствования императора НИколая I,1,Отд. изд.,Санкт-Петербург,1884,"исторический,","военные, дворяне",3 лицо,solovev_v_staryj_dom_1884.xml,исторический,исторический,ADJF NOUN,2,0,исторический,семейный,бытовой,,
"Соловьев, Всеволод Сергеевич",мужской,0,Изгнанник,Роман в 2 частях,1,Отд. изд.,Санкт-Петербург,1885,"исторический, семейная хроника","аристократия, дворяне",3 лицо,solovev_v_izgnannik_1885.xml,исторический,исторический,NOUN,1,0,исторический,семейный,авантюрный,психологический,
"Соловьев, Всеволод Сергеевич",мужской,0,Последние Горбатовы,Роман семидесятых годов,1,Отд. изд. (СС),Санкт-Петербург,1887,исторический,,3 лицо,solovev_v_poslednie_gorbatovy_1887.xml,исторический,исторический,ADJF NOUN,2,0,исторический,семейный,хроникальный,психологический,
"Соловьев, Всеволод Сергеевич",мужской,0,Великий Розенкрейцер,"Роман XVIII в., в 3 ч., с эпилогом Окончание ром. «Волхвы»",1,Отд. изд.,Санкт-Петербург,1892,"исторический роман, xviii в.","императрица, цари",3 лицо,,исторический,исторический,ADJF NOUN,2,0,,,,,
"Соловьев, Всеволод Сергеевич",мужской,0,Жених царевны,Роман-хроника XVII в. в 2 ч,1,Отд. изд.,Санкт-Петербург,1893,исторический,"аристократия прошлого, легендарные исторические фигуры",3 лицо,solovev_v_zhenikh_zarevny_1893.xml,исторический,исторический,NOUN NOUN,2,0,исторический,любовный,авантюрный,политический,
"Соловьев, Всеволод Сергеевич",мужской,0,Царское посольство,Исторический роман XVII века: в 3 ч.,1,Отд. изд.,Санкт-Петербург,1893,исторический,"исторические личности, поп",3 лицо,solovev_v_zarskoe_posolstvo_1893.xml,исторический,исторический,ADJF NOUN,2,0,исторический,политический,приключенческий,авантюрный,
"Соловьев, Всеволод Сергеевич",мужской,0,Злые вихри,роман в 2-х частях,0,Русское обозрение,,1893,"семейный, социально-психологический; разночинцы, музыкант",,3 лицо,,семейный,семейный,ADJF NOUN,2,0,,,,,
"Соловьев, Всеволод Сергеевич",мужской,0,Цветы бездны,Роман,0,Русский вестник,,1895,социально-психологический,дворяне разночинцы,3 лицо,,социальный,социальный,NOUN NOUN,2,0,,,,,
"Соловьев, Всеволод Сергеевич",мужской,0,Русские крестоносцы,повесть,1,Отд. изд.,Петроград,1917,"дворяне, военные",,3 лицо,,военный,исторический,ADJF NOUN,2,0,,,,,
"Соловьев, Федор Николаевич",мужской,0,Неведомая,роман в 2 частях,1,Отд. изд.,Москва,1842,светский,"дворяне (?), разночинцы, литераторы, литературные критики",3 лицо,solovev_f_nevedomaya_1842.xml,светский,светский,ADJF,1,0,светский,психологический,любовный,,
"Соловьев, Федор Николаевич",мужской,0,Фамилия Кастальских,роман в трех частях,1,Отд. изд.,Москва,1842,"семейный, дворяне",,,,семейный,семейный,NOUN ADJF,2,0,,,,,
"Сологуб, Федор Кузьмич",мужской,1,Тяжелые сны,Роман,0,Северный вестник,,1895,"социально-психологический, декадентский;","разночинцы (учителя), дворяне",3 лицо,,социальный,социальный,ADJF NOUN,2,1,,,,,
"Сологуб, Федор Кузьмич",мужской,1,Мелкий бес,роман,1,Вопросы жизни,Санкт-Петербург,1905,"социально-психологический, декадентский; разночинцы, дворяне, мещане, учителя",разночинцы,3 лицо,sologub_f_melkij_bes_1905.xml,социальный,социальный,ADJF NOUN,2,1,социально-психологический,символистский,сатирический,,
"Сологуб, Федор Кузьмич",мужской,1,Творимая легенда,Роман,0,Шиповник,,1907,"социально-психологический, (?) утопический; творческие люди; трилогия",интеллигенция,1 лицо,,социальный,социальный,PRTF NOUN,2,1,,,,,
"Сологуб, Федор Кузьмич",мужской,1,Капли крови,1 часть романа-трилогии,1,Шиповник,Санкт-Петербург,1908,"социально-психологический, символистский, любовный, философский, фантастический","дворяне, разночинцы, революционеры",1 лицо + 3 лицо,sologub_f_kapli_krovi_1908.xml,социальный,социальный,NOUN NOUN,2,1,социально-психологический,символистский,любовный,философский,
"Сологуб, Федор Кузьмич",мужской,1,Королева Ортруда,2 часть романа-трилогии,1,Шиповник,Санкт-Петербург,1909,"социально-психологический, символистский, любовный, философский, фантастический","дворяне, разночинцы, революционеры",3 лицо,sologub_f_koroleva_ortruda_1909.xml,социальный,социальный,NOUN NOUN,2,1,символистский,фантастический,философский,социально-психологический,
"Сологуб, Федор Кузьмич",мужской,1,Дым и пепел,Роман,0,Земля,,1912,"социально-психологический, философский",разночинцы,3 лицо,,социальный,социальный,NOUN CONJ NOUN,3,1,,,,,
"Сологуб, Федор Кузьмич",мужской,1,Слаще яда,роман,0,Новая жизнь,,1912,"социально-психологический, любовный, (роман воспитания)",дворяне,3 лицо,,социальный,социальный,COMP NOUN,2,1,,,,,
Сологуб Федор Кузьмич,мужской,1,Заклинательница змей,роман,1,Отд. изд.,Берлин,1921,"социально-психологический; фабрикант, фабричные рабочие",,3 лицо,,социальный,социальный,NOUN NOUN,2,0,,,,,
"Сомов, Орест Михайлович",мужской,0,Гайдамак,Малороссийская быль,0,Невский альманах,,1827,,,3 лицо,somov_o_gajdamak_1827.xml,,,NOUN,1,0,исторический,авантюрный,этнографический,,
"Станицкий, Н.",женский,1,Мелочи жизни,Роман,0,Современник,,1854,,,3 лицо,,,,NOUN NOUN,2,0,,,,,
"Станицкий, Н.",женский,1,Женская доля,Роман,0,Современник,,1862,социально-психологический,,,,социальный,социальный,ADJF NOUN,2,0,,,,,
"Станюкович, Константин Михайлович",мужской,0,Без исхода,Роман,0,Дело,,1873,народнический,дворяне,3 лицо,stanyukovich_k_bez_iskhoda_1873.xml,народнический,социальный,PREP NOUN,2,0,политический,идеологический,,,
"Станюкович, Константин Михайлович",мужской,0,В мутной воде,Оригинальный роман из последних событий,0,Биржевые ведомости,,1878,,дворяне,3 лицо,stanyukovich_k_v_mutnoj_vode_1878.xml,,,PREP ADJF NOUN,3,0,политический,сатирический,,,
"Станюкович, Константин Михайлович",мужской,0,Наши нравы,роман в 2 частях,0,Молва,,1879,фельетонный,чиновники,3 лицо,stanyukovich_k_nashi_nravy_1879.xml,фельетонный,юмористический,ADJF NOUN,2,0,сатирический,нравоописательный,,,
"Станюкович, Константин Михайлович",мужской,0,Два брата,Роман в двух частях,0,Дело,,1880,социально-психологический,"дворяне, революционеры",3 лицо,stanyukovich_k_dva_brata_1880.xml,социальный,социальный,NUMR NOUN,2,0,социально-психологический,семейный,,,
"Станюкович, Константин Михайлович",мужской,0,Омут,Роман,0,Дело,,1881,социально-психологический,промышленники,3 лицо,,социальный,социальный,NOUN,1,0,,,,,
"Станюкович, Константин Михайлович",мужской,0,В места не столь отдаленные,роман,0,Сибирская газета,,1886,детективный роман,заключенные,3 лицо,stanyukovich_k_v_mesta_ne_stol_otdalennye_1886-1887.xml,детективный,криминальный,PREP NOUN PRCL ADVB ADJF,5,0,сатирический,социально-психологический,уголовный,,
"Станюкович, Константин Михайлович",мужской,0,Первые шаги,роман,0,Вестник Европы,,1891,,разночинцы (студент),3 лицо,,,,ADJF NOUN,2,0,,,,,
"Станюкович, Константин Михайлович",мужской,0,Откровенные,Роман в двух частях,0,Русская жизнь,,1893,социальный роман,"19 век, чиновник, быт",3 лицо,,социальный,социальный,ADJF,1,0,,,,,
"Станюкович, Константин Михайлович",мужской,0,История одной жизни,Роман,0,Мир Божий,,1895,"роман о пролетариате, рабочих","господин, дворяне, Петербург, пролетариат, рабочие",3 лицо,,социальный,социальный,NOUN ADJF NOUN,3,0,,,,,
"Станюкович, Константин Михайлович",мужской,0,Жрецы,,0,Русское богатство,,1897,университетская среда,"студенты университета, преподаватели",3 лицо,,,,NOUN,1,0,,,,,
"Станюкович, Константин Михайлович",мужской,0,Равнодушные,Роман,0,Мир Божий,,1899,социально-психолгический (против разложения семьи и свободных браков),"купцы/промышленники, рабочие",3 лицо,stanyukovich_k_ravnodushnye_1899.xml,социальный,социальный,ADJF,1,0,социально-психологический,семейный,нравоописательный,,
Станюкович Н.В.,мужской,0,Дело Александра Рогова,?,0,Возрождение,,1966,,,,,,,NOUN NOUN NOUN,3,0,,,,,
"Старицкий, Михаил Петрович",мужской,0,Перед бурей,Исторический роман из времен Хмельниччины,0,Московский листок,,1895,,,3 лицо,starizkij_m_pered_burej_1895.xml,,,PREP VERB,2,0,исторический,политический,этнографический,,
"Старицкий, Михаил Петрович",мужской,0,Буря,Исторический роман из времен Хмельниччины,0,Московский листок,,1896,,,3 лицо,starizkij_m_burya_1896.xml,,,NOUN,1,0,исторический,политический,этнографический,,
"Старицкий, Михаил Петрович",мужской,0,У пристани,Исторический роман из времен Хмельниччины,0,Московский листок,,1897,,,3 лицо,starizkij_m_u_pristani_1897.xml,,,PREP NOUN,2,0,социально-психологический,семейный,бытовой,,
"Старицкий, Михаил Петрович",мужской,0,Молодость Мазепы,роман,0,Московский листок,,1898,,,3 лицо,starizkij_m_molodost_mazepy_1898.xml,,,NOUN NOUN,2,0,исторический,биографический,авантюрный,этнографический,
"Старицкий, Михаил Петрович",мужской,0,Руина,Исторический роман конца XVII века,0,Московский листок,,1899,,,3 лицо,,,,NOUN,1,0,,,,,
"Старицкий, Михаил Петрович",мужской,0,Последние орлы,Историческая повесть из времен гайдамачины,0,Московский листок,,1901,,,3 лицо,,,,ADJF NOUN,2,0,,,,,
"Старицкий, Михаил Петрович",мужской,0,Разбойник Кармелюк,Исторический роман,0,Московский листок,,1903,,,3 лицо,,,,NOUN NOUN,2,0,,,,,
"Старостин, Василий Григорьевич",мужской,0,"Наше счастие, или Некоторые черты из жизни невеликого человека, как он сам написал, с присовокуплении табели о счастии и моих собственных замечаний",роман,1,Отд. изд.,Санкт-Петербург,1901,социальный,крестьяне,1 лицо,starostin_v_nashe_schastie_ili_nekotorye_cherty_iz_zhizni_nevelikogo_cheloveka_kak_on_sam_napisal_s_prisovokuplenii_tabeli_o_schastii_i_moikh_sobstvennykh_zamechanij_1901.xml,социальный,социальный,ADJF NOUN CONJ ADJF NOUN PREP NOUN ADJF NOUN CONJ NPRO ADJF VERB PREP NOUN NOUN PREP NOUN CONJ ADJF ADJF NOUN,22,0,сатирический,философский,,,
"Стахеев, Дмитрий Иванович",мужской,0,Наследники,"Повесть в 2 ч., заключающая в себе описание жизни, деятельности, страданий, радостей, увлечений и доблест. поступков одного весьма почтенного и весьма ученого, но отчасти легкомысл. стат. советника и некоторых других лиц, достойных внимания читателей",1,Отд. изд.,Санкт-Петербург,1875,,,,,,,NOUN,1,0,,,,,
"Стахеев, Дмитрий Иванович",мужской,0,Домашний очаг,Повесть,0,Вестник Европы,,1879,исторический,купцы,3 лицо,,исторический,исторический,ADJF NOUN,2,0,,,,,
"Стахеев, Дмитрий Иванович",мужской,0,Законный брак,Роман,0,Слово,,1881,любовный,чиновники,3 лицо,,любовный,любовный,ADJF NOUN,2,0,,,,,
"Стахеев, Дмитрий Иванович",мужской,0,Торжество правосудия,Роман,0,Наблюдатель,,1882,,,3 лицо,,,,NOUN NOUN,2,0,,,,,
"Стахеев, Дмитрий Иванович",мужской,0,Избранник сердца,Роман,0,Наблюдатель,,1883,"социальный, нравоописательный",разночинцы,3 лицо,,социальный,социальный,NOUN NOUN,2,0,,,,,
"Стахеев, Дмитрий Иванович",мужской,0,Студенты,роман,0,Новь,,1887,,,1 лицо,,,,NOUN,1,0,,,,,
"Стахеев, Дмитрий Иванович",мужской,0,Обновленный храм,повесть,0,Русский вестник,,1891,социально-психологический,купцы/промышленники,,,социальный,социальный,PRTF NOUN,2,0,,,,,
"Стахеев, Дмитрий Иванович",мужской,0,Неугасающий свет,Роман,0,Русский вестник,,1893,социально-психологический,купцы,,,социальный,социальный,ADJF NOUN,2,0,,,,,
"Стахеев, Дмитрий Иванович",мужской,0,Горы золота,Роман,0,Русский вестник,,1894,роман,"историческая личность, биография",3 лицо,,,,NOUN NOUN,2,0,,,,,
"Стахеев, Дмитрий Иванович",мужской,0,Духа не угашайте,Роман,0,Русский вестник,,1896,,купечество,3 лицо,,,,NOUN PRCL VERB,3,0,,,,,
"Стахеев, Дмитрий Иванович",мужской,0,Золотой полуимпериал,na,1,Васильки [сборник],Санкт-Петербург,1901,,,,,,,ADJF NOUN,2,0,,,,,
"Стахеев, Дмитрий Иванович",мужской,0,Отец Мартин и его сослуживцы (Замоскворецкая старина),,0,Русский вестник,,1904,,,1 лицо,,,,NOUN NOUN CONJ NPRO NOUN ADJF NOUN,7,0,,,,,
"Стахеев, Дмитрий Иванович",мужской,0,Отелло и гладиаторы,Рассказ Д. И. Стахеева,0,Русский вестник,,1904,,,3 лицо,,,,NOUN CONJ NOUN,3,0,,,,,
"Степанов, Александр Петрович",мужской,0,Постоялый двор,"Записки покойного Горянова, изданные его другом Н.П. Маловым",1,Отд. изд.,Санкт-Петербург,1835,,,,,,,ADJF NOUN,2,0,,,,,
"Степанов, Александр Петрович",мужской,0,Тайна,Роман в 4 частях,1,Отд. изд.,Санкт-Петербург,1838,социально-бытовой,дворяне,3 лицо,,социальный,социальный,NOUN,1,0,,,,,
Степной Николай Александрович,мужской,0,Пролетарий,Роман,1,Отд. изд.,Самара,1919,,,,,,,NOUN,1,0,,,,,
Степной Николай Александрович,мужской,0,Семья,?,1,Отд. изд.,Самара,1922,,,,,,,NOUN,1,0,,,,,
Степной Николай Александрович,мужской,0,Перевал,?,1,Отд. изд.,М,1924,,,,,,,NOUN,1,0,,,,,
"Степняк-Кравчинский, Сергей Михайлович",мужской,1,Андрей Кожухов,Роман,1,Отд. изд.,Женева,1898,роман о нигилисте,,3 лицо,stepnyak-kravchinskij_s_andrej_kozhukhov_1898.xml,антинигилистический,социальный,NOUN NOUN,2,0,идеологический,политический,социально-психологический,,
"Степняк-Кравчинский, Сергей Михайлович",мужской,1,Штундист Павел Руденко,Роман,1,Отд. изд.,Женева,1900,"социально-психологический (жизнь сектантов, гонения?)",раскольники,3 лицо,stepnyak-kravchinskij_s_shtundist_pavel_rudenko_1900.xml,социальный,социальный,NOUN NOUN NOUN,3,0,социально-психологический,религиозный,идеологический,,
Степун Федор Августович,мужской,0,Николай Переслегин,нет,0,Современные записки,,1923,,,,,,,NOUN NOUN,2,0,,,,,
"Стопановский, Михаил Михайлович",мужской,0,Обличители,Роман,0,Отечественные записки,,1862,,,,,,,NOUN,1,0,,,,,
"Стороженко, Алексей Петрович",мужской,0,Братья близнецы,Очерки Малороссии прошлого столетия. Роман,0,Библиотека для чтения,,1857,семейная хроника,помещики,3 лицо,,семейный,семейный,NOUN NOUN,2,0,,,,,
Струве Михаил Александрович,мужской,0,Титцы,Хроника,0,Последние новости,,1929,,,,,,,NOUN,1,0,,,,,
"Суворин, Алексей Сергеевич",мужской,0,Миллиард в тумане,роман-фельетон,0,Санкт-Петербургские ведомости,,1871,,,,,,,NOUN PREP NOUN,3,0,,,,,
"Суворин, Алексей Сергеевич",мужской,0,В конце века. Любовь,роман,0,Новое время,,1892,,,,,,,PREP NOUN NOUN NOUN,4,0,,,,,
"Сукенников, Михаил Александрович",мужской,0,Женщины. Письма к неизвестному,Роман,1,Отд. изд.,Петроград,1916,,,,,,,NOUN NOUN PREP ADJF,4,0,,,,,
"Сумароков, Павел Иванович",мужской,0,"Виктор, или Следствия худого воспитания",Сочинение П... С...ва,1,Отд. изд.,Санкт-Петербург,1835,,,,,,,NOUN CONJ NOUN ADJF NOUN,5,0,,,,,
"Сумароков, Павел Иванович",мужской,0,"Эмигрант, с кратким описанием американской войны, Луизианы и французской революции",П... С...ва,1,Отд. изд.,Санкт-Петербург,1837,,,,,,,NOUN PREP ADJF NOUN ADJF NOUN NOUN CONJ ADJF NOUN,10,0,,,,,
"Сумароков, Петр Панкратьевич",мужской,0,Наследница,"Быль вместо романа, или Роман вместо были",1,Отд. изд.,Москва,1835,нравоописательный,Дворяне,3 лицо,,нравоописательный,описательный,NOUN,1,0,,,,,
Сургучёв Илья Дмитриевич,мужской,0,Ротонда,?,1,Отд.изд.,Париж,1928,,,,,,,NOUN,1,0,,,,,
Сургучёв Илья Дмитриевич,мужской,0,Ночью,?,1,Возрождение,Париж?,1958,,,,,,,ADVB,1,0,,,,,
"Сухонин, Петр Петрович",мужской,1,Спекуляторы,роман,0,Библиотека для чтения,,1847,"деловой роман, приключенческий, спекуляторы",,3 лицо,sukhonin_p_spekulyatory_1847.xml,приключенческий,приключенческий,NOUN,1,0,авантюрный,нравоописательный,,,
"Сухотин, Павел Сергеевич",мужской,0,Перчатка,"Записки русского кота, найденные Павлом Сухотиным",1,Ветвь,Москва,1917,,,,,,,NOUN,1,0,,,,,
Сухотин Павел Сергеевич,мужской,0,Вишни для компота,?,0,Новый мир,,1926,,,,,,,NOUN PREP NOUN,3,0,,,,,
Т.Ч.,женский,1,Дина,Роман,0,Отечественные записки,,1853,,,,,,,NOUN,1,0,,,,,
Тагеев Борис Леонидович,мужской,0,Нэлли. Приключения в стране вечного лета,роман,1,Отд.изд.,М,1927,,,,,,,NOUN NOUN PREP NOUN ADJF NOUN,6,0,,,,,
Тагеев Борис Леонидович,мужской,0,Жемчужина Японии,?,1,Отд.изд.,М.;Л.,1930,,,,,,,NOUN NOUN,2,0,,,,,
"Тальцева, А.А.",женский,1,Три женские жизни,Роман,0,Пантеон,,1854,социально-психологический,дворяне,1 лицо,rodzyanko_a_tri_zhenskie_zhizni_1854.xml,социальный,социальный,NUMR ADJF NOUN,3,0,социально-психологический,,,,
"Таранский, Г.",мужской,1,Золотое сердце,роман,1,Отд. изд.,Санкт-Петербург,1889,социально-психологический,разночиинцы,3 лицо,,социальный,социальный,ADJF NOUN,2,0,,,,,
"Тверской, П.",мужской,1,Не к полю ягоды. Две недели в медвежьем углу,,0,Вестник Европы,,1881,,,3 лицо,,,,PRCL PREP NOUN NOUN NUMR NOUN PREP ADJF NOUN,9,0,,,,,
"Темризов, А.",женский,1,Разлучники,Роман,1,Отд. изд.,Санкт-Петербург,1869,социально-психологический,дворяне,3 лицо,,социальный,социальный,NOUN,1,0,,,,,
"Терпигорев, Сергей Николаевич",мужской,0,Красные Талы,Детство Горелова,1,Русский мир,Санкт-Петербург,1862,автобиографический,,3 лицо,,автобиографический,биографический,ADJF ADJS,2,0,,,,,
"Терпигорев, Сергей Николаевич",мужской,0,По старому руслу,Роман С.Н. Терпигорева,0,Родина,,1894,крестьяне,крестьяне,3 лицо,,,,PREP NOUN NOUN,3,0,,,,,
"Тимковский, Николай Иванович",мужской,0,В дворянской берлоге,Роман,0,Русское богатство,,1917,,,1 лицо,,,,PREP ADJF NOUN,3,0,,,,,
Тимофеев Борис Александрович,мужской,0,Чаша скорбная,нет,1,Отд. изд.,М,1918,,,,,,,NOUN ADJF,2,0,,,,,
"Тимофеева-Починковская, Варвара Васильевна",женский,0,За себя и за других,Роман в трех частях,0,Книжки Недели,,1882,,,3 лицо,,,,PREP NPRO CONJ PREP ADJF,5,0,,,,,
"Тимофеева-Починковская, Варвара Васильевна",женский,0,Очерки прошлого,,0,Книжки Недели,,1900,,,3 лицо,,,,NOUN NOUN,2,0,,,,,
"Тимофеева-Починковская, Варвара Васильевна",женский,0,В шестидесятых годах,Повесть,0,Новое дело,,1902,,,3 лицо,,,,PREP ADJF NOUN,3,0,,,,,
"Тимофеева-Починковская, Варвара Васильевна",женский,0,У чужих алтарей,Роман,0,Исторический вестник,,1916,,,,,,,PREP NOUN NOUN,3,0,,,,,
"Тихонов, Владимир Алексеевич",мужской,0,Светлые грезы,Роман в двух частях Вл. А. Тихонова,0,Север,,1892,,,3 лицо,,,,ADJF NOUN,2,0,,,,,
"Тихонов, Владимир Алексеевич",мужской,0,Красота,Повесть Вл. А. Тихонова,0,Север,,1893,,,3 лицо,,,,NOUN,1,0,,,,,
"Тихонов, Владимир Алексеевич",мужской,0,В деревне (Пустоцвет),Роман,0,Новое время,,1898,,,,,,,PREP NOUN NOUN,3,0,,,,,
"Тихонов, Владимир Алексеевич",мужской,0,Карьера,Роман в 2 частях [в отд. издании],0,Современник,,1911,,,,,,,NOUN,1,0,,,,,
"Толбин, Василий Васильевич",мужской,0,Любинька,Повесть,0,Северное обозрение,,1849,,,1 лицо,,,,NOUN,1,0,,,,,
"Толбин, Василий Васильевич",мужской,0,Варенька Долева,Роман,0,Пантеон,,1855,социальн-психологический,дворяне,1 лицо,,социальный,социальный,ADJS ADJS,2,0,,,,,
"Толль, Феликс-Эммануил Густавович",мужской,0,Труд и капитал,Роман,0,Русское слово,,1860,социально-психологический,рабочие,3 лицо,,социальный,социальный,NOUN CONJ NOUN,3,0,,,,,
"Толстая, Алексанра Леонтьевна",женский,0,Неугомонное сердце,Роман в 2 частях,1,Отд. изд.,Санкт-Петербург,1882,социально-психологический,дворяне,,,социальный,социальный,ADJF NOUN,2,0,,,,,
"Толстой, Алексей Константинович",мужской,0,Князь Серебряный,Повесть времен Иоанна Грозного,0,Русский вестник,,1862,исторический роман,Россия времен Ивана Грозного,3 лицо,tolstoj_a_knyaz_serebryanyj_1862.xml,исторический,исторический,NOUN ADJF,2,1,исторический,авантюрный,,,
"Толстой, Алексей Николаевич",мужской,0,Две жизни,роман-хроника,1,Шиповник,Санкт-Петербург,1911,"роман-хроника, семейный роман бытовой, авантюрный (?)","дворяне, высшие классы, слуги",3 лицо,tolstoj_a_dve_zhizni_1911.xml,хроника,исторический,NUMR NOUN,2,1,хроникальный,семейный,бытовой,психологический,
"Толстой, Алексей Николаевич",мужской,0,Хромой барин,Роман,1,Отд. изд.,Санкт-Петербург,1912,социально-психологический,"дворяне, рабочие",3 лицо,tolstoj_a_khromoj_barin_1912.xml,социальный,социальный,NOUN NOUN,2,1,социально-психологический,исторический,бытовой,,
Толстой Алексей Николаевич,мужской,0,Сестры,вошло в Хождение по мукам,1,Грядущая Россия,Париж,1920,,,,,,,NOUN,1,0,,,,,
Толстой Алексей Николаевич,мужской,0,Гиперболоид инженера Гарина,?,0,Красная новь,,1925,,,,,,,NOUN NOUN NOUN,3,0,,,,,
Толстой Алексей Николаевич,мужской,0,Восемнадцатый год,вошло в Хождение по мукам,0,Новый мир,,1927,,,,,,,ADJF NOUN,2,0,,,,,
Толстой Алексей Николаевич,мужской,0,Петр I,?,0,Новый мир,,1930,,,,,,,NOUN NUMR,2,0,,,,,
Толстой Алексей Николаевич,мужской,0,Эмигранты,?,0,Новый мир,,1931,,,,,,,NOUN,1,0,,,,,
Толстой Алексей Николаевич,мужской,0,Хмурое утро,вошло в Хождение по мукам,0,Новый мир,,1940,,,,,,,ADJF NOUN,2,0,,,,,
"Толстой, Г.А.",мужской,1,Обитель святого Иосифа,роман из средневековой монастырской жизни,1,Отд. изд.,Санкт-Петербург,1890,исторический,духовенство/священники,,,исторический,исторический,NOUN ADJF NOUN,3,0,,,,,
"Толстой, Лев Львович",мужской,0,Поиски и примирение,Роман в 4-х частях,0,Ежемесячные сочинения,,1902,,,3 лицо,,,,NOUN CONJ NOUN,3,0,,,,,
"Толстой, Лев Николаевич",мужской,0,Семейное счастие,,0,Русский вестник,,1859,семейный роман,"дворяне, военные",1 лицо,tolstoj_l_semejnoe_schaste_1859.xml,семейный,семейный,ADJF NOUN,2,1,семейный,социально-психологический,любовный,,
"Толстой, Лев Николаевич",мужской,0,Война и мир,Сочинение графа Л.Н. Толстого,0,Русский вестник,,1868,"роман-эпопея, военный, исторический, социально-психологический","Аристократия (графы, князья), солдаты",3 лицо,tolstoj_l_vojna_i_mir_1868.xml,эпопея,исторический,NOUN CONJ NOUN,3,1,исторический,социально-психологический,философский,семейный,
"Толстой, Лев Николаевич",мужской,0,Анна Каренина,Роман,0,Русский вестник,,1877,философский; социально-психологический,дворяне,3 лицо,tolstoj_l_anna_karenina_1877.xml,философский,философский,NOUN NOUN,2,1,социально-психологический,философский,адюльтерный,семейный,
"Толстой, Лев Николаевич",мужской,0,Декабристы,,1,XXV лет [сборник],Санкт-Петербург,1884,,,3 лицо,tolstoj_l_dekabristy_1884.xml,,,NOUN,1,1,исторический,политический,социально-психологический,,
"Толстой, Лев Николаевич",мужской,0,Воскресение,Роман графа Л. Н. Толстого,0,Нива,,1899,"социально-психологический, уголовный","дворяне, криминальный мир, разночинцы",3 лицо,tolstoj_l_voskresenie_1899.xml,социальный,социальный,NOUN,1,1,социально-психологический,уголовный,философский,религиозный,
"Толстой, Феофил Матвеевич",мужской,0,Болезни воли,Роман,0,Русский вестник,,1859,,,,,,,NOUN NOUN,2,0,,,,,
"Толстой, Феофил Матвеевич",мужской,0,Золотой телец,Роман в 2 ч. Ростислава,1,Отд. изд.,Санкт-Петербург,1881,,,,,,,ADJF NOUN,2,0,,,,,
"Тонкачеев, Александр Дмитриевич",мужской,0,"Эль Тровадор, или Месть за месть",Испанская быль 1826 года. Сочинение русского,1,Отд. изд.,Москва,1833,,,1 лицо,,,,NOUN NOUN CONJ NOUN PREP NOUN,6,0,,,,,
"Травин, Петр Александрович",мужской,0,Волк в овечьей шкуре,Роман,0,Доля бедняка,,1909,,,3 лицо,,,,NOUN PREP ADJF NOUN,4,0,,,,,
"Травин, Петр Александрович",мужской,0,Страшный разбойник Дезори – ненавистник женщин,,1,Отд. изд.,Москва,1909,,,,,,,ADJF NOUN NOUN NOUN NOUN,6,0,,,,,
"Травин, Петр Александрович",мужской,0,"У денежного шкафа, или Страшная смерть дисконтера",,1,Отд. изд.,Москва,1910,,,,,,,PREP ADJF NOUN CONJ ADJF NOUN NOUN,7,0,,,,,
"Травин, Петр Александрович",мужской,0,Изумительные похождения московского Пинкертона Агафона и его слуги Луки,,1,Отд. изд.,Москва,1911,,,,,,,ADJF NOUN ADJF NOUN NOUN CONJ NPRO NOUN NOUN,9,0,,,,,
"Травин, Петр Александрович",мужской,0,"Защитница женщин Ленора, гроза вероломных развратников",Сенсационный роман : Удивительные похождения светской красавицы героини,1,Отд. изд.,Москва,1913,,,,,,,NOUN NOUN NOUN NOUN ADJF NOUN,6,0,,,,,
"Тур, Евгения",женский,1,Племянница,Роман. Сочинение Евгении Тур,0,Современник,,1850,"дворяне, певица, свет, ""женский""",,3 лицо,,женский,женский,NOUN,1,0,,,,,
"Тур, Евгения",женский,1,Три поры жизни,Отрывок из романа,0,Библиотека для чтения,,1853,любовный,Дворяне,3 лицо,,любовный,любовный,NUMR NOUN NOUN,3,0,,,,,
"Тур, Евгения",женский,1,Семейство Шалонских,Из семейной хроники,1,Отд. изд.,Санкт-Петербург,1880,семейная хроника,дворяне,1 лицо,salias-de-turnemir_e_semejstvo_shalonskikh_1880.xml,семейный,семейный,NOUN NOUN,2,0,семейный,социально-психологический,хроникальный,,
"Тур, Евгения",женский,1,Дети короля Людовика XVI,,1,Отд. изд.,Москва,1887,исторический,легендарные исторические фигуры,3 лицо,,исторический,исторический,NOUN NOUN NOUN NUMR,4,0,,,,,
"Тургенев, Иван Сергеевич",мужской,0,Рудин,Повесть,0,Современник,,1856,социально-психологический,аристократия прошлого,3 лицо,turgenev_i_rudin_1856.xml,социальный,социальный,NOUN,1,1,социально-психологический,идеологический,любовный,,
"Тургенев, Иван Сергеевич",мужской,0,Дворянское гнездо,Роман,0,Современник,,1859,"социально-психологический, любовный",дворяне,3 лицо,turgenev_i_dvoryanskoe_gnezdo_1859.xml,социальный,социальный,ADJF NOUN,2,1,социально-психологический,адюльтерный,любовный,философский,
"Тургенев, Иван Сергеевич",мужской,0,Накануне,Повесть,0,Русский вестник,,1860,социальный роман,"революционеры, демократы",3 лицо,turgenev_i_nakanune_1860.xml,социальный,социальный,ADVB,1,1,социально-психологический,любовный,идеологический,,
"Тургенев, Иван Сергеевич",мужской,0,Отцы и дети,Сочинение Ив. Тургенева,0,Русский вестник,,1862,общественно-политический роман,нигилист,3 лицо,turgenev_i_otzy_i_deti_1862.xml,политический,социальный,NOUN CONJ NOUN,3,1,социально-психологический,идеологический,философский,,
"Тургенев, Иван Сергеевич",мужской,0,Дым,Повесть,0,Русский вестник,,1867,общественно-политический роман,дворяне,3 лицо,turgenev_i_dym_1867.xml,политический,социальный,NOUN,1,1,социально-психологический,политический,идеологический,любовный,
"Тургенев, Иван Сергеевич",мужской,0,Новь,Рома в двух частях,0,Вестник Европы,,1877,исторический,разночинцы,3 лицо,turgenev_i_nov_1877.xml,исторический,исторический,NOUN,1,1,социально-психологический,политический,идеологический,,
"Тхоржевский, Корнелий Владиславович",мужской,0,Тенета,Роман,0,Гражданин,,1884,,,,,,,NOUN,1,0,,,,,
"Тхоржевский, Корнелий Владиславович",мужской,0,В боевых трудах и на покое,,0,Разведчик,,1895,,,3 лицо,,,,PREP NOUN NOUN CONJ PREP NOUN,6,0,,,,,
"Тыркова, Ариандна Владимировна",женский,0,Ночью,Повесть,0,Русская мысль,,1910,,,,,,,ADVB,1,0,,,,,
"Тыркова, Ариандна Владимировна",женский,0,Жизненный путь,Роман,0,Вестник Европы,,1913,,,3 лицо,,,,ADJF NOUN,2,0,,,,,
"Тыркова, Ариандна Владимировна",женский,0,Добыча,Роман,0,Русская мысль,,1917,,,3 лицо,,,,NOUN,1,0,,,,,
"Тютчев, Федор Федорович",мужской,0,Кто прав?,роман,1,Отд. изд.,Санкт-Петербург,1892,,,1 лицо,tyutchev_f_kto_prav_iz_odnoj_biografii_1892.xml,,,NPRO NOUN,2,0,социально-психологический,идеологический,нравоописательный,,
"Тютчев, Федор Федорович",мужской,0,Беглец,Роман из пограничной жизни,1,Отд. изд.,Санкт-Петербург,1902,,,3 лицо,tyutchev_f_beglez_1902.xml,,,NOUN,1,0,социально-психологический,приключенческий,идеологический,,
"Тютчев, Федор Федорович",мужской,0,На скалах и долинах Дагестана,Роман из времен борьбы с Шамилем за владычество на Кавказе,1,Отд. изд.,Санкт-Петербург,1903,,,3 лицо,tyutchev_f_na_skalakh_i_dolinakh_dagestana_1903.xml,,,PREP NOUN CONJ NOUN NOUN,5,0,исторический,этнографический,авантюрный,,
"Тютчев, Федор Федорович",мужской,0,Злая сила,Роман из жизни на русской окраине,1,Отд. изд.,Санкт-Петербург,1907,,,3 лицо,tyutchev_f_zlaya_sila_1907.xml,,,ADJF NOUN,2,0,социально-психологический,идеологический,бытовой,,
"Тютчев, Федор Федорович",мужской,0,Увертюра или финал?,,0,Военный сборник,,1916,,,3 лицо,,,,NOUN CONJ NOUN,3,0,,,,,
"Уманов-Каплуновский, Владимир Васильевич",мужской,0,Фарисеи,роман,0,Русский вестник,,1904,психологический роман,дворяне,3 лицо,,психологический,психологический,NOUN,1,0,,,,,
"Ушаков, Василий Аполлонович",мужской,0,Киргиз-Кайсак,повесть,1,Отд. изд.,Москва,1830,социально-психологический,дворяне,3 лицо,,социальный,социальный,NOUN,1,0,,,,,
"Ушаков, Василий Аполлонович",мужской,0,Иона Фаддеевича,правописательный и нравоучительный роман,0,Сын отечества,,1832,,,,,,,NOUN NOUN,2,0,,,,,
"Ушаков, Василий Аполлонович",мужской,0,Последний из князей Корсунских,,1,Отд. изд.,Москва,1837,социально-психологический,дворяне,1 лицо,ushakov_v_poslednij_iz_knyazej_korsunskikh_1837.xml,социальный,социальный,ADJF PREP NOUN ADJF,4,0,социально-психологический,исторический,нравоописательный,,
"Фан-Дим, Федор",женский,1,Александрина,"Небольшой роман, взятый из записок Юрия З.",0,Рус.беседа. Собрание сочинений русских литераторов,,1841,светский,дворяне,1 лицо,,светский,светский,NOUN,1,0,,,,,
"Фан-Дим, Федор",женский,1,Голос за родное,повесть,0,Маяк,,1841,светский,дворяне,3 лицо,,светский,светский,NOUN PREP ADJF,3,0,,,,,
"Фан-Дим, Федор",женский,1,Два призрака,роман,1,Отд. изд.,Санкт-Петербург,1842,светский,дворяне,3 лицо; 1 лицо; в письмах,,светский,светский,NUMR NOUN,2,0,,,,,
"Фёдоров, Александр Митрофанович",мужской,0,Степь сказалась,Новый роман А. М. Федорова,0,Живописное обозрение,,1897,,,3 лицо,,,,NOUN VERB,2,0,,,,,
"Фёдоров, Александр Митрофанович",мужской,0,Наследство,Роман,1,Отд. изд.,Санкт-Петербург,1898,,,3 лицо,,,,NOUN,1,0,,,,,
"Фёдоров, Александр Митрофанович",мужской,0,Земля,Роман,0,Русское богатство,,1903,,,,,,,NOUN,1,0,,,,,
"Фёдоров, Александр Митрофанович",мужской,0,Природа,Роман в 3-х частях,0,Мир божий,,1904,,,3 лицо,fedorov_a_priroda_1904.xml,,,NOUN,1,0,социально-психологический,философский,бытовой,,
"Фёдоров, Александр Митрофанович",мужской,0,Камни,Роман,0,Мир божий,,1906,,,,,,,NOUN,1,0,,,,,
"Фёдоров, Александр Митрофанович",мужской,0,Подвиг,Роман,0,Современный мир,,1908,,,,,,,NOUN,1,0,,,,,
"Фёдоров, Александр Митрофанович",мужской,0,За океан,,1,Отд. изд.,Санкт-Петербург,1909,,,,,,,PREP NOUN,2,0,,,,,
"Фёдоров, Александр Митрофанович",мужской,0,Его глаза,Роман,0,Современный мир,,1913,,,,,,,NPRO NOUN,2,0,,,,,
"Фёдоров, Александр Митрофанович",мужской,0,Заря жизни,,0,Вестник Европы,,1914,,,1 лицо,,,,NOUN NOUN,2,0,,,,,
"Фёдоров, Александр Митрофанович",мужской,0,Моя весна,Роман,0,Вестник Европы,,1917,,,1 лицо,,,,ADJF NOUN,2,0,,,,,
"Федоров, Борис Михайлович",мужской,0,Князь Курбский,исторический роман из событий XVI века,1,Отд. изд.,Санкт-Петербург,1843,исторический роман,"дворяне, исторические лица, военные",3 лицо,,исторический,исторический,NOUN NOUN,2,0,,,,,
"Филимонов, Владимир Сергеевич",мужской,0,Непостижимая,,1,Отд. изд.,Санкт-Петербург,1841,нравоописательный,дворяне,3 лицо,,нравоописательный,описательный,ADJF,1,0,,,,,
"Филимонов, Владимир Сергеевич",мужской,0,Русская девушка,,1,Отд. изд.,Санкт-Петербург,1856,,,,,,,ADJF NOUN,2,0,,,,,
"Филимонов, Владимир Сергеевич",мужской,0,Супружеские благополучия,Назидательный роман,1,Отд. изд.,Санкт-Петербург,1857,,,,,,,ADJF NOUN,2,0,,,,,
"Филиппов, Андрей",мужской,0,История о храбром рыцаре Францыле Венциане и о прекрасной королевне Ренцывене,,1,Отд. изд.,Москва,1787,,"рыцари, королевы",,,,,NOUN PREP ADJF NOUN NOUN NOUN CONJ PREP ADJF NOUN NOUN,11,0,,,,,
"Филиппов, Михаил Авраамович",мужской,0,Рассвет,Роман М.А. Филиппова,1,Отд. изд.,Санкт-Петербург,1873,социальный,дворяне,3 лицо,,социальный,социальный,NOUN,1,0,,,,,
"Филиппов, Михаил Авраамович",мужской,0,Скорбящие,Роман М.А. Филиппова,1,Отд. изд.,Санкт-Петербург,1873,,,,,,,PRTF,1,0,,,,,
"Филиппов, Михаил Авраамович",мужской,0,Под небом Украйны,Историческая повесть,1,Отд. изд.,Санкт-Петербург,1887,исторический,,3 лицо,,исторический,исторический,PREP NOUN NOUN,3,0,,,,,
"Филиппов, Михаил Михайлович",мужской,0,Осажденный Севастополь,исторический роман,1,Отд. изд.,Санкт-Петербург,1889,исторический,дворяне,3 лицо,filippov_m_osazhdennyj_sevastopol_1889.xml,исторический,исторический,PRTF NOUN,2,0,исторический,военный,,,
"Филиппов, Михаил Михайлович",мужской,0,Патриарх Никон,исторический роман,1,Отд. изд.,Санкт-Петербург,1889,исторический,духовенство/священники,3 лицо,filippov_m_patriarkh_nikon_1889.xml,исторический,исторический,NOUN NOUN,2,0,исторический,биографический,религиозный,политический,
"Фирсов, В.Н.",мужской,0,Две сестры,Роман,0,Русский вестник,,1895,,,1 лицо,,,,NUMR NOUN,2,0,,,,,
"Фирсов, Николай Николаевич",мужской,0,Под грозой,Повесть,0,Книжки „Недели“,,1878,,,3 лицо,,,,PREP NOUN,2,0,,,,,
"Фирсов, Николай Николаевич",мужской,0,Куда ни кинь все клин,Роман,0,Северный вестник,,1885,,,3 лицо,,,,NOUN PRCL VERB ADJF NOUN,5,0,,,,,
"Фонвизин, Сергей Иванович",мужской,0,Две жизни. Молодость Муханова,Роман,1,Отд. изд.,Санкт-Петербург,1910,,,,,,,NUMR NOUN NOUN ADJS,4,0,,,,,
"Фонвизин, Сергей Иванович",мужской,0,В смутные дни,Роман,1,Отд. изд.,Санкт-Петербург,1911,,,,,,,PREP ADJF NOUN,3,0,,,,,
"Фонвизин, Сергей Иванович",мужской,0,Записки свободной женщины,,1,Отд. изд.,Санкт-Петербург,1915,,,,,,,NOUN ADJF NOUN,3,0,,,,,
"Фонвизин, Сергей Иванович",мужской,0,Роман вице-губернатора,,1,Отд. изд.,Санкт-Петербург,1916,,,,,,,NOUN NOUN,2,0,,,,,
Фонвизин Сергей Иванович,мужской,0,Развал,Роман,1,Отд. изд.,Пг.,1918,,,,,,,NOUN,1,0,,,,,
"Форш, Ольга Дмитриевна",женский,0,Дети земли,,0,Русская мысль,,1910,,,3 лицо,,,,NOUN NOUN,2,0,,,,,
Форш Ольга Дмитриевна,женский,0,Одеты камнем. Таинственный узник Алексеевского равелина,Роман,0,Россия,,1924,,,,,,,ADJS NOUN ADJF NOUN ADJF NOUN,6,0,,,,,
Форш Ольга Дмитриевна,женский,0,Казнь Каракозова,?,1,Отд. изд.,СПб,1926,,,,,,,NOUN NOUN,2,0,,,,,
Форш Ольга Дмитриевна,женский,0,Современники,?,1,Отд. изд.,"М., СПб",1926,,,,,,,NOUN,1,0,,,,,
Форш Ольга Дмитриевна,женский,0,Горячий цех,?,1,Отд. изд.,"М., СПб",1927,,,,,,,ADJF NOUN,2,0,,,,,
Форш Ольга Дмитриевна,женский,0,Сумасшедший корабль,?,0,Звезда,,1930,,,,,,,ADJF NOUN,2,0,,,,,
Форш Ольга Дмитриевна,женский,0,Символисты,?,1,Звезда,СПб,1933,,,,,,,NOUN,1,0,,,,,
Форш Ольга Дмитриевна,женский,0,Радищев,роман в 3-х частях,1,Отд. изд.,"М., СПб",1934,,,,,,,NOUN,1,0,,,,,
Форш Ольга Дмитриевна,женский,0,Михайловский замок,Исторический роман,1,Отд. изд.,"М., СПб",1946,,,,,,,ADJF NOUN,2,0,,,,,
"Фрибес, Ольга Александровна",женский,0,Игуменья Рахиль,Картинки моныстыр. жизни,1,Отд. изд.,Санкт-Петербург,1912,,,,,,,NOUN NOUN,2,0,,,,,
"Фридрих, Ф.",na,0,Кто выиграл?,Из современной уголовной хроники,1,Нива,Санкт-Петербург,1875,"социально-психологический, детективный","разночинцы, дворяне",,,социальный,социальный,NPRO VERB,2,0,,,,,
"Фурман, Петр Романович",мужской,0,Александр Данилович Меньшиков,исторический роман,1,Отд. изд.,Санкт-Петербург,1847,исторический,"исторические лица, аристократы, военные",3 лицо,,исторический,исторический,NOUN NOUN NOUN,3,0,,,,,
"Фурман, Петр Романович",мужской,0,Дочь шута,роман в 3 частях,1,Отд. изд.,Санкт-Петербург,1848,исторический,"раскольники, 18 век",3 лицо,,исторический,исторический,NOUN NOUN,2,0,,,,,
"Фурман, Петр Романович",мужской,0,Несостоявшаяся женитьба,Историческая повесть 1725 и 1726 годов. В двух частях,0,Сын отечества,,1848,,,3 лицо,,,,ADJF NOUN,2,0,,,,,
"Фурман, Петр Романович",мужской,0,Добро и зло,роман,1,Отд. изд.,Санкт-Петербург,1849,социално-психологический,разночинцы,3 лицо,,социальный,социальный,ADVB CONJ ADVB,3,0,,,,,
"Фурман, Петр Романович",мужской,0,Ближний боярин Артемон Сергеевич Матвеев друг царя и народа,исторический роман в 2 частях : с портретами и картинами,1,Отд. изд.,Санкт-Петербург,1908,исторический,"бояре, дворяне",3 лицо,,исторический,исторический,NOUN NOUN NOUN NOUN NOUN NOUN NOUN CONJ NOUN,9,0,,,,,
"Хамар-Дабанов, Е.",женский,1,Проделки на Кавказе,Сочинение Е. Хамар-Дабанова,1,Отд. изд.,Санкт-Петербург; Лейпциг,1846,соц.-психологический роман,"военные, дворяне",3 лицо,lachinova_e_prodelki_na_kavkaze_1846.xml,социальный,социальный,NOUN PREP NOUN,3,0,социально-психологический,этнографический,сатирический,,
"Херасков, Михаил Матвеевич",мужской,0,"Нума, или процветающий Рим",,1,Отд. изд.,Москва,1768,философский,"легендарные исторические фигуры, аристократия прошлого",3 лицо,,философский,философский,NOUN CONJ PRTF NOUN,4,0,,,,,
"Херасков, Михаил Матвеевич",мужской,0,Кадм и Гармония,Древнее повествование,1,Отд. изд.,Москва,1789,социально-психологический; нравоучительный,аристократия прошлого,3 лицо,,социальный,социальный,NOUN CONJ NOUN,3,0,,,,,
"Херасков, Михаил Матвеевич",мужской,0,"Полидор, сын Кадма и Гармонии",,1,Отд. изд.,Москва,1794,"социально-психологический, нравоучительный",аристократия прошлого,3 лицо,,социальный,социальный,NOUN NOUN NOUN CONJ NOUN,5,0,,,,,
"Хлопов, Николай Афанасьевич",мужской,0,Над бездной,роман,0,Новости дня,,1888,детективный,,,,детективный,криминальный,PREP NOUN,2,0,,,,,
"Хованский, М. А.",мужской,0,Невестка Петра Великого (царевна Шарлотта),исторический роман,1,Отд. изд.,Санкт-Петербург,1889,исторический,аристократия прошлого,3 лицо,,исторический,исторический,NOUN NOUN NOUN NOUN NOUN,5,0,,,,,
"Хомяков, Петр Захарович",мужской,0,Похождение некотораго россиянина,"Истинная повесть им самим писанная; Содержащая в себе историю его службы и походов, с приключениями и слышанными им повестями",1,Отд. изд.,Москва,1790,авантюрный,военные,1 лицо,,авантюрный,приключенческий,NOUN NOUN NOUN,3,0,,,,,
"Хрущев-Сокольников, Гавриил Александрович",мужской,0,"История сторублевой бумажки № 131, 313",(Фантазия),0,Мирской толк,,1882,,,,,,,NOUN ADJF NOUN NUMR NUMR,6,0,,,,,
"Хрущев-Сокольников, Гавриил Александрович",мужской,0,Кто?,Повесть,1,Свет и тени,Москва,1882,,,3 лицо,,,,NPRO,1,0,,,,,
"Хрущев-Сокольников, Гавриил Александрович",мужской,0,Степной философ,,1,Отд. изд.,Санкт-Петербург,1884,,,,,,,ADJF NOUN,2,0,,,,,
"Хрущев-Сокольников, Гавриил Александрович",мужской,0,Осада столицы,роман из текущей уголовной хроники,0,Эхо,,1884,,,3 лицо,,,,NOUN NOUN,2,0,,,,,
"Хрущев-Сокольников, Гавриил Александрович",мужской,0,Стенька Разин,Исторический роман,1,Отд. изд.,Санкт-Петербург,1886,исторический,легендарные исторические фигуры,3 лицо,,исторический,исторический,NOUN NOUN,2,0,,,,,
"Хрущев-Сокольников, Гавриил Александрович",мужской,0,Рубцов возвратился,роман,0,Свет,,1886,,,,,,,NOUN VERB,2,0,,,,,
"Хрущев-Сокольников, Гавриил Александрович",мужской,0,Петербургские крокодилы,Роман в 4 частях с прологами,0,Свет,,1886,,,3 лицо,,,,ADJF NOUN,2,0,,,,,
"Хрущев-Сокольников, Гавриил Александрович",мужской,0,Герои и предатели,русский исторический роман XVIII века.,0,Свет,,1886,,,3 лицо,,,,NOUN CONJ NOUN,3,0,,,,,
"Хрущев-Сокольников, Гавриил Александрович",мужской,0,Чудо-богатырь,Исторический роман,1,Отд. изд.,Санкт-Петербург,1886,"исторический роман, xviii в.","военные, легендарные исторические фигуры (Павел Первый)",3 лицо,,исторический,исторический,NOUN,1,0,,,,,
"Хрущев-Сокольников, Гавриил Александрович",мужской,0,Пугачев,Исторический роман-хроника,0,Свет,,1887,,,3 лицо,,,,NOUN,1,0,,,,,
"Хрущев-Сокольников, Гавриил Александрович",мужской,0,Робинзоны,фантастический роман,0,Звезда,,1887,,,3 лицо,,,,NOUN,1,0,,,,,
"Хрущев-Сокольников, Гавриил Александрович",мужской,0,Провинция,Роман,1,Отд. изд.,Санкт-Петербург,1888,социально-бытовой,дворяне,3 лицо,,социальный,социальный,NOUN,1,0,,,,,
"Хрущев-Сокольников, Гавриил Александрович",мужской,0,Месть и золото,роман из уголовной хроники,0,Свет,,1888,,,3 лицо,,,,NOUN CONJ NOUN,3,0,,,,,
"Хрущев-Сокольников, Гавриил Александрович",мужской,0,Фараоны,большой роман из уголовной хроники,1,Свет,Санкт-Петербург,1889,уголовный,,,,уголовный,криминальный,NOUN,1,0,,,,,
"Хрущев-Сокольников, Гавриил Александрович",мужской,0,Грюнвальдский бой (Славяне и немцы),роман-хроника в 2-х частях,1,Отд. изд.,Санкт-Петербург,1889,исторический,аристократия прошлого,3 лицо,khrushov-sokolnikov_g_gryunvaldskij_boj_slavyane_i_nemzy_1889.xml,исторический,исторический,ADJF NOUN NOUN CONJ NOUN,5,0,исторический,военный,этнографический,,
"Хрущев-Сокольников, Гавриил Александрович",мужской,0,Гордиев узел,Роман из уголовной хроники Г.А. Хрущова-Сокольникова,0,Звезда,,1889,,,3 лицо,,,,NOUN NOUN,2,0,,,,,
"Хрущев-Сокольников, Гавриил Александрович",мужской,0,Москва без маски,Роман Г.А. Хрущова-Сокольникова.,1,Отд. изд.,Санкт-Петербург,1896,,дворяне,3 лицо,,,,NOUN PREP NOUN,3,0,,,,,
"Хрущев-Сокольников, Гавриил Александрович",мужской,0,Русские и немцы,большой исторический роман,0,Свет: сборник,,1911,,,,,,,ADJF CONJ NOUN,3,0,,,,,
"Хрущев-Сокольников, Гавриил Александрович",мужской,0,Джек – таинственный убийца,большой роман из англо-русской жизни,1,Отд. изд.,Санкт-Петербург,1912,,,,,,,NOUN ADJF NOUN,4,0,,,,,
"Худеков, Сергей Николаевич",мужской,0,Балетный мирок,Живые картинки,1,Отд. изд.,Санкт-Петербург,1870,,,3 лицо,,,,ADJF NOUN,2,0,,,,,
"Цеханович, Александр Николаевич",мужской,0,Новая сила,Роман А. Цехановича,0,Минута,,1888,,,3 лицо,,,,ADJF NOUN,2,0,,,,,
"Цеханович, Александр Николаевич",мужской,0,Звезда балета,Роман,0,Минута,,1889,,,3 лицо,,,,NOUN NOUN,2,0,,,,,
"Цеханович, Александр Николаевич",мужской,0,Драма в стенах больницы,Роман-хроника,1,Отд. изд.,Санкт-Петербург,1890,,,,,,,NOUN PREP NOUN NOUN,4,0,,,,,
"Цеханович, Александр Николаевич",мужской,0,Метеор,роман,0,"Романы оригинальные и переводные. Бесплатное прил. к газ. ,,Луч“",,1891,,,,,,,NOUN,1,0,,,,,
"Цеханович, Александр Николаевич",мужской,0,Русский Рокамболь,Роман из столичной жизни А. Цехановича,0,Петербургская газета,,1891,,,3 лицо,zekhanovich_a_russkij_rokambol_1891.xml,,,ADJF NOUN,2,0,авантюрный,приключенческий,уголовный,детективный,
"Цеханович, Александр Николаевич",мужской,0,Вокруг миллиона,Роман А. Цехановича,0,"Романы оригинальные и переводные. Бесплатное прил. к газ. ,,Луч“",,1892,,,3 лицо,,,,ADVB NOUN,2,0,,,,,
"Цеханович, Александр Николаевич",мужской,0,Петербургская Нана,Роман А. Цехановича,1,Петербургская газета,Санкт-Петербург,1893,,,3 лицо,,,,ADJF NOUN,2,0,,,,,
"Цеханович, Александр Николаевич",мужской,0,В больнице,Роман,0,"Романы оригинальные и переводные. Бесплатное прил. к газ. ,,Луч“",,1893,,,3 лицо,,,,PREP NOUN,2,0,,,,,
"Цеханович, Александр Николаевич",мужской,0,Выходец из могилы,"Роман А. Цехановича (Продолжение романа ""Русский Ракамболь"")",0,"Романы оригинальные и переводные. Бесплатное прил. к газ. ,,Луч“",,1893,,,3 лицо,,,,NOUN PREP NOUN,3,0,,,,,
"Цеханович, Александр Николаевич",мужской,0,Страшное дело,Роман,0,Петербургский листок,,1894,,,3 лицо,zekhanovich_a_strashnoe_delo_1894.xml,,,ADJF NOUN,2,0,детективный,социально-психологический,уголовный,,
"Цеханович, Александр Николаевич",мужской,0,Темный Петербург,Роман,0,"Романы оригинальные и переводные. Бесплатное прил. к газ. ,,Луч“",,1895,,,,,,,ADJF NOUN,2,0,,,,,
"Цеханович, Александр Николаевич",мужской,0,Кровавый туз,Роман А. Цехановича,0,Петербургская газета,,1895,,,3 лицо,,,,ADJF NOUN,2,0,,,,,
"Цеханович, Александр Николаевич",мужской,0,В дебрях таинственного,Роман А. Цехановича,0,Петербургская газета,,1895,,,3 лицо,,,,PREP NOUN ADJF,3,0,,,,,
"Цеханович, Александр Николаевич",мужской,0,Доктор Курганов,Роман из быта врачей,1,Отд. изд.,Санкт-Петербург,1901,,,,,,,NOUN NOUN,2,0,,,,,
"Цеханович, Александр Николаевич",мужской,0,Богатырь-Кирилла,na,1,Отд. изд.,Санкт-Петербург,1901,,,,,,,NOUN,1,0,,,,,
"Цеханович, Александр Николаевич",мужской,0,Убийственная любовь,Роман,1,Отд. изд.,Санкт-Петербург,1902,,,,,,,ADJF NOUN,2,0,,,,,
"Цеханович, Александр Николаевич",мужской,0,Лишние люди,Роман А.Н. Цехановича,1,Отд. изд.,Санкт-Петербург,1903,,,,,,,ADJF NOUN,2,0,,,,,
"Чаев, Николай Александрович",мужской,0,Подспудные силы,Роман в 2 частях,1,Русский Вестник; Отд. изд,Москва,1870,,,3 лицо,chaev_n_podspudnye_sily_1870.xml,,,ADJF NOUN,2,0,социально-психологический,исторический,,,
"Чаев, Николай Александрович",мужской,0,Богатыри,Роман в трех частях из времен императора Павла,0,Беседа,,1872,"историческая повесть, xviii в., времена павла i",аристократия прошлого,3 лицо,,исторический,исторический,NOUN,1,0,,,,,
"Червинский, Федор Алексеевич",мужской,0,Пустоцвет,Роман,0,Живописное обозрение,,1900,,,3 лицо,,,,NOUN,1,0,,,,,
"Череванский, Владимир Павлович",мужской,0,Марица,,0,Петербургский вестник,,1861,,,3 лицо,,,,NOUN,1,0,,,,,
"Череванский, Владимир Павлович",мужской,0,Мозг и сердце,na,0,Сын отечества,,1863,социально-психологический,актеры,,,социальный,социальный,NOUN CONJ NOUN,3,0,,,,,
"Череванский, Владимир Павлович",мужской,0,Любовь под боевым огнем,Историческая хроника,1,Отд. изд.,Санкт-Петербург,1896,,,,,,,NOUN PREP NOUN NOUN,4,0,,,,,
"Череванский, Владимир Павлович",мужской,0,Первая русская царица,Повесть из времен Иоанна Грозного,1,Отд. изд.,Санкт-Петербург,1913,,,,,,,ADJF ADJF NOUN,3,0,,,,,
"Черневский, Р.",мужской,0,Повесть о непреоборимой любви Адаманта к Дафнисе,,1,Отд. изд.,Санкт-Петербург,1793,,,,,,,NOUN PREP ADJF NOUN NOUN PREP NOUN,7,0,,,,,
"Чернышевский, Николай Гаврилович",мужской,0,Что делать?,Из рассказов о новых людях,1,Современник,Женева,1863,социально-психологический,"Революционеры, разночинцы",3 лицо,chernyshevskij_n_chto_delat_1863.xml,социальный,социальный,CONJ INFN,2,1,дидактический,идеологический,утопический,философский,
"Чернышевский, Николай Гаврилович",мужской,0,Пролог,Роман в 2 ч,1,Отд. изд.,Лондон,1877,социально-психологический,дворяне,3 лицо,chernyshevskij_n_prolog_1877.xml,социальный,социальный,NOUN,1,0,политический,дидактический,идеологический,,
"Чехов, Антон Павлович",мужской,0,Драма на охоте,Истинное происшествие,0,Новости дня,,1884,"детективный, социально-психологический","чиновники, граф",1 лицо,chekhov_a_drama_na_okhote_1884.xml,детективный,криминальный,NOUN PREP NOUN,3,1,детективный,социально-психологический,пародийный,,
"Чириков, Евгений Николаевич",мужской,0,Юность,"роман-трилогия, ч.1",0,Вестник Европы,,1911,роман воспитания,,1 лицо,chirikov_e_yunost_1911.xml,воспитания,воспитания,NOUN,1,0,роман воспитания,социально-психологический,,,
"Чириков, Евгений Николаевич",мужской,0,Изгнание,"роман-трилогия, ч.2",0,Вестник Европы,,1912,роман воспитания,,1 лицо,,воспитания,воспитания,NOUN,1,0,,,,,
"Чириков, Евгений Николаевич",мужской,0,Возвращение,роман,0,Вестник Европы,,1914,"роман воспитания, становления писателя",,,,воспитания,воспитания,NOUN,1,0,,,,,
Чириков Евгений Николаевич,мужской,0,Семья,роман,1,Отд. изд.,Берлин,1924,"роман воспитания, становления писателя",,1 лицо,,воспитания,воспитания,NOUN,1,0,,,,,
Чириков Евгений Николаевич,мужской,0,Зверь из бездны,роман,1,Отд. изд.,Прага,1926,"о гражданской войне, братья-офицеры",офицеры,3 лицо,,военный,исторический,NOUN PREP NOUN,3,0,,,,,
"Чистяков, Михаил Борисович",мужской,0,"Святослав, князь Липецкий",повесть,1,Отд. изд.,Санкт-Петербург,1871,историческая повесть,аристократия прошлого,3 лицо,chistyakov_m_svyatoslav_knyaz_lipezkij_1871.xml,исторический,исторический,NOUN NOUN ADJF,3,0,исторический,авантюрный,,,
"Чмырев, Николай Андреевич",мужской,0,Раскольничьи мученицы,Исторический роман из эпохи церковных смут в 3 частях,1,Отд. изд.,Москва,1880,исторический,легендарные исторические фигуры,,,исторический,исторический,ADJF NOUN,2,0,,,,,
"Чмырев, Николай Андреевич",мужской,0,Развенчанная невеста. Первая невеста первого царя из дома Романовых,Историческая повесть,1,Отд. изд.,Санкт-Петербург,1880,исторический,легендарные исторические фигуры,3 лицо,,исторический,исторический,PRTF NOUN ADJF NOUN NOUN NOUN PREP NOUN NOUN,9,0,,,,,
"Чмырев, Николай Андреевич",мужской,0,Во святой обители,Исторический роман из времен Петра Великого в 4 ч.,1,Отд. изд.,Москва,1883,исторический роман,"дворяне, исторические фигуры (Петр 1)",,,исторический,исторический,PREP ADJF NOUN,3,0,,,,,
"Чмырев, Николай Андреевич",мужской,0,"Ермак, атаман волжских разбойников, князь Сибирский",Исторический роман из времен Иоанна Грозного в 4 частях,1,Отд. изд.,Москва,1884,исторический роман; россия времен ивана грозного,"Военные, легендарная историческая фигура",3 лицо,,исторический,исторический,NOUN NOUN ADJF NOUN NOUN ADJF,6,0,,,,,
"Чмырев, Николай Андреевич",мужской,0,Александр Невский и Новгородская вольница,Исторический роман,1,Отд. изд.,Москва,1885,исторический роман; россия времен александра невского,Легендарная историческая фигура,3 лицо,chmyrev_n_aleksandr_nevskij_i_novgorodskaya_volniza_1885.xml,исторический,исторический,NOUN NOUN CONJ ADJF NOUN,5,0,исторический,биографический,политический,,
"Чулков, Михаил Дмитриевич",мужской,0,"Пересмешник, или Славенские сказки",,1,Отд. изд.,Санкт-Петербург,1766,,духовенство,3 лицо,chulkov_m_peresmeshnik_ili_slavenskie_skazki_1766.xml,,,NOUN CONJ ADJF NOUN,4,0,авантюрный,сатирический,плутовской,фольклорный,
"Чулков, Михаил Дмитриевич",мужской,0,"Пригожая повариха, или Похождение развратной женщины",,1,Отд. изд.,Санкт-Петербург,1770,"любовный, авантюрный","дворяне, помещики",1 лицо,chulkov_m_prigozhaya_povarikha_ili_pokhozhdenie_razvratnoj_zhenshiny_1770.xml,любовный,любовный,ADJF NOUN CONJ NOUN ADJF NOUN,6,0,любовный,авантюрный,плутовской,бытовой,
"Чуровский, Александр Иванович",мужской,0,"Ведьма, или Страшные ночи за Днепром","Русский роман, взятый из народного предания",1,Отд. изд.,Москва,1834,"фантастический, времена екатерины 2",Дворяне,3 лицо,,фантастический,фантастический,NOUN CONJ ADJF NOUN PREP NOUN,6,0,,,,,
"Чуровский, Александр Иванович",мужской,0,"Черный кощей, или Заднепровский хутор у лунной горы",Русский роман из времен Петра Великого,1,Отд. изд.,Москва,1834,исторический роман,Дворяне,3 лицо,,исторический,исторический,NOUN NOUN CONJ ADJF NOUN PREP ADJF NOUN,8,0,,,,,
"Чуровский, Александр Иванович",мужской,0,"Атаман Буря, или Вольница заволжская",Русский роман из предания старины,1,Отд. изд.,Москва,1835,исторический роман,"купцы, разбойники",3 лицо,,исторический,исторический,NOUN NOUN CONJ NOUN ADJF,5,0,,,,,
"Чуровский, Александр Иванович",мужской,0,Запорожские наезды,Украинская быль времен гетманщины,1,Отд. изд.,Москва,1837,исторический роман,,,,исторический,исторический,ADJF NOUN,2,0,,,,,
"Чуровский, Александр Иванович",мужской,0,"Ротмистр-чернокнижник, или Москва в 1812 году",роман из походных записок артиллерийского полковника,1,Отд. изд.,Москва,1839,"исторический роман, война 1812 года",военные,3 лицо,,исторический,исторический,NOUN CONJ NOUN PREP NUMR NOUN,6,0,,,,,
"Шабельский, А.",женский,1,Горе побежденным,Роман в 3 частях,0,Дело,,1881,социально-психологический,"дворяне, буржуа, чиновники",3 лицо,,социальный,социальный,ADVB PRTF,2,0,,,,,
"Шапир, Ольга Андреевна",женский,0,Одна из многих,Роман,0,Отечественные записки,,1879,социально-психологический,дворяне,3 лицо,shapir_o_odna_iz_mnogikh_1879.xml,социальный,социальный,ADJF PREP ADJF,3,0,социально-психологический,феминистский,,,
"Шапир, Ольга Андреевна",женский,0,Антиподы,Роман,0,Отечественные записки,,1880,социально-психологический,дворяне,3 лицо,shapir_o_antipody_1880.xml,социальный,социальный,NOUN,1,0,социально-психологический,идеологический,,,
"Шапир, Ольга Андреевна",женский,0,Без любви,Роман,0,Вестник Европы,,1886,"социально-психологический, любовный","чиновники, разночинцы",3 лицо,,социальный,социальный,PREP NOUN,2,0,,,,,
"Шардин, А. (псевд.)",мужской,1,"Род князей Зацепиных, или Борьба начал",Исторический роман,0,Русская речь,,1880,исторический,"аристократия прошлого, легендарные исторические фигуры",3 лицо,sukhonin_p_rod_knyazej_zazepinykh_ili_borba_nachal_1880.xml,исторический,исторический,NOUN NOUN NOUN CONJ NOUN VERB,6,0,исторический,семейный,,,
"Шардин, А. (псевд.)",мужской,1,"Княжна Владимирская (Тараканова), или Зацепинские капиталы",Исторический роман в 4 частях [в изд 1882],0,Русская речь,,1881,исторический,легендарные исторические фигуры,3 лицо,sukhonin_p_knyazhna_vladimirskaya_tarakanova_ili_zazepinskie_kapitaly_1881.xml,исторический,исторический,NOUN ADJF NOUN CONJ ADJF NOUN,6,0,исторический,авантюрный,биографический,,
"Шардин, А. (псевд.)",мужской,1,На рубеже столетий,Исторический роман,0,Век,,1883,исторический роман,"аристократия прошлого, легендарные исторические фигуры (Екатерина II)",3 лицо,sukhonin_p_na_rubezhe_stoletij_1883.xml,исторический,исторический,PREP NOUN NOUN,3,0,исторический,политический,,,
"Шаховская, Людмила Дмитриевна",женский,0,Карфаген и Рим,Исторический роман в 3 частях,1,Отд. изд.,Москва,1881,исторический,,,,исторический,исторический,NOUN CONJ NOUN,3,0,,,,,
"Шаховская, Людмила Дмитриевна",женский,0,"Сивилла, волшебница Кумского грота",Исторический роман,1,Отд. изд.,Москва,1881,исторический,римляне,3 лицо,shakhovskaya_l_sivilla_volshebniza_kumskogo_grota_1881.xml,исторический,исторический,NOUN NOUN ADJF NOUN,4,0,исторический,мистический,,,
"Шаховская, Людмила Дмитриевна",женский,0,Над бездной,Исторический роман эпохи Цицерона,1,Отд. изд.,Москва,1882,исторический,"Цицерон, Юлий Цезарь",3 лицо,shakhovskaya_l_nad_bezdnoj_1882.xml,исторический,исторический,PREP NOUN,2,0,исторический,психологический,философский,,
"Шаховская, Людмила Дмитриевна",женский,0,Жребий брошен,Исторический роман эпохи Юлия Цезаря,1,Отд. изд.,Москва,1884,"исторический, юлий цезарь",история в романах,3 лицо,shakhovskaya_l_zhrebij_broshen_1884.xml,исторический,исторический,NOUN PRTS,2,0,исторический,биографический,политический,философский,
"Шаховская, Людмила Дмитриевна",женский,0,Молодость Цезаря Октавиана Августа,исторический роман,1,Отд. изд.,Москва,1886,исторический,легендарные исторические фигуры,3 лицо,,исторический,исторический,NOUN NOUN NOUN NOUN,4,0,,,,,
"Шаховская, Людмила Дмитриевна",женский,0,Под властью Тиверия,роман,1,Отд. изд.,Москва,1886,исторический,легендарные исторические фигуры,3 лицо,,исторический,исторический,PREP NOUN NOUN,3,0,,,,,
"Шаховская, Людмила Дмитриевна",женский,0,Нерон,исторический роман,1,Отд. изд.,Москва,1889,исторический,,,,исторический,исторический,NOUN,1,0,,,,,
"Шаховская, Людмила Дмитриевна",женский,0,Весталка,Исторический роман,1,Отд. изд.,Москва,1890,исторический,,,,исторический,исторический,NOUN,1,0,,,,,
"Шаховская, Людмила Дмитриевна",женский,0,Кесарь Адриан,Исторический роман,1,Отд. изд.,Москва,1896,исторический,,,,исторический,исторический,NOUN NOUN,2,0,,,,,
"Шаховская, Людмила Дмитриевна",женский,0,Лев-победитель,Первый в русской литературе исторический роман из абиссинской жизни,1,Отд. изд.,Санкт-Петербург,1898,исторический роман,,,,исторический,исторический,NOUN,1,0,,,,,
"Шеллер-Михайлов, Александр Константинович",мужской,1,Гнилые болота. История без героя,История без героя,0,Современник,,1864,семейная хроника,Дворяне,1 лицо,sheller-mikhajlov_a_gnilye_bolota_1864.xml,семейный,семейный,ADJF NOUN NOUN PREP NOUN,5,0,семейный,социально-психологический,хроникальный,,
"Шеллер-Михайлов, Александр Константинович",мужской,1,"Жизнь Шупова, его родных и знакомых",Автобиография,0,Современник,,1865,семейная хроника,дворяне,1 лицо,sheller-mikhajlov_a_zhizn_shupova_ego_rodnykh_i_znakomykh_1865.xml,семейный,семейный,NOUN NOUN NPRO NOUN CONJ ADJF,6,0,семейный,хроникальный,бытовой,,
"Шеллер-Михайлов, Александр Константинович",мужской,1,В чаду глубоких соображений,Роман. Дюжинная история с дюжинными героями,0,Женский вестник,,1866,,,3 лицо,,,,PREP NOUN ADJF NOUN,4,0,,,,,
"Шеллер-Михайлов, Александр Константинович",мужской,1,Засоренные дороги,Повесть,0,Русское слово; Дело,,1866,,,3 лицо,sheller-mikhajlov_a_zasorennye_dorogi_1866.xml,,,PRTF NOUN,2,0,бытовой,идеологический,нравоописательный,,
"Шеллер-Михайлов, Александр Константинович",мужской,1,Господа Обносковы,Роман,0,Дело,,1868,социально-психологический,дворяне,3 лицо,sheller-mikhajlov_a_gospoda_obnoskovy_1868.xml,социальный,социальный,NOUN NOUN,2,0,социально-психологический,семейный,бытовой,,
"Шеллер-Михайлов, Александр Константинович",мужской,1,Вразброд,Роман,0,Дело,,1869,семейная хроника,дворяне,1 лицо,sheller-mikhajlov_a_vrazbrod_1869.xml,семейный,семейный,ADVB,1,0,семейный,хроникальный,социально-психологический,,
"Шеллер-Михайлов, Александр Константинович",мужской,1,Лес рубят - щепки летят,Роман,0,Дело,,1871,социально-психологический,рабочие,3 лицо,sheller-mikhajlov_a_les_rubyat__shepki_letyat_1871.xml,социальный,социальный,NOUN VERB NOUN VERB,5,0,социально-психологический,идеологический,бытовой,,
"Шеллер-Михайлов, Александр Константинович",мужской,1,Старые гнезда,Роман,0,Дело,,1875,,"дворяне, крестьяне",3 лицо,sheller-mikhajlov_a_starye_gnezda_1875.xml,,,NOUN NOUN,2,0,семейный,бытовой,,,
"Шеллер-Михайлов, Александр Константинович",мужской,1,Хлеба и зрелищ,Роман,0,Дело,,1876,,дворяне,3 лицо,sheller-mikhajlov_a_khleba_i_zrelish_1876.xml,,,NOUN CONJ NOUN,3,0,нравоучительный,идеологический,,,
"Шеллер-Михайлов, Александр Константинович",мужской,1,Беспечальное житье,Роман,0,Дело,,1878,,,3 лицо,sheller-mikhajlov_a_bespechalnoe_zhite_1878.xml,,,ADJF NOUN,2,0,бытовой,нравоописательный,,,
"Шеллер-Михайлов, Александр Константинович",мужской,1,Чужие грехи,Роман в трех книгах,1,Отд. изд.,Санкт-Петербург,1880,социально-психологический,дворянство,3 лицо,sheller-mikhajlov_a_chuzhie_grekhi_1880.xml,социальный,социальный,NOUN NOUN,2,0,социально-психологический,семейный,нравоучительный,бытовой,
"Шеллер-Михайлов, Александр Константинович",мужской,1,Голь,Роман,0,Русская мысль,,1882,"социально-бытовой, дидактический роман","дворяне, разночинцы",3 лицо,sheller-mikhajlov_a_gol_1882.xml,социальный,социальный,NOUN,1,0,бытовой,нравоучительный,дидактический,,
"Шеллер-Михайлов, Александр Константинович",мужской,1,Над обрывом,Роман,0,Живописное обозрение,,1883,"социальный, семейная драма (оскудение дворянских гнезд)","дворяне, разночинцы",3 лицо,sheller-mikhajlov_a_nad_obryvom_1883.xml,социальный,социальный,PREP NOUN,2,0,социально-психологический,семейный,бытовой,,
"Шеллер-Михайлов, Александр Константинович",мужской,1,"И молотом, и золотом",Роман,0,Живописное обозрение,,1884,"цикл ""семья муратовых"", социально-психологический",дворяне,3 лицо,sheller-mikhajlov_a_i_molotom_i_zolotom_1884.xml,психологический,психологический,CONJ ADJF CONJ NOUN,4,0,социально-психологический,семейный,бытовой,,
"Шеллер-Михайлов, Александр Константинович",мужской,1,Наша первая любовь,роман,1,Отд. изд.,Санкт-Петербург,1884,"социально-психологический, любовный",дворяне,1 лицо,sheller-mikhajlov_a_nasha_pervaya_lyubov_1884.xml,социальный,социальный,ADJF ADJF NOUN,3,0,социально-психологический,любовный,роман воспитания,,
"Шеллер-Михайлов, Александр Константинович",мужской,1,Господин пророк,Роман,0,Живописное обозрение,,1885,роман воспитания,"разночинцы, чиновники",1 лицо,sheller-mikhajlov_a_gospodin_prorok_1885.xml,воспитания,воспитания,NOUN NOUN,2,0,роман воспитания,идеологический,сатирический,,
"Шеллер-Михайлов, Александр Константинович",мужской,1,Алчущие,роман,0,Живописное обозрение,,1887,социально-психологический,дворяне,3 лицо,sheller-mikhajlov_a_alchushie_1887.xml,социальный,социальный,PRTF,1,0,социально-психологический,идеологический,нравоописательный,,
"Шеллер-Михайлов, Александр Константинович",мужской,1,Отщепенец,роман,0,Живописное обозрение,,1888,,,3 лицо,sheller-mikhajlov_a_otshepenez_1888.xml,,,NOUN,1,0,социально-психологический,идеологический,нравоописательный,,
"Шеллер-Михайлов, Александр Константинович",мужской,1,Из-за власти,роман-хроника,0,Живописное обозрение,,1889,исторический,,,,исторический,исторический,PREP NOUN,2,0,,,,,
"Шеллер-Михайлов, Александр Константинович",мужской,1,Победители,роман,0,Северный вестник,,1889,любовный,чиновники,3 лицо,sheller-mikhajlov_a_pobediteli_1889.xml,любовный,любовный,NOUN,1,0,любовный,социально-психологический,бытовой,,
"Шеллер-Михайлов, Александр Константинович",мужской,1,Дворец и монастырь,исторический роман-хроника времен Великого князя Василия Ивановича и царя Иоанна Грозного,0,Живописное обозрение,,1890,исторический,аристократия прошлого,3 лицо,sheller-mikhajlov_a_dvorez_i_monastyr_1890.xml,исторический,исторический,NOUN CONJ NOUN,3,0,исторический,религиозный,политический,,
"Шеллер-Михайлов, Александр Константинович",мужской,1,Ртищев,роман в 3-х частях,0,Северный вестник,,1890,исторический,эмигранты,3 лицо,sheller-mikhajlov_a_rtishev_1890.xml,исторический,исторический,NOUN,1,0,исторический,биографический,авантюрный,,
"Шеллер-Михайлов, Александр Константинович",мужской,1,Зачумленные,Роман,0,Живописное обозрение,,1893,,,,,,,NOUN,1,0,,,,,
"Шеллер-Михайлов, Александр Константинович",мужской,1,Совесть,Роман,0,Наблюдатель,,1893,"философский, социально-психологический","духовенство, дворяне",3 лицо,,философский,философский,NOUN,1,0,,,,,
"Шеллер-Михайлов, Александр Константинович",мужской,1,Тернистый путь,Роман Михайлова (А. К. Шеллера),0,Живописное обозрение,,1895,,,3 лицо,,,,ADJF NOUN,2,0,,,,,
"Шелонский, Николай Николаевич",мужской,0,В мире будущего,фантастический роман,0,Вокруг света (ежемесячное приложение),,1892,"фантастика, утопия",,3 лицо,shelonskij_n_v_mire_budushego_1892.xml,фантастический,фантастический,PREP NOUN NOUN,3,0,фантастический,утопический,философский,,
"Шелонский, Николай Николаевич",мужской,0,За крест и родину,Роман из эпохи борьбы за освобождение Греции: в 3 ч.,1,Отд. изд.,Москва,1893,исторический,,,,исторический,исторический,PREP NOUN CONJ NOUN,4,0,,,,,
"Шелонский, Николай Николаевич",мужской,0,Севастополь в осаде,Роман-хроника,1,Отд. изд.,Москва,1898,"исторический, военные",,,,исторический,исторический,NOUN PREP NOUN,3,0,,,,,
"Шелонский, Николай Николаевич",мужской,0,Братья Святого Креста,Роман,1,Отд. изд.,Москва,1898,"исторический, фантастика, авантюрный","народности и этнические группы (древние египтяне, ассасины, крестоносцы)",3 лицо,shelonskij_n_bratya_svyatogo_kresta_1898.xml,исторический,исторический,NOUN ADJF NOUN,3,0,исторический,фантастический,авантюрный,мистический,
"Шилов, В.",женский,1,Лобановщина,роман,0,Вестник Европы,,1890,семейная хроника,крестьяне,,,семейный,семейный,NOUN,1,0,,,,,
"Шишкина, Олимпиада Петровна",женский,0,"Князь Скопин-Шуйский, или Россия в начале XVII столетия",Сочинение О. Шишкиной. В четырех частях,1,Отд. изд.,Санкт-Петербург,1835,исторический роман; россия начала xvii в.,,3 лицо,,исторический,исторический,NOUN NOUN CONJ NOUN PREP NOUN NUMR NOUN,8,0,,,,,
"Шишкина, Олимпиада Петровна",женский,0,"Прокопий Ляпунов, или междуцарствие в России","Продолжение ""Князя Скопина-Шуйского"", сочинение того же автора",1,Отд. изд.,Санкт-Петербург,1845,исторический роман; россия времен смуты,,3 лицо,shishkina_o_prokopij_lyapunov_ili_mezhduzarstvie_v_rossii_1845.xml,исторический,исторический,NOUN NOUN CONJ NOUN PREP NOUN,6,0,исторический,авантюрный,,,
Шишова Зинаида Константиновна,женский,0,Великое плаванье,?,1,Отд. изд.,М,1940,,,,,,,NOUN NOUN,2,0,,,,,
Шишова Зинаида Константиновна,женский,0,Джек-Соломинка,нет,1,Отд. изд.,"М., СПб",1943,,,,,,,NOUN,1,0,,,,,
Шишова Зинаида Константиновна,женский,0,Путешествие в страну Офир,?,1,Отд. изд.,М,1977,,,,,,,NOUN PREP NOUN NOUN,4,0,,,,,
Шкловский И. В.,мужской,0,Когда боги ушли,?,1,Отд. Изд.,М.-Б.,1923,"автобиографический, эмигранты",,,,автобиографический,биографический,CONJ NOUN VERB,3,0,,,,,
"Шкляревский, Александр Андреевич",мужской,0,Князь Амалат-Бек,Роман из уголовной хроники,1,Отд. изд.,Санкт-Петербург,1882,уголовный,чиновники,,,уголовный,криминальный,NOUN NOUN,2,0,,,,,
"Шкляревский, Александр Андреевич",мужской,0,Новая метла,Уголовный роман,1,Отд. изд.,Санкт-Петербург,1886,"уголовный, детективный",аристократы,3 лицо,,уголовный,криминальный,ADJF NOUN,2,0,,,,,
"Шлиппенбах, Габриэль",мужской,0,Наследник Субботина,Роман,0,Всеобщая библиотека. Бесплатн. прилож. к журн. «Всемирная новь,,1910,,,,,,,NOUN NOUN,2,0,,,,,
"Шрекник, Евгений Федорович",мужской,0,Соперники,Исторический роман из времен царствования Василия Шуйского,1,Отд. изд.,Санкт-Петербург,1892,исторический,аристократия прошлого,3 лицо,,исторический,исторический,NOUN,1,0,,,,,
"Шрекник, Евгений Федорович",мужской,0,Христофор Колумб,Оригинальный исторический роман из эпохи открытия Америки,1,Отд. изд.,Санкт-Петербург,1893,исторический роман; открытие америки,исторический персонаж,,,исторический,исторический,NOUN NOUN,2,0,,,,,
"Штевен, Иван Петрович",мужской,0,"Провидение, или Событие XVIII века",Сочинение И. Штевена,1,Отд. изд.,Санкт-Петербург,1837,исторический роман,,3 лицо,,исторический,исторический,NOUN CONJ NOUN NUMR NOUN,5,0,,,,,
"Штевен, Иван Петрович",мужской,0,"Цыган, или Ужасная месть",Происшествие минувшего столетия: в 2 частях,1,Отд. изд.,Санкт-Петербург,1838,исторический роман,"цыгане, рыбаки, дворяне",3 лицо,,исторический,исторический,NOUN CONJ ADJF NOUN,4,0,,,,,
"Штевен, Иван Петрович",мужской,0,Солнечный луч. Происшествие из времени Екатерины II,роман в 5 частях,1,Отд. изд.,Санкт-Петербург,1841,"исторический роман, уголовный","военные, дворяне",3 лицо,shteven_i_solnechnyj_luch_proisshestvie_iz_vremeni_ekateriny__1841.xml,исторический,исторический,ADJF NOUN NOUN PREP NOUN NOUN NUMR,7,0,исторический,уголовный,авантюрный,,
"Щепкина, Александра Владимировна",женский,0,На заре,Очерк из быта времен Елизаветы,1,Отд. изд.,Москва,1886,исторический,дворяне,3 лицо,,исторический,исторический,PREP NOUN,2,0,,,,,
"Щепкина, Александра Владимировна",женский,0,Бояре Стародубские,Исторический роман из времен царя Алексея Михайловича,1,Отд. изд.,Москва,1897,исторический,"военные, дворяне",3 лицо,,исторический,исторический,NOUN ADJF,2,0,,,,,
"Щербатов, Михаил Михайлович",мужской,0,"Путешествие в землю Офирскую господина С..., шведского дворянина",,1,Отд. изд. (СС),Санкт-Петербург,1784,социально-психологический,дворяне,1 лицо,,социальный,социальный,NOUN PREP NOUN ADJF NOUN PREP ADJF NOUN,8,0,,,,,
"Эвальд, Аркадий Васильевич",мужской,0,Император Византии,Исторический роман из эпохи имп. Александра I,1,Отд. изд.,Санкт-Петербург,1881,исторический,,,,исторический,исторический,NOUN NOUN,2,0,,,,,
"Эвальд, Аркадий Васильевич",мужской,0,Из-за наследства,Уголовный роман,0,Петербургский Листок,,1887,детективный,,3 лицо,,детективный,криминальный,PREP NOUN,2,0,,,,,
"Эвальд, Аркадий Васильевич",мужской,0,Завещание,Роман из петербургской жизни,0,Петербургский Листок,,1892,уголовный,,,,уголовный,криминальный,NOUN,1,0,,,,,
"Эльснер, Анатолий Оттович",мужской,1,"Грозный идол, или Строители ада на земле",социальный роман,1,Отд. изд.,Санкт-Петербург,1907,"фантастика, утопия, антиутопия, социальный, аллегория",,,,фантастический,фантастический,NOUN NOUN CONJ NOUN NOUN PREP NOUN,7,0,,,,,
"Эльснер-Коранский, Анатолий Оттович",мужской,1,Железный доктор,Роман,1,Отд. изд.,Санкт-Петербург,1903,детективный,,3 лицо,elsner-koranskij_a_zheleznyj_doktor_1903.xml,детективный,криминальный,ADJF NOUN,2,0,детективный,фантастический,авантюрный,,
"Эльснер-Коранский, Анатолий Оттович",мужской,1,Бес ликующий,Роман,1,Отд. изд.,Санкт-Петербург,1916,,,3 лицо,,,,NOUN ADJF,2,0,,,,,
"Эмин, Николай Федорович",мужской,0,Роза,полусправедливая повесть,1,Отд. изд.,Санкт-Петербург,1786,социально-психологический,аристократия прошлого,в письмах,,социальный,социальный,NOUN,1,0,,,,,
"Эмин, Николай Федорович",мужской,0,Игра судьбы,,1,Отд. изд.,Санкт-Петербург,1789,"любовный, авантюрный","дворяне,помещики",в письмах,,любовный,любовный,NOUN NOUN,2,0,,,,,
"Эмин, Федор Александрович",мужской,0,"Награждённая постоянность, или Приключения Лизарка и Сарманды",Сочинения Федора Эмина,1,Отд. изд.,Санкт-Петербург,1763,любовный,дворяне,3 лицо,,любовный,любовный,PRTF NOUN CONJ NOUN NOUN CONJ NOUN,7,0,,,,,
"Эмин, Федор Александрович",мужской,0,"Непостоянная фортуна, или Похождения Мирамонда",,1,Отд. изд.,Санкт-Петербург,1763,авантюрный,дворяне,3 лицо,,авантюрный,приключенческий,ADJF NOUN CONJ NOUN NOUN,5,0,,,,,
"Эмин, Федор Александрович",мужской,0,"Приключения Фемистокла и разные политические, гражданские, философические, физические и военные его с сыном своим разговоры, постоянная жизнь и жестокость фортуны, его гонящей",,1,Отд. изд.,Санкт-Петербург,1763,исторический,легендарные исторические фигуры,3 лицо,,исторический,исторический,NOUN VERB CONJ ADJF ADJF ADJF ADJF ADJF CONJ NOUN NPRO PREP NOUN ADJF NOUN ADJF NOUN CONJ NOUN NOUN NPRO PRTF,22,0,,,,,
"Эмин, Федор Александрович",мужской,0,Письма Эрнеста и Доравры,,1,Отд. изд.,Санкт-Петербург,1766,"философский, любовный",дворяне,в письмах,,философский,философский,NOUN NOUN CONJ NOUN,4,0,,,,,
Энпе,мужской,1,История одного преступления: (Власть сердца),Из воспоминаний судеб. следователя Н.Е. П-ва.,1,Отд. изд.,Москва,1903,,,,,,,NOUN ADJF NOUN NOUN NOUN,5,0,,,,,
Энпе,мужской,1,Отмщение,Из мира погибших: Роман,1,Отд. изд.,Москва,1904,,,,,,,NOUN,1,0,,,,,
"Эртель, Александр Иванович",мужской,0,"Гарденины, их дворня, приверженцы и враги",роман,0,Русская мысль,,1889,социально-психологический,"дворяне, крестьяне",3 лицо,ertel_a_gardeniny_ikh_dvornya_priverzhenzy_i_vragi_1889.xml,социальный,социальный,NOUN NPRO NOUN NOUN CONJ NOUN,6,0,социально-психологический,бытовой,семейный,хроникальный,
"Эртель, Александр Иванович",мужской,0,Смена,роман,0,Русская мысль,,1891,социально-психологический,"дворяне, крестьяне",3 лицо,ertel_a_smena_1891.xml,социальный,социальный,NOUN,1,0,социально-психологический,идеологический,бытовой,,
"Яблочкова, Елизавета Никитична",женский,0,Шигоны,"Русская повесть XVI столетия. С точным описанием житья-бытья русских бояр, их прибытия в отчины, покорность жен, пиры вельможей и наконец царская вечеринка. Мимоходом замечены монахи того времени, их поклонницы, не забыты и истинно святые мужи, как-то старцы: Симеон Курбский, Вассиан Патрикеев и Максим Грек в достоверную эпоху вторичного брака Царя Василия Иоанновича",1,Отд. изд.,Москва,1834,исторический роман,"бояре, монахи, Симеон",3 лицо,,исторический,исторический,NOUN,1,0,,,,,
"Яковлев, Павел Лукьянович",мужской,0,Удивительный человек!,,1,Отд. изд.,Москва,1831,исторический,,,,исторический,исторический,ADJF NOUN,2,0,,,,,
"Янов, А.Д.",мужской,1,Директор-Прошка,"(хроника сада ""Альгамбра"") Роман в 3-х частях из увеселительной жизни Петербурга. А. Д. Янова.",0,Петербургский листок,,1898,"криминальный, уголовники",,3 лицо,,криминальный,криминальный,NOUN,1,0,,,,,
"Янов, А.Д.",мужской,1,Из-за денег,Роман из петербургской жизни в 3-х частях. А. Д. Янова.,0,Петербургский листок,,1898,"криминальный, уголовники",,3 лицо,,криминальный,криминальный,PREP NOUN,2,0,,,,,
"Янов, А.Д.",мужской,1,Под гнётом раскола,роман из современной жизни в 2- х частях. А. Д. Янова.,0,Петербургский листок,,1900,"криминальный, уголовники",,3 лицо,,криминальный,криминальный,PREP NOUN NOUN,3,0,,,,,
"Янов, А.Д.",мужской,1,Мужья и жёны,роман из современной московской жизни в 2-х частях,0,Русское слово,,1901,семейный,разночинцы,3 лицо,,семейный,семейный,NOUN CONJ NOUN,3,0,,,,,
"Янов, А.Д.",мужской,1,Горюны,Роман из современной петербургской жизни в 2-х частях А. Д. Янова.,0,Петербургский листок,,1901,"криминальный, уголовники",,3 лицо,,криминальный,криминальный,NOUN,1,0,,,,,
"Янов, А.Д.",мужской,1,Падчерица,Роман из современной жизни в 2-х частях. Сергея Нарского,0,Петербургский листок,,1901,детективный,криминальный мир,3 лицо,,детективный,криминальный,NOUN,1,0,,,,,
"Янов, А.Д.",мужской,1,Золотые мухи,Роман-хроника А. Д. Янова.,0,Петербургский Листок,,1902,,,3 лицо,,,,NOUN NOUN,2,0,,,,,
"Ясинский, Иероним Иеронимович",мужской,0,Добрая фея,роман,0,Новь,,1885,"теория малых дел, народничество",,,,народнический,социальный,ADJF NOUN,2,0,,,,,
"Ясинский, Иероним Иеронимович",мужской,0,Путеводная звезда,,1,Отд. изд.,Киев,1886,социально-психологический,,3 лицо,,социальный,социальный,ADJF NOUN,2,0,,,,,
"Ясинский, Иероним Иеронимович",мужской,0,Старый сад,,1,Отд. изд.,Киев,1886,социально-психологический,"дворяне, крестьяне",3 лицо,yasinskij_i_staryj_sad_1886.xml,социальный,социальный,ADJF NOUN,2,0,социально-психологический,бытовой,,,
"Ясинский, Иероним Иеронимович",мужской,0,Иринарх Плутархов,роман,0,Новь,,1886,сатирический роман-памфлет,писатели. критики,3 лицо,,сатирический,юмористический,NOUN NOUN,2,0,,,,,
"Ясинский, Иероним Иеронимович",мужской,0,Старый друг,роман,0,Вестник Европы,,1887,,,,,,,ADJF NOUN,2,0,,,,,
"Ясинский, Иероним Иеронимович",мужской,0,Великий человек,роман,0,Новь,,1887,,,,,,,ADJF NOUN,2,0,,,,,
"Ясинский, Иероним Иеронимович",мужской,0,Вечный праздник,роман,1,Отд. изд.,Санкт-Петербург,1888,,,,,,,ADJF NOUN,2,0,,,,,
"Ясинский, Иероним Иеронимович",мужской,0,Свет погас,роман,1,Наблюдатель,Самара,1889,,,,,,,NOUN VERB,2,0,,,,,
"Ясинский, Иероним Иеронимович",мужской,0,Трагики,роман,1,Отд. изд.,Санкт-Петербург,1889,,разночинцы (артисты/актёры),,,,,NOUN,1,0,,,,,
"Ясинский, Иероним Иеронимович",мужской,0,Клад,роман,0,Нива,,1890,,,,,,,NOUN,1,0,,,,,
"Ясинский, Иероним Иеронимович",мужской,0,На заре жизни,роман,0,Живописное обозрение,,1890,,,,,,,PREP NOUN NOUN,3,0,,,,,
"Ясинский, Иероним Иеронимович",мужской,0,Ординарный профессор,роман,0,Наблюдатель,,1891,социально-психологический,разночинцы,,,социальный,социальный,ADJF NOUN,2,0,,,,,
"Ясинский, Иероним Иеронимович",мужской,0,По горячим следам,роман,0,Труд. Вестник литературы и науки,,1892,,народности и этнические группы,,,,,PREP NOUN NOUN,3,0,,,,,
"Ясинский, Иероним Иеронимович",мужской,0,Петербургские туманы,роман,0,Наблюдатель,,1892,,,,,,,ADJF NOUN,2,0,,,,,
"Ясинский, Иероним Иеронимович",мужской,0,Лицемеры,роман,0,Наблюдатель,,1893,социально-психологический,дворяне,3 лицо,,социальный,социальный,NOUN,1,0,,,,,
"Ясинский, Иероним Иеронимович",мужской,0,Горный ручей,роман,0,Наблюдатель,,1894,из жизни критиков и журналистов,"критики, журналисты",3 лицо,,бытоописательный,описательный,ADJF NOUN,2,0,,,,,
"Ясинский, Иероним Иеронимович",мужской,0,Нечистая сила,роман,0,Родина,,1896,,,3 лицо,,,,ADJF NOUN,2,0,,,,,
"Ясинский, Иероним Иеронимович",мужской,0,Юрьева могила,роман,0,Свет,,1896,,,,,,,NOUN NOUN,2,0,,,,,
"Ясинский, Иероним Иеронимович",мужской,0,Нежеланные дети,Роман И.И. Ясинского (Максима Белинского) : В 3 ч.,1,Отд. изд.,Санкт-Петербург,1897,,,,,,,ADJF NOUN,2,0,,,,,
"Ясинский, Иероним Иеронимович",мужской,0,1 марта 1881,Роман,0,Ежемесячные сочинения,,1900,антинароднический роман?,,3 лицо,,народнический,социальный,NUMR NOUN NUMR,3,0,,,,,
"Ясинский, Иероним Иеронимович",мужской,0,Прекрасные уроды,Из записок Ивана Антоныча. Роман.,0,Русский вестник,,1900,роман о декадентах,декаданты,1 лицо,,,,ADJF NOUN,2,0,,,,,
"Ясинский, Иероним Иеронимович",мужской,0,Жар-птица,роман,0,Труд,,1910,,,,,,,NOUN,1,0,,,,,
"Ясинский, Иероним Иеронимович",мужской,0,Под плащом Сатаны,роман,1,Отд. изд.,Санкт-Петербург,1911,исторический,,,,исторический,исторический,PREP NOUN NOUN,3,0,,,,,
"Ясинский, Иероним Иеронимович",мужской,0,Крепостники,роман,1,Отд. изд.,Москва,1916,,,,,,,NOUN,1,0,,,,,
