author,gender,pseudonym,title,title_en,subtitle,year_begin,source,sep_edition,city,genre,characters,narration,main_genre,general_genre,POS_title,title_length,canon_status,genre1,genre2,genre3,genre4,genre5
"Эмин, Федор Александрович",мужской,0,"Награждённая постоянность, или Приключения Лизарка и Сарманды","Rewarded Constancy, or The Adventures of Lizark and Sarmanda",Сочинения Федора Эмина,1763,Отд. изд.,1,Санкт-Петербург,любовный,дворяне,3 лицо,любовный,любовный,PRTF NOUN CONJ NOUN NOUN CONJ NOUN,7,0,,,,,
"Эмин, Федор Александрович",мужской,0,"Непостоянная фортуна, или Похождения Мирамонда","Fickle Fortune, or The Adventures of Miramond",,1763,Отд. изд.,1,Санкт-Петербург,авантюрный,дворяне,3 лицо,авантюрный,приключенческий,ADJF NOUN CONJ NOUN NOUN,5,0,,,,,
"Эмин, Федор Александрович",мужской,0,"Приключения Фемистокла и разные политические, гражданские, философические, физические и военные его с сыном своим разговоры, постоянная жизнь и жестокость фортуны, его гонящей","The Adventures of Themistocles, and His Various Political, Civil, Philosophical, Physical, and Military Conversations with His Son, His Steadfast Life and the Cruelty of Fortune That Pursues Him",,1763,Отд. изд.,1,Санкт-Петербург,исторический,легендарные исторические фигуры,3 лицо,исторический,исторический,NOUN VERB CONJ ADJF ADJF ADJF ADJF ADJF CONJ NOUN NPRO PREP NOUN ADJF NOUN ADJF NOUN CONJ NOUN NOUN NPRO PRTF,22,0,,,,,
"Чулков, Михаил Дмитриевич",мужской,0,"Пересмешник, или Славенские сказки","The Mocker, or Slavonic Tales",,1766,Отд. изд.,1,Санкт-Петербург,,духовенство,3 лицо,,,NOUN CONJ ADJF NOUN,4,0,авантюрный,сатирический,плутовской,фольклорный,
"Эмин, Федор Александрович",мужской,0,Письма Эрнеста и Доравры,The Letters of Ernest and Doravra,,1766,Отд. изд.,1,Санкт-Петербург,"философский, любовный",дворяне,в письмах,философский,философский,NOUN NOUN CONJ NOUN,4,0,,,,,
"Херасков, Михаил Матвеевич",мужской,0,"Нума, или процветающий Рим","Numa, or Flourishing Rome",,1768,Отд. изд.,1,Москва,философский,"легендарные исторические фигуры, аристократия прошлого",3 лицо,философский,философский,NOUN CONJ PRTF NOUN,4,0,,,,,
"Чулков, Михаил Дмитриевич",мужской,0,"Пригожая повариха, или Похождение развратной женщины","The Comely Cook, or The Adventures of a Dissolute Woman",,1770,Отд. изд.,1,Санкт-Петербург,"любовный, авантюрный","дворяне, помещики",1 лицо,любовный,любовный,ADJF NOUN CONJ NOUN ADJF NOUN,6,0,любовный,авантюрный,плутовской,бытовой,
"Попов, Михаил Иванович",мужской,0,"Славянские древности, или Приключения славянских князей","Slavonic Antiquities, or The Adventures of Slavonic Princes",,1770,Отд. изд.,1,Санкт-Петербург,"псевдоисторический, волшебная сказка, галантный роман, рыцарский роман",Князья,3 лицо,исторический,исторический,ADJF NOUN CONJ NOUN ADJF NOUN,6,0,,,,,
"Игнатьев, Семен Егорович",мужской,0,Похождение новомодной красавицы Гуланданы и храброго принца Барама,The Adventures of the Fashionable Beauty Gulandana and the Brave Prince Baram,"Сочиненное Диларгетом, секретарем тифлисским, а переведено с грузинского языка московского университета информатором Семеном Игнатьевым",1773,Отд. изд.,1,Санкт-Петербург,"фантастический, авантюрный, любовный","Принцы, принцессы, короли, королевы и другие представители придворной знати",3 лицо,фантастический,фантастический,NOUN ADJF NOUN PRTS CONJ ADJF NOUN NOUN,8,0,,,,,
"Назарьев, Александр Петрович",мужской,0,"Несчастный Никанор, или Приключение жизни российского дворянина Н********","The Unfortunate Nikanor, or The Life Adventure of a Russian Nobleman N********",,1775,Отд. изд.,1,Санкт-Петербург,,дворяне,3 лицо,,,ADJF NOUN CONJ NOUN NOUN ADJF NOUN ADJF,8,0,авантюрный,сентиментальный,нравоучительный,,
"Веревкин, Михаил Иванович",мужской,0,Небылица,A Tall Tale,,1778,Отд. изд.,1,Санкт-Петербург,любовный,крестьяне,3 лицо,любовный,любовный,NOUN,1,0,,,,,
Иермонах Аполлос,мужской,1,"Лишенный зрения Ураний, несчастный государь","Urania Deprived of Sight, an Unfortunate Sovereign",Священная повесть,1779,Отд. изд.,1,Москва,"философский, нравоучительный",аристократия прошлого,3 лицо,философский,философский,PRTF NOUN NOUN ADJF NOUN,5,0,,,,,
"Аполлос, епископ Архангельский и Холмогорский",мужской,1,Неразрывный союз двух братьев,The Inseverable Union of Two Brothers,Повесть из любомудрия почерпнутая,1780,Отд. изд.,1,Москва,"философский, нравоучительный",,3 лицо,философский,философский,ADJF NOUN NUMR NOUN,4,0,,,,,
"Богданович, Петр Иванович",мужской,0,"Дикий человек, смеющийся учености и нравам нынешнего света",The Wild Man Who Laughs at the Learning and Morals of Today's World,,1781,Отд. изд.,1,Санкт-Петербург,критика,,3 лицо,,,ADJF NOUN PRTF NOUN CONJ NOUN ADJF NOUN,8,0,сатирический,философский,нравоучительный,просветительский,
"Комаров, Матвей",мужской,0,Повесть о приключении английского милорда Георга и бранденбургской маркграфини Фредерики Луизы,The Tale of the Adventures of the English Milord George and Margravine Frederica Louisa of Brandenburg,изданная М.К.,1782,Отд. изд.,1,Санкт-Петербург,"авантюрный, любовный",,1 лицо,авантюрный,приключенческий,NOUN PREP NOUN ADJF NOUN NOUN CONJ ADJF NOUN NOUN NOUN,11,0,авантюрный,любовный,приключенческий,,
"Лазаревич, Василий Васильевич",мужской,0,Добродетельная Розана,Virtuous Rosana,сочиненная В.Л.,1782,Отд. изд.,1,Санкт-Петербург,,,3 лицо,,,ADJF NOUN,2,0,,,,,
"Аполлос, епископ Архангельский и Холмогорский",мужской,1,Кто есть истинный друг,Who Is a True Friend,иносказательное с нравоучением повествование,1783,Отд. изд.,1,Москва,"философский, нравоучительный, аллегорический",,3 лицо,философский,философский,NPRO INTJ ADJF NOUN,4,0,философский,нравоучительный,религиозный,,
"Левшин, Василий Алексеевич",мужской,0,Повесть о новомодном дворянине,The Tale of a Fashionable Nobleman,,1783,Отд. изд.,1,Москва,сатирический,дворяне,3 лицо,сатирический,юмористический,NOUN PREP ADJF NOUN,4,0,,,,,
"Левшин, Василий Алексеевич",мужской,0,Досадное пробуждение,An Annoying Awakening,,1783,Отд. изд.,1,Москва,"сатирический, бытовой",чиновники,3 лицо,сатирический,юмористический,ADJF NOUN,2,0,,,,,
"Неелова, Наталья Алексеевна",женский,0,"Лейнард и Термилия, или Злосчастная судьба даух любовников","Leinard and Termilia, or The Wretched Fate of Two Lovers",Сочинение девицы Н. Н.; Иждивением Н. Новикова и Компании,1784,Отд. изд.,1,Москва,сентиментальная повесть,"? (молодой и богатый человек, дочь богатой вдовы)",3 лицо,сентиментальный,любовный,NOUN CONJ NOUN CONJ ADJF NOUN NOUN NOUN,8,0,сентиментальный,любовный,нравоучительный,,
"Щербатов, Михаил Михайлович",мужской,0,"Путешествие в землю Офирскую господина С..., шведского дворянина","A Journey to the Land of Ophir by Mr S..., a Swedish Nobleman",,1784,Отд. изд. (СС),1,Санкт-Петербург,социально-психологический,дворяне,1 лицо,социально-психологический,социально-психологический,NOUN PREP NOUN ADJF NOUN PREP ADJF NOUN,8,0,,,,,
"Левшин, Василий Алексеевич",мужской,0,Новейшее путешествие,A Most Recent Journey,фрагменты,1784,Собеседник [журнал],1,Санкт-Петербург,утопический,,3 лицо,утопический,утопический,ADJF NOUN,2,0,утопический,философский,сатирический,просветительский,
"Новиков, Иван Алексеевич",мужской,0,"Похождение Ивана гостиного сына, и другие повести и сказки","The Adventures of Ivan the Merchant's Son, and Other Tales",,1785,Отд. изд.,1,Санкт-Петербург,авантюрно-плутовской,? (московское купечество и социальные низы),,авантюрный,приключенческий,NOUN NOUN ADJF NOUN CONJ ADJF NOUN CONJ NOUN,9,0,,,,,
"Эмин, Николай Федорович",мужской,0,Роза,The Rose,полусправедливая повесть,1786,Отд. изд.,1,Санкт-Петербург,социально-психологический,аристократия прошлого,в письмах,социально-психологический,социально-психологический,NOUN,1,0,,,,,
"Протопопов, Василий Михайлович",мужской,0,"Лабиринт волшебства, или Удивительные приключения востояных принцев","The Labyrinth of Sorcery, or The Amazing Adventures of Oriental Princes",Сочинение В. П.,1786,Отд. изд.,1,Москва,"авантюрный, мотивы волшебно-рыцарского романа, фр. волшебных сказок","Волшебник, фея",3 лицо,авантюрный,приключенческий,NOUN NOUN CONJ ADJF NOUN ADJF NOUN,7,0,,,,,
"Лазинский, Федор",мужской,0,"Повесть дворянина T.L. Орлеанской провинции, писанная им самим о жизни деда, отца и своей.","The Tale of T.L., a Nobleman of the Province of Orleans, Written by Himself about the Life of His Grandfather, His Father, and His Own",переведенная с немецкого языка Ф. Лазинским,1786,Отд. изд.,1,Москва,,дворяне,1 лицо,,,NOUN NOUN ADJF NOUN PRTF NOUN ADJF PREP NOUN NOUN NOUN CONJ ADJF,14,0,,,,,
"Филиппов, Андрей",мужской,0,История о храбром рыцаре Францыле Венциане и о прекрасной королевне Ренцывене,The Tale of the Brave Knight Frantsyl Ventsian and the Beautiful Princess Rentsyvena,,1787,Отд. изд.,1,Москва,,"рыцари, королевы",,,,NOUN PREP ADJF NOUN NOUN NOUN CONJ PREP ADJF NOUN NOUN,11,0,,,,,
"Протопопов, Василий Михайлович",мужской,0,"Любовь Периандра и Финомены, исполненная чувствительных для нежных сердец приключений","The Love of Periander and Phenomena, Full of Sentimental Adventures for Tender Hearts",сочинил В.П.,1787,Отд. изд.,1,Москва,псевдоисторический галантно-героический роман,аристократия прошлого,3 лицо,исторический,исторический,NOUN NOUN CONJ NOUN PRTF ADJF PREP ADJF NOUN NOUN,10,0,,,,,
"Эмин, Николай Федорович",мужской,0,Игра судьбы,A Game of Fate,,1789,Отд. изд.,1,Санкт-Петербург,"любовный, авантюрный","дворяне,помещики",в письмах,любовный,любовный,NOUN NOUN,2,0,,,,,
"Херасков, Михаил Матвеевич",мужской,0,Кадм и Гармония,Cadmus and Harmonia,Древнее повествование,1789,Отд. изд.,1,Москва,социально-психологический; нравоучительный,аристократия прошлого,3 лицо,социально-психологический,социально-психологический,NOUN CONJ NOUN,3,0,,,,,
"Богданович, Петр Иванович",мужской,0,"Кривонос-домосед, страдалец модный","Krivonos the Homebody, a Fashionable Sufferer",,1789,Отд. изд.,1,Санкт-Петербург,сатира,,1 лицо,сатирический,юмористический,NOUN NOUN ADJF,3,0,сатирический,нравоописательный,бытовой,просветительский,
"Зиновьев, Дмитрий Николаевич",мужской,0,"Торжествующая добродетель, или Жизнь и приключения гонимого фортуною Селима","Triumphant Virtue, or The Life and Adventures of Selim, Pursued by Fortune","Истинная повесть, в восточных странах происходившая и по свидетельству самовидца на российском языке сочинённая Д. Зиновьевым",1789,Отд. изд.,1,Москва,авантюрный,"Принцы, принцессы, короли, королевы и другие представители придворной знати",3 лицо,авантюрный,приключенческий,PRTF NOUN CONJ NOUN CONJ NOUN ADJF NOUN PRTS,9,0,авантюрный,нравоучительный,сентиментальный,,
"Львов, Павел Юрьевич",мужской,0,"Российская Памела, или История Марии, добродетельной поселянки","The Russian Pamela, or The Story of Maria, a Virtuous Peasant Girl",Сочинение Павла Львова,1789,Отд. изд.,1,Санкт-Петербург,любовный,"дворяне, крестьяне",3 лицо,любовный,любовный,ADJF NOUN CONJ NOUN NOUN ADJF NOUN,7,0,,,,,
"Хомяков, Петр Захарович",мужской,0,Похождение некотораго россиянина,The Adventures of a Certain Russian,"Истинная повесть им самим писанная; Содержащая в себе историю его службы и походов, с приключениями и слышанными им повестями",1790,Отд. изд.,1,Москва,авантюрный,военные,1 лицо,авантюрный,приключенческий,NOUN ADJF NOUN,3,0,,,,,
"Львов, Павел Юрьевич",мужской,0,"Храм истины, или Видение Сезостриса, царя египетского","The Temple of Truth, or The Vision of Sesostris, King of Egypt",Сочинение Павла Львова,1790,Отд. изд.,1,Санкт-Петербург,фантастический,легендарные исторические фигуры,1 лицо,фантастический,фантастический,NOUN NOUN CONJ NOUN NOUN NOUN ADJF,7,0,,,,,
"Дмитриев, Александр Иванович",мужской,0,Слава русских и горе шведов,The Glory of the Russians and the Woe of the Swedes,,1790,Отд. изд.,1,Санкт-Петербург,исторический,"военные, дворяне",1 лицо,исторический,исторический,NOUN ADJF CONJ ADVB NOUN,5,0,,,,,
"Радищев, Александр Николаевич",мужской,0,Путешествие из Петербурга в Москву,A Journey from St Petersburg to Moscow,,1790,Отд. изд.,1,Санкт-Петербург,путешествие,Крестьяне,1 лицо,,,NOUN PREP NOUN PREP NOUN,5,1,политический,сентиментальный,просветительский,философский,
"Городчанинов, Григорий Николаевич",мужской,0,Добродетельный богач,The Virtuous Rich Man,na,1791,Отд. изд.,1,Москва,нравоучительный,,н/д,нравоучительный,воспитания,ADJF NOUN,2,0,,,,,
"Писарев, Александр Иевлевич",мужской,0,"Переписка двух адских вельмож, Алгабека и Алгамека, находящихся по различным должностям в старом и новом свете","The Correspondence of Two Infernal Grandees, Algabek and Algamek, Holding Various Posts in the Old and New World",Переведена с арапоевропейского языка грекояпонским переводчиком в 1791 000 году,1792,Отд. изд.,1,Москва,"эпистолярный, сатирический","Ч. 1-2: петиметры, кокетки, учителя-иностранцы. Ч. 3: дворянство, масоны, якобинцы",1 лицо,эпистолярный,эпистолярный,NOUN NUMR ADJF NOUN NOUN CONJ NOUN PRTF PREP ADJF NOUN PREP ADJF CONJ ADJF NOUN,16,0,,,,,
"Захарьин, Петр Михайлович",мужской,0,Арфаксад,Arphaxad,"Халдейская повесть, содержащая в себе: образ жизни и нравов древних восточных народов, новыя возстановления чиноначалия, низпровержения вредной независимости, соединения обществ, царств, воздвижение городов, первоначальныя причины военных действий и проч. с помещением в различных местах нравственных разсуждений к различным предметам относящихся.",1793,Отд. изд.,1,Москва,"нравоучительный, социально-психологический, философский, авантюрный",Народности и этнические группы,3 лицо,нравоучительный,воспитания,NOUN,1,0,,,,,
"Черневский, Р.",мужской,0,Повесть о непреоборимой любви Адаманта к Дафнисе,The Tale of the Unconquerable Love of Adamant for Daphnis,,1793,Отд. изд.,1,Санкт-Петербург,,,,,,NOUN PREP ADJF NOUN NOUN PREP NOUN,7,0,,,,,
"Иноградский, Василий Александрович",мужской,0,"Низверженный Зелул, образец злобы, или Жизнь и редкие приключения восточного принца Клеоранда и принцессы Зефизы","The Overthrown Zelul, a Model of Malice, or The Life and Rare Adventures of the Oriental Prince Cleorand and Princess Zephisa",Сочинение У... Вас... Иног...,1794,Отд. изд.,1,Москва,"аллегорический, нравоучительный, авантюрный, социально-психологический, философский, фантастический","Принцы, принцессы, короли, королевы и другие представители придворной знати Египта",3 лицо,нравоучительный,воспитания,ADJF VERB NOUN NOUN CONJ NOUN CONJ ADJF NOUN ADJF NOUN NOUN CONJ NOUN NOUN,15,0,,,,,
"Херасков, Михаил Матвеевич",мужской,0,"Полидор, сын Кадма и Гармонии","Polydorus, Son of Cadmus and Harmonia",,1794,Отд. изд.,1,Москва,"социально-психологический, нравоучительный",аристократия прошлого,3 лицо,социально-психологический,социально-психологический,NOUN NOUN NOUN CONJ NOUN,5,0,,,,,
"Богородский, Василий",мужской,0,"Странные приключения Димитрия Магушкина, российского дворянина, описанные им на испанском языке, с которого переведены на немецкий, а с сего на российский язык","The Strange Adventures of Dmitry Magushkin, a Russian Nobleman, Described by Him in Spanish, Translated from That into German, and from German into Russian",,1796,Отд. изд.,1,Москва,"приключение, похождения","Сын русского вельможи, крестьяне, татары",1 лицо,приключенческий,приключенческий,ADJF NOUN NOUN NOUN ADJF NOUN PRTF NOUN PREP ADJF NOUN PREP ADJF PRTS PREP ADJF CONJ PREP ADJF PREP ADJF NOUN,22,0,,,,,
"Горчаков, Дмитрий Петрович",мужской,0,Пламир и Раида,Plamir and Raida,Российская повесть,1796,Отд. изд.,1,Москва,любовный,"дворяне, помещики",3 лицо,любовный,любовный,NOUN CONJ NOUN,3,0,,,,,
"Захарьин, Петр Михайлович",мужской,0,"Приключения Клеандра, храброго царевича Лакедемонского, и Ниотильды, королевны Фракийской","The Adventures of Cleander, the Brave Tsarevich of Lacedaemon, and Niotilda, Princess of Thrace",российское сочинение,1798,Отд. изд.,1,Николаев,,,3 лицо,,,NOUN NOUN ADJF NOUN ADJF CONJ NOUN NOUN ADJF,9,0,,,,,
"Березайский, Василий Семенович",мужской,0,Анекдоты древних пошехонцев,Anecdotes of the Ancient Poshekhonians,,1798,Отд. изд.,1,Санкт-Петербург,авантюрно-сатирический,,1 лицо,авантюрный,приключенческий,NOUN ADJF NOUN,3,0,сатирический,авантюрный,бытовой,фольклорный,
"Запольский, Иван Ипатович",мужской,0,Желанная встреча,The Longed-For Meeting,,1799,"Иппокрена, или Утехи любословия",1,Москва,"философский, аллегорический, нравоучительный",,3 лицо,философский,философский,ADJF NOUN,2,0,,,,,
"Галинковский, Яков Андреевич",мужской,0,Часы задумчивости,Hours of Pensiveness,,1799,Отд. изд.,1,Москва,,,1 лицо,,,NOUN NOUN,2,0,сентиментальный,философский,нравоучительный,,
"Измайлов, Александр Ефимович",мужской,0,"Евгений, или Пагубные следствия дурного воспитания и сообщества","Evgeny, or The Pernicious Consequences of Bad Upbringing and Bad Company",Повесть написанная А. Измайловым,1799,Отд. изд.,1,Санкт-Петербург,роман воспитания,,3 лицо,воспитания,воспитания,NOUN CONJ ADJF NOUN ADJF NOUN CONJ NOUN,8,0,,,,,
"Гнедич, Николай Иванович",мужской,0,"Мориц, или Жертва мщения","Moritz, or A Victim of Vengeance",,1802,Отд. изд.,1,Москва,любовный,дворяне,3 лицо,любовный,любовный,NOUN CONJ NOUN NOUN,4,0,любовный,сентиментальный,психологический,готический,
"Башурлов, Максим Петрович",мужской,0,"Дикая европеанка, или Исправленное преступление одного добродетелью другого","The Wild European Woman, or A Crime Redeemed by the Virtue of Another",Писана. в Г.....,1804,Отд. изд.,1,Санкт-Петербург,авантюрный,дворяне,1 лицо,авантюрный,приключенческий,ADJF NOUN CONJ PRTF NOUN ADJF NOUN ADJF,8,0,авантюрный,нравоучительный,сентиментальный,любовный,
"Муравьев, Николай Назарьевич",мужской,0,Всеволод и Велеслава,Vsevolod and Veleslava,"Произшествие, сохранившееся в письмах",1807,Отд. изд.,1,Санкт-Петербург,социально-психологический,,в письмах,социально-психологический,социально-психологический,NOUN CONJ NOUN,3,0,,,,,
"Галинковский, Яков Андреевич",мужской,0,Глафира или Прекрасная Валдайка,"Glafira, or The Beautiful Girl from Valdai",народный русский роман,1807,Утренник прекрасного пола; Русский вестник,1,Санкт-Петербург,,,в письмах,,,NOUN CONJ ADJF NOUN,4,0,,,,,
"Извекова, Мария Евграфовна",женский,0,Торжествующая добродетель над коварством и злобою,Virtue Triumphant over Treachery and Malice,Сочинение девицы Марьи Извековой,1809,Отд. изд.,1,Санкт-Петербург,"социально-психологический, любовный",дворяне (Англия),3 лицо,социально-психологический,социально-психологический,PRTF NOUN PREP NOUN CONJ NOUN,6,0,,,,,
"Извекова, Мария Евграфовна",женский,0,"Милена, или Редкий пример великодушия","Milena, or A Rare Example of Magnanimity",сочинение девицы Марии Извековой,1809,Отд. изд.,1,Санкт-Петербург,соционально-психологический,дворяне провинциальные,3 лицо,социально-психологический,социально-психологический,NOUN CONJ ADJF NOUN NOUN,5,0,,,,,
"Бранкевич, Михаил Степанович (Стефанович)",мужской,0,"Храбрый философ Лев Андреевич Громин, сослуживец Силы Андреевича Богатырева","The Brave Philosopher Lev Andreevich Gromin, Colleague of Sila Andreevich Bogatyryov",Отрывок,1809,Отд. изд.,1,Москва,нравоучительный,Крестьянин-солдат,1 лицо,нравоучительный,воспитания,ADJF NOUN ADJS NOUN NOUN NOUN NOUN NOUN NOUN,9,0,,,,,
"Извекова, Мария Евграфовна",женский,0,"Эмилия, или Печальные следствия безрассудной любви","Emilia, or The Sad Consequences of Reckless Love",Сочинение девицы Марьи Извековой,1809,Отд. изд.,1,Санкт-Петербург,любовный,дворяне (французские),3 лицо,любовный,любовный,NOUN CONJ ADJF NOUN ADJF NOUN,6,0,,,,,
"Львов, Федор Петрович",мужской,0,Письма Скимнина,Skimnin's Letters,,1813,Отд. изд.,1,Санкт-Петербург,сентиментальный,дворяне,в письмах,сентиментальный,любовный,NOUN NOUN,2,0,сентиментальный,эпистолярный,нравоучительный,философский,
"Нарежный, Василий Трофимович",мужской,0,"Российский Жилблаз, или Похождения графа Гаврилы Семеновича Чистякова","The Russian Gil Blas, or The Adventures of Count Gavrila Semyonovich Chistyakov",сочинение В. Нарежного,1814,Отд. изд.,0,,авантюрный,"дворяне, крестьяне",3 лицо,авантюрный,приключенческий,ADJF NOUN CONJ NOUN NOUN NOUN NOUN NOUN,8,0,плутовской,авантюрный,сатирический,бытовой,
"Георгиевский, Иван Сергеевич",мужской,0,"Евгения, или письма к другу","Eugenia, or Letters to a Friend",собранныя Иваном Георгиевским,1818,Отд. изд.,1,Санкт-Петербург,любовный,дворяне,в письмах,любовный,любовный,NOUN CONJ NOUN PREP NOUN,5,0,любовный,сентиментальный,эпистолярный,,
"Свиньин, Павел Петрович",мужской,0,"Торжество воспитания, или Исправленный супруг","The Triumph of Upbringing, or The Reformed Husband",быль [следующие части названы нравственный роман],1821,Отечественные записки,0,,,дворяне,в письмах,,,NOUN NOUN CONJ PRTF NOUN,5,0,,,,,
"Нарежный, Василий Трофимович",мужской,0,"Аристион, или Перевоспитание","Aristion, or Re-Education",Справедливая повесть,1822,Отд. изд.,1,Санкт-Петербург,роман воспитания,дворяне,3 лицо,воспитания,воспитания,NOUN CONJ NOUN,3,0,,,,,
"Нарежный, Василий Трофимович",мужской,0,Бурсак,The Seminary Student,Малоросская повесть,1824,Отд. изд.,1,Москва,авантюрный,"духовенство, дворяне",1 лицо,авантюрный,приключенческий,NOUN,1,1,плутовской,исторический,сатирический,бытовой,нравоописательный
"Санглен, Яков Иванович, де",мужской,0,Жизнь и мнения нового Тристрама,The Life and Opinions of a New Tristram,Misce stultitiam consiliis brevem,1825,Отд. изд.,1,Москва,,дворяне,1 лицо,,,NOUN CONJ NOUN NOUN NOUN,5,0,,,,,
"Литвинов, Василий Иванович",мужской,0,"Любовь и вера, или Победа над страстями","Love and Faith, or Victory over the Passions",сочинил Литвинов,1825,Отд. изд.,1,Москва,любовно-авантюрный,египитеские пастухи (?),3 лицо,любовный,любовный,NOUN CONJ NOUN CONJ NOUN PREP NOUN,7,0,,,,,
"Сомов, Орест Михайлович",мужской,0,Гайдамак,The Haidamak,Малороссийская быль,1827,Невский альманах,0,,,,3 лицо,,,NOUN,1,0,исторический,авантюрный,этнографический,,
"Зряхов, Николай Ильич",мужской,0,"Амалия, или Хижина среди гор","Amalia, or The Hut among the Mountains",роман в 4-х частях,1828,Отд. изд.,1,Москва,,,,,,NOUN CONJ NOUN PREP NOUN,5,0,,,,,
"Нарежный, Василий Трофимович",мужской,0,"Черный год, или Горские князья","The Black Year, or The Mountain Princes",Сочинение Василия Нарежного,1829,Отд. изд.,1,Москва,"плутовской роман, авантюрный, сатира, осетины, кавказцы",,,плутовской,приключенческий,NOUN NOUN CONJ ADJF NOUN,5,0,,,,,
"Булгарин, Фаддей Венедиктович",мужской,0,Иван Выжигин,Ivan Vyzhigin,нравственно-сатирический роман,1829,Отд. изд.,1,Санкт-Петербург,авантюрный,дворяне,1 лицо,авантюрный,приключенческий,NOUN NOUN,2,0,плутовской,нравоописательный,авантюрный,сатирический,
"Загоскин, Михаил Васильевич",мужской,0,"Юрий Милославский, или Русские в 1612 году","Yuri Miloslavsky, or Russians in 1612",Исторический роман в 3 частях,1829,Отд. изд.,1,Москва,исторический,легендарные исторические фигуры; аристократия прошлого; военные,3 лицо,исторический,исторический,NOUN ADJF CONJ ADJF PREP NUMR NOUN,7,0,исторический,авантюрный,любовный,,
"Погорельский, Антоний",мужской,1,Магнетизер,The Magnetiser,роман,1830,Литературная газета,0,,,купцы,3 лицо,,,NOUN,1,0,фантастический,психологический,философский,,
"Погорельский, Антоний",мужской,1,Монастырка,The Convent Girl,сочинение А. Перовского,1830,Отд. изд.,0,,семейная хроника,"дворяне, институтка",1 лицо,семейный,семейный,NOUN,1,1,семейный,бытовой,нравоописательный,сентиментальный,готический
"Свиньин, Павел Петрович, Бошняк, А.К.",мужской,0,"Ягуб Скупалов, или Исправленный муж","Yagub Skupalov, or The Reformed Husband",нравственно-сатирический роман современных нравов,1830,Отд. изд.,1,Москва,социально-психологический,дворяне,в письмах,социально-психологический,социально-психологический,NOUN NOUN CONJ PRTF NOUN,5,0,,,,,
"Булгарин, Фаддей Венедиктович",мужской,0,Димитрий Самозванец,Dimitry the Pretender,исторический роман,1830,Отд. изд.,1,Санкт-Петербург,исторический,легендарные исторические фигуры; аристократия прошлого; военные,3 лицо,исторический,исторический,NOUN NOUN,2,0,исторический,авантюрный,политический,,
"Ушаков, Василий Аполлонович",мужской,0,Киргиз-Кайсак,The Kirghiz-Kaisak,повесть,1830,Отд. изд.,1,Москва,социально-психологический,дворяне,3 лицо,социально-психологический,социально-психологический,NOUN,1,0,,,,,
"Лажечников, Иван Иванович",мужской,0,"Последний Новик, или Завоевание Лифляндии в царствование Петра Великого","The Last Novik, or The Conquest of Livonia in the Reign of Peter the Great",Исторический роман,1831,Отд. изд.,1,Москва,исторический роман,легендарные исторические фигуры,3 лицо,исторический,исторический,ADJF NOUN CONJ NOUN NOUN PREP NOUN NOUN NOUN,9,0,исторический,авантюрный,,,
"Булгарин, Фаддей Венедиктович",мужской,0,Петр Иванович Выжигин,Pyotr Ivanovich Vyzhigin,Нравоописательный-исторический роман XIX века,1831,Отд. изд.,1,Санкт-Петербург,"социально-психологический, исторический",дворяне,3 лицо,социально-психологический,социально-психологический,NOUN NOUN NOUN,3,0,,,,,
"Калашников, Иван Тимофеевич",мужской,0,Дочь купца Жолобова,The Daughter of Merchant Zholobov,"Роман, извлеченный из иркутских преданий",1831,Северная пчела,1,Санкт-Петербург,"авантюрный, социально-психологический",купцы,3 лицо,авантюрный,приключенческий,NOUN NOUN NOUN,3,0,,,,,
"Загоскин, Михаил Васильевич",мужской,0,"Рославлев, или Русские в 1812 году","Roslavlev, or Russians in 1812",,1831,Отд. изд.,1,Москва,"исторический, любовный",военные,3 лицо,исторический,исторический,NOUN CONJ ADJF PREP NUMR NOUN,6,0,исторический,любовный,военный,,
"Вельтман, Александр Фомич",мужской,0,Странник,The Wanderer,,1831,Отд. изд.,1,Москва,авантюрный,офицер,1 лицо,авантюрный,приключенческий,NOUN,1,0,философский,приключенческий,авантюрный,,
"Греч, Николай Иванович",мужской,0,Поездка в Германию,A Journey to Germany,Роман в письмах,1831,Отд. изд.,1,Санкт-Петербург,социально-психологический,дворяне,1 лицо,социально-психологический,социально-психологический,NOUN PREP NOUN,3,0,,,,,
"Миклашевич, Варвара Семеновна",женский,0,"Село Михайловское, или Помещик XVIII столетия","The Village of Mikhailovskoye, or A Landowner of the Eighteenth Century",роман в 4 частях,1831,Сын отечества,0,,исторический; роман тайн,"помещики, администрация, духовенство",3 лицо,исторический,исторический,VERB ADJF CONJ NOUN NUMR NOUN,6,0,,,,,
"Яковлев, Павел Лукьянович",мужской,0,Удивительный человек!,An Amazing Man!,,1831,Отд. изд.,1,Москва,исторический,,,исторический,исторический,ADJF NOUN,2,0,,,,,
"Гурьянов, Иван Гавриилович",мужской,0,"Илья Пройдохин. Открытая тайна на некоторых, или горе от ума или горе без ума","Ilya Proidokhin: An Open Secret about Certain People, or Woe from Wit or Woe without Wit","Нравстенно сатирический роман, сочиненный Иваном Гурьяновым",1831,Отд. изд.,1,Москва,"нравоописательный, сатирический","дворяне, [отсылки к Горе от ума]",1 лицо,нравоописательный,описательный,NOUN NOUN ADJF NOUN PREP ADJF CONJ ADVB PREP NOUN CONJ ADVB PREP NOUN,14,0,,,,,
"Олин, Валериан Николаевич",мужской,0,"Эшафот, или Утро вечера мудренее","The Scaffold, or Morning Is Wiser than Evening",роман из эпохи Анны Иоанновны,1831,Колокольчик,0,,исторический,,,исторический,исторический,NOUN CONJ NOUN NOUN COMP,5,0,,,,,
"Гурьянов, Иван Гавриилович",мужской,0,"Марина Мнишех, Княжна Сандомирская","Marina Mniszech, Princess of Sandomierz","Исторический роман, относящийся ко временам царя Бориса Годунова, Лжедмитрия, царя Василия Шуйского и междуцарствия, служащий дополнением романа: Дмитрий Самозванец.",1831,Отд. изд.,1,Москва,исторический,дворяне,3 лицо,исторический,исторический,NOUN NOUN NOUN ADJF,4,0,исторический,авантюрный,любовный,биографический,
"Глухарев, Иван Никитич",мужской,0,Ольга Милославская,Olga Miloslavskaya,Исторический роман XIX столетия,1831,Отд. изд.,1,Москва,исторический,легендарные исторические фигуры,3 лицо,исторический,исторический,NOUN ADJF,2,0,исторический,любовный,,,
"Гурьянов, Иван Гавриилович",мужской,0,Новый Выжигин на Макарьевской ярмарке,A New Vyzhigin at the Makariev Fair,Нравоописательный роман XIX века,1831,Отд. изд.,1,Москва,"сатирический, бытовой",купцы,3 лицо,сатирический,юмористический,ADJF NOUN PREP ADJF NOUN,5,0,,,,,
"Полевой, Николай Алексеевич",мужской,0,Клятва при гробе Господнем,The Oath at the Holy Sepulchre,Русская быль XV века,1832,Отд. изд.,1,Москва,исторический,"легендарные исторические фигуры, крестьяне",3 лицо,исторический,исторический,NOUN PREP NOUN ADJF,4,0,исторический,религиозный,,,
"Голота, Петр Иванович",мужской,0,Иван Мазепа,Ivan Mazepa,"исторический роман, взятый из народных преданий",1832,Отд. изд.,1,Москва,исторический,легендарные исторические фигуры,3 лицо,исторический,исторический,NOUN NOUN,2,0,,,,,
"Ушаков, Василий Аполлонович",мужской,0,Иона Фаддеевича,Iona Faddeyevich,правописательный и нравоучительный роман,1832,Сын отечества,0,,,,,,,NOUN NOUN,2,0,,,,,
"Санглен, Яков Иванович, де",мужской,0,"Рыцарская клятва на гробе, или Два портрета","A Knightly Oath at the Tomb, or Two Portraits",русский роман из времен меченосцев,1832,Отд. изд.,1,Москва,"исторический, авантюрный",аристократия прошлого,3 лицо,исторический,исторический,ADJF NOUN PREP NOUN CONJ NUMR NOUN,7,0,,,,,
"Глухарев, Иван Никитич",мужской,0,"Графиня Рославлева, или Супруга-героиня, отличившаяся в знаменитую войну 1812","Countess Roslavleva, or The Heroine-Wife Who Distinguished Herself in the Famous War of 1812",Историко-описательная повесть XIX столетия,1832,Отд. изд.,1,Москва,"исторический, любовный",аристократия прошлого,3 лицо,исторический,исторический,NOUN NOUN CONJ NOUN PRTF PREP ADJF NOUN NUMR,9,0,,,,,
"Масальский, Константин Петрович",мужской,0,Стрельцы,The Streltsy,сочинение Константина Масальского в 4 частях,1832,Отд. изд.,1,Санкт-Петербург,исторический,"военные, аристократия прошлого",3 лицо,исторический,исторический,NOUN,1,1,исторический,авантюрный,,,
"Свиньин, Павел Петрович",мужской,0,"Шемякин суд, или Последнее междоусобие князей русских","Shemyaka's Judgement, or The Last Internecine Strife of the Russian Princes",исторический роман XV столетия,1832,Отд. изд.,1,Москва,исторический,аристократия прошлого,3 лицо,исторический,исторический,NOUN NOUN CONJ ADJF NOUN NOUN ADJF,7,0,,,,,
М.В.,женский,1,"Аннушка Водорацкая, сирота, дочь боярская","Annushka Vodoratskaya, an Orphan, a Boyar's Daughter",Роман о начале семнадцатого столетия: С иезуитского предания,1832,Отд. изд.,1,Москва,исторический,,,исторический,исторический,NOUN ADJF NOUN NOUN ADJF,5,0,,,,,
"Любецкий, Сергей Михайлович",мужской,0,"Сокольники, или Поколебание владычества татар над Россией","The Falconers, or The Shaking of Tatar Dominion over Russia",Исторический роман XIV века. Эпизод из княжения Дмитрия Донского,1832,Отд. изд.,1,Москва,исторический,легендарные исторические фигуры,3 лицо,исторический,исторический,NOUN CONJ NOUN NOUN NOUN PREP NOUN,7,0,,,,,
"Корнилович, Александр Осипович",мужской,0,Андрей Безыменный,Andrei the Nameless,старинная повесть,1832,Отд. изд.,1,Санкт-Петербург,исторический,аристократия прошлого,3 лицо,исторический,исторический,NOUN ADJF,2,0,исторический,авантюрный,,,
"Зотов, Рафаил Михайлович",мужской,0,"Леонид, или Некоторые черты из жизни Наполеона","Leonid, or Some Features from the Life of Napoleon",,1832,Отд. изд.,1,Санкт-Петербург,"исторический, авантюрный","дворяне, военные",3 лицо,исторический,исторический,NOUN CONJ ADJF NOUN PREP NOUN NOUN,7,0,,,,,
"Бегичев, Дмитрий Никитич",мужской,0,Семейство Холмских,The Kholmsky Family,"Некоторые черты нравов и образа жизни, семейных и одиноких, русских дворян",1832,Отд. изд.,1,Москва,социально-психологический,дворяне,3 лицо,социально-психологический,социально-психологический,NOUN ADJF,2,0,,,,,
"Булгарин, Фаддей Венедиктович",мужской,0,Мазепа,Mazepa,,1833,Отд. изд.,1,Санкт-Петербург,исторический,легендарные исторические фигуры,3 лицо,исторический,исторический,NOUN,1,0,исторический,авантюрный,биографический,,
"Зражевская, Александра Васильевна",женский,0,Картины дружеских связей,Pictures of Friendly Ties,Сочинение Александры Зражевской,1833,Отд. изд.,1,Санкт-Петербург,эпистолярный,дворяне,3 лицо,эпистолярный,эпистолярный,NOUN ADJF NOUN,3,0,,,,,
"Тонкачеев, Александр Дмитриевич",мужской,0,"Эль Тровадор, или Месть за месть","El Trovador, or Vengeance for Vengeance",Испанская быль 1826 года. Сочинение русского,1833,Отд. изд.,1,Москва,,,1 лицо,,,NOUN NOUN CONJ NOUN PREP NOUN,6,0,,,,,
"Голота, Петр Иванович",мужской,0,"Наливайко, или Времена бедствий Малороссии","Nalyvaiko, or The Times of Calamity in Little Russia",Исторический роман XVI века,1833,Отд. изд.,1,Москва,исторический,военные,3 лицо,исторический,исторический,NOUN CONJ NOUN NOUN NOUN,5,0,,,,,
"Загоскин, Михаил Васильевич",мужской,0,Аскольдова могила,Askold's Grave,Повесть из времен Владимира I,1833,Отд. изд.,1,Москва,исторический,"дворяне, крестьяне",3 лицо,исторический,исторический,NOUN NOUN,2,0,исторический,фольклорный,,,
С.Ш.,na,1,"Василий Делинский, или Новгородцы в XIV столетии","Vasily Delinsky, or The Novgorodians in the Fourteenth Century",исторический роман,1833,Отд. изд.,1,Москва,исторический,,,исторический,исторический,NOUN NOUN CONJ NOUN PREP NUMR NOUN,7,0,,,,,
"Калашников, Иван Тимофеевич",мужской,0,Камчадалка,The Kamchatka Woman,Сочинение И. Калашникова,1833,Северная пчела; Отд. изд.,1,Санкт-Петербург,социально-психологический,"чиновники, купцы",3 лицо,социально-психологический,социально-психологический,NOUN,1,0,этнографический,приключенческий,экзотический,бытовой,
"Кулжинский, Иван Григорьевич",мужской,0,Федюша Мотовильский,Fedyusha Motovilsky,Украинский роман,1833,Отд. изд.,1,Москва,социально-психологический,дворяне,1 лицо,социально-психологический,социально-психологический,NOUN NOUN,2,0,,,,,
аноним,na,1,"Малюта Скуратов, или Тринадцать лет царствования Царя Иоанна Васильевича Грозного","Malyuta Skuratov, or Thirteen Years of the Reign of Tsar Ivan Vasilyevich the Terrible",Историчский роман XVI столетия,1833,Отд. изд.,1,Москва,исторический,"аристократия прошлого, фольклорные герои",3 лицо,исторический,исторический,NOUN NOUN CONJ NUMR NOUN NOUN NOUN NOUN NOUN NOUN,10,0,,,,,
"Вельтман, Александр Фомич",мужской,0,MMMCDXLVIII год. Рукопись Мартена-Задека,The Year MMMCDXLVIII: The Manuscript of Martin Zadeck,,1833,Отд. изд.,1,Москва,фантастический,духовенство,3 лицо,фантастический,фантастический,NUMR NOUN NOUN NOUN,4,0,,,,,
"Вельтман, Александр Фомич",мужской,0,Кощей бессмертный,Koschei the Deathless,былина старого времени,1833,Отд. изд.,1,Москва,фантастический,"аристократия прошлого, фольклорные герои",3 лицо,фантастический,фантастический,NOUN ADJF,2,1,фантастический,исторический,фольклорный,,
"Глухарев, Иван Никитич",мужской,0,Проклятый,The Accursed,"Историко-военно описательный роман XIX столетия, заимствованый из истинного происшествия, случившегося во время войны Русских с Турками.",1833,Отд. изд.,1,Москва,исторический,,3 лицо; 1 лицо,исторический,исторический,ADJF,1,0,исторический,готический,религиозный,,
"Бантыш-Каменский, Дмитрий Николаевич",мужской,0,Княжна Меншикова,Princess Menshikova,исторический роман,1833,Отд. изд.,1,Москва,исторический,петровская знать,3 лицо,исторический,исторический,NOUN NOUN,2,0,,,,,
"Глухарев, Иван Никитич",мужской,0,"Братоубийца, или Святополк-Окаянный","The Fratricide, or Svyatopolk the Accursed",,1833,Дамский журнал,1,Москва,исторический,,3 лицо,исторический,исторический,NOUN CONJ ADJF,3,0,исторический,религиозный,нравоучительный,,
"Любецкий, Сергей Михайлович",мужской,0,Падение Великого Новгорода,The Fall of Novgorod the Great,"Исторический роман XV в., из княжения Иоанна Васильевича III Великого",1833,Отд. изд.,1,Москва,исторический,,,исторический,исторический,NOUN NOUN NOUN,3,0,,,,,
"Герасимов, А.",мужской,0,"Добромирский и президент Шукайло, или Французские войска в Белоруссии в 1812 году","Dobromirsky and President Shukailo, or French Troops in Belorussia in 1812",Соч. А...... Г.....,1833,Отд. изд.,1,Москва,исторический,,3 лицо,исторический,исторический,ADJF CONJ NOUN NOUN CONJ ADJF NOUN PREP NOUN PREP NUMR NOUN,12,0,,,,,
"Курбатов, А. Д.",мужской,0,Последний год власти герцога Бирона,The Last Year of Duke Biron's Rule,"Повесть, взятая из старинной архивы моего дедушки",1833,Отд. изд.,1,Москва,исторический роман,офицеры,3 лицо,исторический,исторический,ADJF NOUN NOUN NOUN NOUN,5,0,,,,,
"Зотов, Рафаил Михайлович",мужской,0,"Таинственный монах, или Некоторые черты из жизни Петра I","The Mysterious Monk, or Some Features from the Life of Peter I",Исторический роман,1834,Отд. изд.,1,Санкт-Петербург,"приключенческий, исторический",,3 лицо,приключенческий,приключенческий,ADJF NOUN CONJ ADJF NOUN PREP NOUN NOUN NUMR,9,0,исторический,приключенческий,авантюрный,мистический,
"Вельтман, Александр Фомич",мужской,0,Лунатик,The Sleepwalker,случай,1834,Отд. изд.,1,Москва,"фантастический, соц.-психологический",луна (?),3 лицо,фантастический,фантастический,NOUN,1,0,,,,,
"Зубов, Платон Павлович",мужской,0,"Прекрасная грузинка, или Нашествие Аги магмет Хана на Тифлис в 1796 году","The Beautiful Georgian Woman, or The Invasion of Agha Mohammad Khan on Tiflis in 1796",Исторический грузинский роман,1834,Отд. изд.,1,Москва,"любовный, кавказский, исторический",аристократы местные,3 лицо,любовный,любовный,ADJF NOUN CONJ NOUN NOUN NOUN NOUN PREP NOUN PREP NUMR NOUN,12,0,,,,,
"Соколовский, Владимир Игнатьевич",мужской,0,"Одна и две, или Любовь поэта","One and Two, or A Poet's Love",Роман из частной жизни,1834,Отд. изд.,1,Москва,"социально-психологический, автобиографический",Дворяне,1 лицо,социально-психологический,социально-психологический,ADJF CONJ NUMR CONJ NOUN NOUN,6,0,социально-психологический,любовный,,,
"Голота, Петр Иванович",мужской,0,"Хмельницкие, или Присоединение Малороссии","The Khmelnitskys, or The Annexation of Little Russia",Исторический роман XVII века,1834,Отд. изд.,1,Москва,исторический,Легендарные исторические фигуры,3 лицо,исторический,исторический,ADJF CONJ NOUN NOUN,4,0,исторический,авантюрный,политический,,
"Зубов, Платон Павлович",мужской,0,"Карабахский астролог, или Основание крепости Шуши в 1752 году","The Astrologer of Karabakh, or The Founding of the Fortress of Shusha in 1752",Исторический закавказский роман,1834,Отд. изд.,1,Москва,"исторический, ориентальный",военные,3 лицо,исторический,исторический,ADJF NOUN CONJ NOUN NOUN NOUN PREP NUMR NOUN,9,0,,,,,
"Машков, Петр Алексеевич",мужской,0,Виктор Полинский,Viktor Polinsky,Роман,1834,Отд. изд.,1,Санкт-Петербург,любовный,,3 лицо,любовный,любовный,NOUN NOUN,2,0,,,,,
"Глухарев, Иван Никитич",мужской,0,Клятвопреступница,The Oath-Breaker,Русский современный роман,1834,Отд. изд.,1,Москва,"социально-бытовой, мелодрама",купцы,3 лицо,социальный,социальный,NOUN,1,0,,,,,
"Коншин, Николай Михайлович",мужской,0,"Граф Обоянский, или Смоленск в 1812 г. Рассказ инвалида","Count Oboyansky, or Smolensk in 1812: A Veteran's Tale",рассказ инвалида,1834,Отд. изд.,1,Санкт-Петербург,"исторический, светский",дворяне,3 лицо,исторический,исторический,NOUN ADJF CONJ NOUN PREP NUMR NOUN NOUN NOUN,9,0,исторический,военный,,,
"Чуровский, Александр Иванович",мужской,0,"Черный кощей, или Заднепровский хутор у лунной горы","The Black Koschei, or The Trans-Dnieper Farmstead by the Moon Mountain",Русский роман из времен Петра Великого,1834,Отд. изд.,1,Москва,исторический роман,Дворяне,3 лицо,исторический,исторический,NOUN NOUN CONJ ADJF NOUN PREP ADJF NOUN,8,0,,,,,
"Чуровский, Александр Иванович",мужской,0,"Ведьма, или Страшные ночи за Днепром","The Witch, or Terrible Nights beyond the Dnieper","Русский роман, взятый из народного предания",1834,Отд. изд.,1,Москва,"фантастический, времена екатерины 2",Дворяне,3 лицо,фантастический,фантастический,NOUN CONJ ADJF NOUN PREP NOUN,6,0,,,,,
"Баранов, Кузьма Николаевич",мужской,0,Ночь на Рождество Христово,Christmas Eve,Роман,1834,Отд. изд.,1,Москва,социальный роман,Крестьяне,3 лицо,социальный,социальный,NOUN PREP NOUN ADJF,4,0,,,,,
"Греч, Николай Иванович",мужской,0,Черная женщина,The Black Woman,роман,1834,Отд. изд.,1,Санкт-Петербург; Москва,социально-психологический,Дворяне,3 лицо,социально-психологический,социально-психологический,ADJF NOUN,2,0,готический,социально-психологический,мистический,авантюрный,
"Любецкий, Сергей Михайлович",мужской,0,"Танька, разбойница Ростокинская, или Царские терема","Tanka the Brigand Woman of Rostokinо, or The Royal Chambers","Историческая повесть XVIII столетия. С песнями, обрядами и празднествами тогдашнего быта. Из преданий русской старины",1834,Отд. изд.,1,Москва,исторический роман,"Разбойники, крестьяне",3 лицо,исторический,исторический,NOUN NOUN ADJF CONJ ADJF NOUN,6,0,,,,,
Рудневский,мужской,0,"Давид Игоревич, Князь Владимирский, или 1097 год","David Igorevich, Prince of Vladimir, or The Year 1097",Исторический роман XI века,1834,Отд. изд.,1,Москва,исторический,легендарные исторические фигуры,1 лицо,исторический,исторический,NOUN NOUN NOUN ADJF CONJ NUMR NOUN,7,0,,,,,
"Любецкий, Сергей Михайлович",мужской,0,Рождение благословенного дома Романовых на Российском престоле,The Rise of the Blessed House of Romanov to the Russian Throne,Романические картины исторических событий: в 4-х частях,1834,Отд. изд.,1,Москва,исторический,,,исторический,исторический,NOUN ADJF NOUN NOUN PREP ADJF NOUN,7,0,,,,,
"Лутковский, Николай Петрович",мужской,0,Любовь моего соседа,My Neighbour's Love,Роман,1834,Отд. изд.,1,Санкт-Петербург,"любовный роман, роман воспитания",,3 лицо,любовный,любовный,NOUN ADJF NOUN,3,0,,,,,
"Полевой, Николай Алексеевич",мужской,0,Аббаддонна,Abaddon,Сочинение Николая Полевого,1834,Отд. изд.,1,Москва,любовный,поэт,3 лицо,любовный,любовный,NOUN,1,0,,,,,
"Свиньин, Павел Петрович",мужской,0,"Ермак, или Покорение Сибири","Yermak, or The Conquest of Siberia",Исторический роман XVI столетия,1834,Отд. изд.,1,Санкт-Петербург,исторический,казаки,3 лицо,исторический,исторический,NOUN CONJ NOUN NOUN,4,0,,,,,
"Андреев, А.",мужской,1,Иоанн Грозный и Стефан Баторий,Ivan the Terrible and Stefan Batory,исторический роман,1834,Отд. изд.,1,Москва,исторический,,3 лицо,исторический,исторический,NOUN NOUN CONJ NOUN NOUN,5,0,,,,,
"Лажечников, Иван Иванович",мужской,0,Ледяной дом,The Ice House,сочинение Лажечникова,1834,Денница; Телескоп,0,,"исторический, любовный","чиновники, аристократия прошлого",3 лицо,исторический,исторический,ADJF NOUN,2,1,исторический,любовный,авантюрный,политический,готический
"Дубровский, Петр Павлович",мужской,0,Мальвина или предчувствие сердца,"Malvina, or A Presentiment of the Heart","Сочинение Изабеллы Чарторыской, нынешней герцогини Виртенбергской",1834,Отд. изд.,1,Москва,роман,,3 лицо,,,NOUN CONJ NOUN NOUN,4,0,,,,,
"Масальский, Константин Петрович",мужской,0,Регенство Бирона,The Regency of Biron,Русская историческая повесть первой половины XIX века,1834,Отд. изд.,1,Санкт-Петербург,исторический,Легендарные исторические фигуры,3 лицо,исторический,исторический,NOUN NOUN,2,0,исторический,политический,авантюрный,,
"Павлов, Алексей Андреевич",мужской,0,"Япанча. Татарский наездник, или Завоевание Казани царем Иоанном Грозным","Yapancha: The Tatar Horseman, or The Conquest of Kazan by Tsar Ivan the Terrible",Роман XVI столетия,1834,Отд. изд.,1,Москва,исторический,Легендарные исторические фигуры,3 лицо,исторический,исторический,NOUN ADJF NOUN CONJ NOUN NOUN NOUN NOUN NOUN,9,0,,,,,
"Яблочкова, Елизавета Никитична",женский,0,Шигоны,The Shigony,"Русская повесть XVI столетия. С точным описанием житья-бытья русских бояр, их прибытия в отчины, покорность жен, пиры вельможей и наконец царская вечеринка. Мимоходом замечены монахи того времени, их поклонницы, не забыты и истинно святые мужи, как-то старцы: Симеон Курбский, Вассиан Патрикеев и Максим Грек в достоверную эпоху вторичного брака Царя Василия Иоанновича",1834,Отд. изд.,1,Москва,исторический роман,"бояре, монахи, Симеон",3 лицо,исторический,исторический,NOUN,1,0,,,,,
"Машков, Петр Алексеевич",мужской,0,Ужасный брак,A Terrible Marriage,"Событие 17 века, почерпнутое из записок одного англ. путешественника",1835,Отд. изд.,1,Санкт-Петербург,исторический,,,исторический,исторический,ADJF NOUN,2,0,,,,,
аноним,na,1,"Барановский, или Характеристические очерки частной жизни Малороссиян","Baranovsky, or Characteristic Sketches of Private Life in Little Russia",Малороссийская быль XVIII столетия,1835,Отд. изд.,1,Москва,исторический роман,,3 лицо,исторический,исторический,NOUN CONJ ADJF NOUN ADJF NOUN NOUN,7,0,,,,,
"Долинский, Александр",мужской,0,Три сердца,Three Hearts,Сочинение Александра Долинского,1835,Отд. изд.,1,Москва,любовный,Дворяне,1 лицо,любовный,любовный,NUMR NOUN,2,0,,,,,
"Степанов, Александр Петрович",мужской,0,Постоялый двор,The Wayside Inn,"Записки покойного Горянова, изданные его другом Н.П. Маловым",1835,Отд. изд.,1,Санкт-Петербург,,,,,,ADJF NOUN,2,0,,,,,
"Ваненко, Иван",мужской,1,"Чудак, или человек каких мало","The Eccentric, or A Man of a Rare Kind","Роман, почти-исторический",1835,Отд. изд.,1,Москва,светский,"разночинцы, дворяне, помещики",3 лицо,светский,светский,NOUN CONJ NOUN ADJF ADVB,5,0,,,,,
аноним,na,1,"Могила Марии, или Притон под Москвою","Maria's Grave, or The Den near Moscow",Русский роман с картинами нравов в конце XVI века,1835,Отд. изд.,1,Москва,"исторический, социально-психологический",,3 лицо,исторический,исторический,NOUN NOUN CONJ NOUN PREP NOUN,6,0,,,,,
"Курышев, И.",мужской,0,"Основание Москвы, или Смерть боярина Степана Ивановича Кучки","The Founding of Moscow, or The Death of Boyar Stepan Ivanovich Kuchka","Исторический роман, взятый из времен княжения Изяслава Мстиславича",1835,Отд. изд.,1,Санкт-Петербург,"исторический роман, москва",,,исторический,исторический,NOUN NOUN CONJ NOUN NOUN NOUN NOUN NOUN,8,0,,,,,
"Протопопов, Александр Павлович",мужской,0,"Черный гроб, или Кровавая Звезда","The Black Coffin, or The Bloody Star",Поверье XVII века,1835,Отд. изд.,1,Москва,"исторический, фольклорный, фантастический","купцы, разбойники",3 лицо,исторический,исторический,NOUN NOUN CONJ ADJF NOUN,5,0,,,,,
"Вельтман, Александр Фомич",мужской,0,"Светославич, вражий питомец","Svetoslavich, the Devil's Nursling",Диво времен красного солнца Владимира,1835,Отд. изд.,1,Москва,"исторический, фантастический","Аристократия прошлого (князья), легендарные исторические фигуры",3 лицо,исторический,исторический,NOUN ADJF NOUN,3,0,исторический,фантастический,фольклорный,,
"Сумароков, Павел Иванович",мужской,0,"Виктор, или Следствия худого воспитания","Victor, or The Consequences of a Bad Upbringing",Сочинение П... С...ва,1835,Отд. изд.,1,Санкт-Петербург,,,,,,NOUN CONJ NOUN ADJF NOUN,5,0,,,,,
"Крылов, Алексей Иванович",мужской,0,Осужденный,The Condemned,повесть в 4 частях,1835,Отд. изд.,1,Москва,"натуралистический, средний класс, низший класс",,,натуралистический,социальный,PRTF,1,0,,,,,
"Шишкина, Олимпиада Петровна",женский,0,"Князь Скопин-Шуйский, или Россия в начале XVII столетия","Prince Skopin-Shuisky, or Russia at the Beginning of the Seventeenth Century",Сочинение О. Шишкиной. В четырех частях,1835,Отд. изд.,1,Санкт-Петербург,исторический роман; россия начала xvii в.,,3 лицо,исторический,исторический,NOUN NOUN CONJ NOUN PREP NOUN NUMR NOUN,8,0,,,,,
"Сумароков, Петр Панкратьевич",мужской,0,Наследница,The Heiress,"Быль вместо романа, или Роман вместо были",1835,Отд. изд.,1,Москва,нравоописательный,Дворяне,3 лицо,нравоописательный,описательный,NOUN,1,0,,,,,
"Андреев, А.",мужской,1,"Довмонт, князь псковский","Dovmont, Prince of Pskov",Русский исторический роман XVIII века в 2 частях,1835,Отд. изд.,1,Москва,исторический роман,Легендарные исторические фигуры,3 лицо,исторический,исторический,NOUN NOUN ADJF,3,0,,,,,
"Булгарин, Фаддей Венедиктович",мужской,0,"Памятные записки титулярного советника Чухина, или Простая история обыкновенной жизни","The Memoirs of Titular Councillor Chukhin, or A Simple Story of an Ordinary Life",,1835,Отд. изд.,1,Санкт-Петербург,социально-психологический,"Дворяне, чиновник",1 лицо,социально-психологический,социально-психологический,ADJF NOUN ADJF NOUN NOUN CONJ ADJF NOUN ADJF NOUN,10,0,,,,,
"Чуровский, Александр Иванович",мужской,0,"Атаман Буря, или Вольница заволжская","Ataman Burya, or The Free Men of the Trans-Volga",Русский роман из предания старины,1835,Отд. изд.,1,Москва,исторический роман,"купцы, разбойники",3 лицо,исторический,исторический,NOUN NOUN CONJ NOUN ADJF,5,0,,,,,
"Протопопов, Александр Павлович",мужской,0,"Незаконнорожденный, или Жизнь и смерть","The Illegitimate, or Life and Death","Нравственно-фантастический роман, переделанный с польского",1835,Отд. изд.,1,Москва,"исторический, фольклорный, фантастический",,,исторический,исторический,ADJF CONJ NOUN CONJ NOUN,5,0,,,,,
Чичероне дель К.....О,мужской,1,Неправдоподобные рассказы,Improbable Tales,,1836,Отд. изд.,1,Санкт-Петербург,,,,,,ADJF NOUN,2,0,,,,,
аноним,na,1,"Россиянка 1812 года, или Любовь молодого офицера на дороге в армию","A Russian Woman of 1812, or A Young Officer's Love on the Road to the Army",роман,1836,Отд. изд.,1,Москва,исторический,,3 лицо,исторический,исторический,NOUN NUMR NOUN CONJ NOUN ADJF NOUN PREP NOUN PREP NOUN,11,0,,,,,
"Пушкин, Александр Сергеевич",мужской,0,Рославлев,Roslavlev,,1836,Современник,0,,"исторический, социально-психологический",Дворяне,1 лицо,исторический,исторический,NOUN,1,1,исторический,социально-психологический,,,
"Пушкин, Александр Сергеевич",мужской,0,Капитанская дочка,The Captain's Daughter,,1836,Современник,0,,исторический,"Дворяне, лендарные исторические фигуры",1 лицо,исторический,исторический,ADJF NOUN,2,1,исторический,приключенческий,любовный,философский,
"Вельтман, Александр Фомич",мужской,0,Предки Калимероса,The Ancestors of Kalimeros,Александр Филиппович Македонский,1836,Отд. изд.,1,Москва,"исторический, фантастический",Легендарные исторические персонажи,1 лицо,исторический,исторический,NOUN NOUN,2,0,,,,,
"Каменский, Павел Павлович",мужской,0,Сплавщики по Куре,Rafters on the Kura,отрывок из романа,1836,Телескоп,0,,,,3 лицо,,,NOUN PREP NOUN,3,0,,,,,
"Кислов, Александр Степанович",мужской,0,"Падение Шуйских, или Времена бедствий России","The Fall of the Shuiskys, or Russia's Times of Calamity",Исторический роман XVII в.,1836,Отд. изд.,1,Санкт-Петербург,исторический,Аристократия прошлого,3 лицо,исторический,исторический,NOUN ADJF CONJ NOUN NOUN NOUN,6,0,,,,,
"Грибоедов, И.",мужской,0,"София Кучко, или Любовь и мщение","Sophia Kuchko, or Love and Revenge",Исторический роман XII столетия,1836,Отд. изд.,1,Москва,исторический роман,"бояре, аристократия А. Боголюбского",3 лицо,исторический,исторический,NOUN NOUN CONJ NOUN CONJ NOUN,6,0,,,,,
"Протопопов, Александр Павлович",мужской,0,"Пан Ягожинский, отступник и мститель","Pan Yagozhinsky, Apostate and Avenger","Роман, взятый из древних польских преданий",1836,Отд. изд.,1,Москва,"исторический, фантастический",,,исторический,исторический,NOUN ADJF NOUN CONJ NOUN,5,0,,,,,
"Павлов, Алексей Андреевич",мужской,0,Елена Волхова,Yelena Volkhova,Древняя русская повесть,1836,Отд. изд.,1,Москва,исторический роман,,3 лицо,исторический,исторический,NOUN NOUN,2,0,,,,,
"Павлов, Алексей Андреевич",мужской,0,"Брат Вячеслав, или Подземелье близ Касимова","Brother Vyacheslav, or The Dungeon near Kasimov",Повесть XVI столетия,1836,Отд. изд.,1,Москва,исторический,разбойники,3 лицо,исторический,исторический,NOUN NOUN CONJ NOUN PREP NOUN,6,0,,,,,
"Зряхов, Николай Ильич",мужской,0,"Дева закубанская, или Любовь до могилы","The Maiden of the Trans-Kuban, or Love unto the Grave","Роман, сочиненный жителем Кавказа",1836,Отд. изд.,1,Москва,"авантюрный, любовный",аристократия Кавказа,3 лицо,авантюрный,приключенческий,NOUN ADJF CONJ NOUN PREP NOUN,6,0,,,,,
"Зряхов, Николай Ильич",мужской,0,"Прекрасная астраханка, или Хижина на берегу реки Оки","The Beautiful Woman of Astrakhan, or The Hut on the Bank of the Oka","Роман, взятый из истинного происшествия. Российское сочинение в двух частях.",1836,Отд. изд.,1,Москва,"авантюрный, любовный",Аристократия прошлого,1 лицо,авантюрный,приключенческий,ADJF NOUN CONJ NOUN PREP NOUN NOUN NOUN,8,0,авантюрный,любовный,сентиментальный,,
"Долинский, Александр",мужской,0,Страсть и мщение,Passion and Vengeance,роман,1836,Отд. изд.,1,Москва,светский,дворяне,3 лицо,светский,светский,NOUN CONJ NOUN,3,0,,,,,
"Протопопов, Александр Павлович",мужской,0,"Смерть Наполеона, или Расстрелянный шпион","The Death of Napoleon, or The Executed Spy",исторический роман в драматических картинках,1836,Отд. изд.,1,Москва,исторический,,,исторический,исторический,NOUN NOUN CONJ PRTF NOUN,5,0,,,,,
"С-ая, Александра",женский,1,"Земной ангел, или Своенравие","An Earthly Angel, or Wilfulness",Род романа,1836,Библиотека для чтения,0,,любовный,Дворяне,3 лицо,любовный,любовный,ADJF NOUN CONJ NOUN,4,0,,,,,
"Воскресенский, Михаил Ильич",мужской,0,Он и она,He and She,роман,1836,Отд. изд.,1,Москва,любовно-бытовой,дворяне,3 лицо,любовный,любовный,NPRO CONJ NPRO,3,0,,,,,
"Протопопов, Александр Павлович",мужской,0,"Сумасшедший, или Желтый дом","The Madman, or The Madhouse",Нравственно-сатирический роман,1836,Отд. изд.,1,Москва,"исторический, фантастический",Дворяне,1 лицо,исторический,исторический,ADJF CONJ ADJF NOUN,4,0,,,,,
"Никитин, Александр Павлович",мужской,0,Игра любви или Русский помещик в конце XVIII столетия,"The Game of Love, or A Russian Landowner at the End of the Eighteenth Century",Роман,1836,Отд. изд.,1,Москва,любовный,Дворяне,,любовный,любовный,NOUN NOUN CONJ ADJF NOUN PREP NOUN NUMR NOUN,9,0,,,,,
"Полевой, Ксенофонт Алексеевич",мужской,0,Михаил Васильевич Ломоносов,Mikhail Vasilyevich Lomonosov,Сочинение Ксенофонта Полевого,1836,Отд. изд.,1,Москва,"исторический, жизнеописание","легендарные исторические фигуры, Ломоносов",,исторический,исторический,NOUN NOUN NOUN,3,0,,,,,
"Ушаков, Василий Аполлонович",мужской,0,Последний из князей Корсунских,The Last of the Korsunsky Princes,,1837,Отд. изд.,1,Москва,социально-психологический,дворяне,1 лицо,социально-психологический,социально-психологический,ADJF PREP NOUN ADJF,4,0,социально-психологический,исторический,нравоописательный,,
"Сумароков, Павел Иванович",мужской,0,"Эмигрант, с кратким описанием американской войны, Луизианы и французской революции","The Emigrant, with a Brief Account of the American War, Louisiana, and the French Revolution",П... С...ва,1837,Отд. изд.,1,Санкт-Петербург,,,,,,NOUN PREP ADJF NOUN ADJF NOUN NOUN CONJ ADJF NOUN,10,0,,,,,
"Зряхов, Николай Ильич",мужской,0,"Михаил Новгородский, или Нарушенная клятва","Mikhail of Novgorod, or The Broken Oath",российско-исторический роман в 3 частях,1837,Отд. изд.,1,Москва,исторический,"бояре, купцы",3 лицо,исторический,исторический,NOUN ADJF CONJ PRTF NOUN,5,0,,,,,
"Зарницын, Михаил",мужской,0,Стенька Разин,Stenka Razin,исторический роман,1837,Отд. изд.,1,Санкт-Петербург,исторический роман,легендарная историческая фигура,,исторический,исторический,NOUN NOUN,2,0,,,,,
"Зотов, Рафаил Михайлович",мужской,0,"Никлас, Медвежья лапа, атаман контрабандистов, или Некоторые черты из жизни Фридриха II","Niklas Bear-Paw, Ataman of Smugglers, or Some Features from the Life of Frederick II",исторический роман,1837,Отд. изд.,1,Санкт-Петербург,исторический,", аристократы",3 лицо,исторический,исторический,NOUN ADJF NOUN NOUN NOUN CONJ ADJF NOUN PREP NOUN NOUN NUMR,12,0,,,,,
"Карпенко, Степан Данилович",мужской,0,"Могила двух, или Чувствительное сердце только раз любит","The Grave of Two, or A Tender Heart Loves but Once",исторический роман в 3 частях,1837,Отд. изд.,1,Москва,исторический роман,,,исторический,исторический,NOUN NUMR CONJ ADJF NOUN PRCL NOUN VERB,8,0,,,,,
"Вельтман, Александр Фомич",мужской,0,"Виргиния, или поездка в Россию","Virginia, or A Journey to Russia",роман,1837,Отд. изд.,1,Москва,"сатирический, иностранцы в россии",народности и этнические группы,3 лицо,сатирический,юмористический,NOUN CONJ NOUN PREP NOUN,5,0,,,,,
А.В.,мужской,1,Эпизод из владычества Биронова,An Episode from the Rule of Biron,историческая повесть,1837,Отд. изд.,1,Санкт-Петербург,исторический роман,легендарная историческая фигура,3 лицо,исторический,исторический,NOUN PREP NOUN ADJS,4,0,,,,,
"Штевен, Иван Петрович",мужской,0,"Провидение, или Событие XVIII века","Providence, or An Event of the Eighteenth Century",Сочинение И. Штевена,1837,Отд. изд.,1,Санкт-Петербург,исторический роман,,3 лицо,исторический,исторический,NOUN CONJ NOUN NUMR NOUN,5,0,,,,,
"Масальский, Константин Петрович",мужской,0,Бородолюбие,Beard-Worship,Исторические сцены из времен Петра Великого,1837,Отд. изд.,1,Санкт-Петербург,исторический,купцы,1 лицо,исторический,исторический,NOUN,1,0,,,,,
"Никитин, Александр Павлович",мужской,0,Жертва случая,A Victim of Chance,,1837,Отд. изд.,1,Москва,,,,,,NOUN NOUN,2,0,,,,,
"Чуровский, Александр Иванович",мужской,0,Запорожские наезды,Zaporozhian Raids,Украинская быль времен гетманщины,1837,Отд. изд.,1,Москва,исторический роман,,,исторический,исторический,ADJF NOUN,2,0,,,,,
М.Д.,na,1,Дмитрий Донской,Dmitry Donskoy,исторический роман,1837,Отд. изд.,1,Москва,"исторический роман, князь, дмитрий донской",,,исторический,исторический,NOUN ADJF,2,0,,,,,
аноним,na,1,"Зарайск, или Начало владычества татар над Россиею","Zaraysk, or The Beginning of Tatar Rule over Russia",Историческая повесть XIII столетия,1837,Отд. изд.,1,Москва,исторический роман,,,исторический,исторический,NOUN CONJ VERB NOUN NOUN PREP NOUN,7,0,,,,,
"Павлов, Алексей Андреевич",мужской,0,Русский богатырь,A Russian Bogatyr,Повесть времен давно минувших,1837,Отд. изд.,1,Москва,исторический,"крестьяне, рыбки",3 лицо,исторический,исторический,ADJF NOUN,2,0,,,,,
аноним,na,1,"Невеста смерти, или Любовь и гордость","The Bride of Death, or Love and Pride",роман из происшествий 1812 и 1813 годов,1837,Отд. изд.,1,Москва,исторический роман,,,исторический,исторический,NOUN NOUN CONJ NOUN CONJ NOUN,6,0,,,,,
"Меркли, Михаил Маркович",мужской,0,Борис Годунов и Россия в XVII столетии,Boris Godunov and Russia in the Seventeenth Century,Роман полуисторический,1837,Отд. изд.,1,Москва,исторический роман,бояре,3 лицо,исторический,исторический,NOUN NOUN CONJ NOUN PREP NUMR NOUN,7,0,,,,,
"Пушкин, Александр Сергеевич",мужской,0,Арап Петра Великого,The Moor of Peter the Great,роман,1837,Современник,0,,"исторический, семейная хроника","Легендарные исторические фигуры, аристократия прошлого",3 лицо,исторический,исторический,NOUN NOUN NOUN,3,1,исторический,социально-психологический,,,
"Кричевская, Любовь Яковлевна",женский,0,Граф Горский,Count Gorsky,Сочинение Любови Кричевской,1837,Современник,1,Харьков,исторический роман,,"в письмах, 3 лицо",исторический,исторический,NOUN ADJF,2,0,,,,,
"Войт, Владимир Карлович",мужской,0,Битва с пиратами,The Battle with Pirates,Отрывок из морского романа,1838,Северный архив,0,,приключенческий,"пираты, моряки",3 лицо,приключенческий,приключенческий,NOUN PREP NOUN,3,0,приключенческий,авантюрный,,,
"Зотов, Рафаил Михайлович",мужской,0,"Студент и княжна, или Возвращение Наполеона с острова Эльбы","The Student and the Princess, or Napoleon's Return from Elba",историческая повесть,1838,Отд. изд.,1,Санкт-Петербург,исторический роман,легендарная историческая фигура - Наполеон,1 лицо,исторический,исторический,NOUN CONJ NOUN CONJ NOUN NOUN PREP NOUN NOUN,9,0,,,,,
"Вельтман, Александр Фомич",мужской,0,Сердце и думка,The Heart and the Little Thought,приключение,1838,Отд. изд.,1,Москва,"фантастический, соц.-психологический, сатирический, чиновники, представители потустороннего мира",,3 лицо,фантастический,фантастический,NOUN CONJ NOUN,3,0,,,,,
"Никитин, Александр Павлович",мужской,0,Теодор Станиславский,Teodor Stanislavsky,А. Никитина,1838,Отд. изд.,1,Москва,"семейный (?), бытовой",дворяне,3 лицо,семейный,семейный,NOUN NOUN,2,0,,,,,
"Лукин, Павел Фортунатович",мужской,0,Сын актрисы,The Actress's Son,роман в 3 частях,1838,Отд. изд.,1,Санкт-Петербург,социально-психологический,разночинец (сын актрисы),3 лицо,социально-психологический,социально-психологический,NOUN NOUN,2,0,,,,,
"Степанов, Александр Петрович",мужской,0,Тайна,The Secret,Роман в 4 частях,1838,Отд. изд.,1,Санкт-Петербург,социально-бытовой,дворяне,3 лицо,социальный,социальный,NOUN,1,0,,,,,
"Павлов, Алексей Андреевич",мужской,0,Крамольники,The Seditionists,исторический роман из времен Петра Великого,1838,Отд. изд.,1,Москва,исторический,"дворяне, военные, легендарная историческая фигура",3 лицо,исторический,исторический,NOUN,1,0,,,,,
"Загоскин, Михаил Николаевич",мужской,0,Искуситель,The Tempter,сочинение,1838,Отд. изд.,1,Москва,исторический,дворяне,1 лицо,исторический,исторический,NOUN,1,0,исторический,религиозный,нравоучительный,,
"Лажечников, Иван Иванович",мужской,0,Басурман,The Infidel,,1838,Отд. изд.,1,Москва,исторический роман,,3 лицо,исторический,исторический,NOUN,1,1,исторический,авантюрный,любовный,,
"Воскресенский, Михаил Ильич",мужской,0,Проклятое место,The Accursed Place,роман,1838,Отд. изд.,1,Москва,светский роман,"мистика, запутанность присшествий, московская жизнь",,светский,светский,ADJF NOUN,2,0,,,,,
"Штевен, Иван Петрович",мужской,0,"Цыган, или Ужасная месть","The Gypsy, or A Terrible Revenge",Происшествие минувшего столетия: в 2 частях,1838,Отд. изд.,1,Санкт-Петербург,исторический роман,"цыгане, рыбаки, дворяне",3 лицо,исторический,исторический,NOUN CONJ ADJF NOUN,4,0,,,,,
"Воскресенский, Михаил Ильич",мужской,0,Черкес,The Circassian,роман,1839,Отд. изд.,1,Москва,"аристократы, общественные тенденции, осуждение крепостничества",аристократы,3 лицо,социальный,социальный,NOUN,1,0,,,,,
"Загоскин, Михаил Николаевич",мужской,0,Тоска по родине,Homesickness,Повесть,1839,Отд. изд.,1,Москва,,,3 лицо,,,NOUN PREP NOUN,3,0,,,,,
"Салманов, Петр Алексеевич",мужской,0,"Черное время, или Некоторые сцены из жизни Емельки Пугачева","Dark Times, or Some Scenes from the Life of Emelka Pugachev",Исторический роман XVIII века,1839,Отд. изд.,1,Москва,исторический,"исторические лица (Екатерина II, Пугачев), военные",3 лицо,исторический,исторический,ADJF NOUN CONJ ADJF NOUN PREP NOUN NOUN NOUN,9,0,,,,,
"Лукин, Павел Фортунатович",мужской,0,"Талисман, или Заклинатель духов","The Talisman, or The Conjurer of Spirits",Фантастический роман,1839,Отд. изд.,1,Москва,фантастический роман,"немцы, Саксония",3 лицо,фантастический,фантастический,NOUN CONJ NOUN NOUN,4,0,,,,,
Закамский,мужской,1,Женщина XIX столетия,A Woman of the Nineteenth Century,роман,1839,Отд. изд.,1,Москва,социально-психологический,дворяне,3 лицо + 1л (дневник),социально-психологический,социально-психологический,NOUN NUMR NOUN,3,0,,,,,
"Зотов, Рафаил Михайлович",мужской,0,"Фра-Диаволо, или Последние годы Венеции","Fra Diavolo, or The Last Years of Venice",Исторический роман,1839,Отд. изд.,1,Санкт-Петербург,исторический,аристократы,3 лицо,исторический,исторический,NOUN CONJ ADJF NOUN NOUN,5,0,,,,,
"Бороградский, Никифор",мужской,0,"Путешествие в Смоленск, или Воспоминание 1812 года","A Journey to Smolensk, or A Memoir of the Year 1812",Сочинение Никифора Бороградского,1839,Отд. изд.,1,Москва,исторический роман,"война 1812 года, военные",1 лицо,исторический,исторический,NOUN PREP NOUN CONJ NOUN NUMR NOUN,7,0,исторический,,,,
"Миллер, Федор Богданович",мужской,0,Цыганка,The Gypsy Woman,Роман,1839,Отд. изд.,1,Москва,любовный,цыгане,1 лицо,любовный,любовный,NOUN,1,0,,,,,
аноним,na,1,"Бородинское поле, или Смерть за честь","The Field of Borodino, or Death for Honour",Исторический роман,1839,Отд. изд.,1,Москва,"исторический роман, война 1812 года",дворяне,3 лицо,исторический,исторический,ADJF NOUN CONJ NOUN PREP NOUN,6,0,,,,,
аноним,na,1,Несчастная,The Unfortunate Woman,Роман в начале царствования Императрицы Екатерины Алексеевны II XVIII века,1839,Отд. изд.,1,Москва,исторический роман,легендарная историческая фигура -Екатерна II,3 лицо,исторический,исторический,ADJF,1,0,,,,,
"Мирошевский, Василий Иванович",мужской,0,"Девица Всеволожская, или Картины русского быта в XVII веке","The Maiden Vsevolozhskaya, or Pictures of Russian Life in the Seventeenth Century",сочинение В. Мирошевского,1839,Отд. изд.,1,Санкт-Петербург,исторический роман,дворяне,3 лицо,исторический,исторический,NOUN ADJF CONJ NOUN ADJF NOUN PREP NUMR NOUN,9,0,,,,,
"Зотов, Рафаил Михайлович",мужской,0,"Шапка юродивого, или Трилиственник","The Holy Fool's Cap, or The Trefoil",Исторический роман из времен Елисаветы и Екатерины,1839,Отд. изд.,1,Москва,исторический,"военные, дворяне",3 лицо,исторический,исторический,NOUN ADJF CONJ NOUN,4,0,,,,,
"Каменский, Павел Павлович",мужской,0,Искатель сильных ощущений,A Seeker of Strong Sensations,сочинение,1839,Отд. изд.,1,Санкт-Петербург,автобиографический,"дворяне, военные",3 лицо,автобиографический,биографический,NOUN ADJF NOUN,3,0,,,,,
"Любецкий, Сергей Михайлович",мужской,0,Рыцарство XIX века,Chivalry of the Nineteenth Century,Современный рассказ с летописью нравов (в роде были),1839,Отд. изд.,1,Москва,"нравописательный роман, автобиографический роман",дворяне,3 лицо,описательный,описательный,NOUN NUMR NOUN,3,0,,,,,
"Крылов, Алексей Иванович",мужской,0,Женщина-изверг,The Monster-Woman,"Быль, рассказанная другу: в 3 частях",1839,Отд. изд.,1,Москва,любовный,дворяне,в письмах,любовный,любовный,NOUN,1,0,,,,,
"Дмитревский, Михаил Иванович",мужской,0,"Иван Сусанин, или Смерть за царя","Ivan Susanin, or Death for the Tsar",исторический роман,1839,Отд. изд.,1,Москва,исторический,"крестьяне, Сусанин",3 лицо,исторический,исторический,NOUN NOUN CONJ NOUN PREP NOUN,6,0,,,,,
"Квитка-Основьяненко, Григорий Федорович",мужской,0,Пан Халявский,Pan Khalyavsky,Роман,1839,Отечественные записки,0,,соц.-психологический,панство,1 лицо,социально-психологический,социально-психологический,NOUN ADJF,2,0,социально-психологический,сатирический,бытовой,,
"Дурова, Надежда Андреевна",женский,0,Гудишки,Gudishki,Роман,1839,Отд. изд.,1,Санкт-Петербург,роман,гусарский полк,1 лицо,,,NOUN,1,0,социально-психологический,бытовой,,,
"Чуровский, Александр Иванович",мужской,0,"Ротмистр-чернокнижник, или Москва в 1812 году","The Cavalry-Captain Sorcerer, or Moscow in 1812",роман из походных записок артиллерийского полковника,1839,Отд. изд.,1,Москва,"исторический роман, война 1812 года",военные,3 лицо,исторический,исторический,NOUN CONJ NOUN PREP NUMR NOUN,6,0,,,,,
"Долинский, Александр",мужской,0,"Жизнь сердца, или как любят женщины?","The Life of the Heart, or How Do Women Love?",,1839,Отд. изд.,1,Москва,любовный,дворяне,1 лицо,любовный,любовный,NOUN NOUN CONJ CONJ VERB NOUN,6,0,,,,,
аноним,na,1,"Ермак, покоритель Сибири","Yermak, Conqueror of Siberia",Исторический роман,1839,Отд. изд.,1,Москва,"исторический роман, ермак",,,исторический,исторический,NOUN NOUN NOUN,3,0,,,,,
аноним,na,1,Вечевой колокол,The Veche Bell,Русский роман XV столетия,1839,Отд. изд.,1,Москва,исторический роман,,,исторический,исторический,ADJF NOUN,2,0,,,,,
"Корф, Федор Федорович",мужской,0,Перерождение,Rebirth,Сочинение барона Фёдора Корфа,1840,Отд. изд.,1,Санкт-Петербург,"морально-психологический; исповедь, изменение веры.",купцы,1 лицо,психологический,психологический,NOUN,1,0,,,,,
"Зотов, Рафаил Михайлович",мужской,0,"Цын-Киу-Тонг, или Три добрые дела духа тьмы","Tsyn-Kiu-Tong, or Three Good Deeds of the Spirit of Darkness",фантастический роман в 4 частях,1840,Отд. изд.,1,Санкт-Петербург,фантастический,китайские духи,,фантастический,фантастический,NOUN CONJ NUMR ADJF NOUN NOUN NOUN,7,0,,,,,
"Лажечников, Иван Иванович",мужской,0,Колдун на Сухаревской башне,The Sorcerer in the Sukharev Tower,роман,1840,Отечественные записки,0,,"исторический роман, чернокнижник",дворяне,в письмах,исторический,исторический,NOUN PREP ADJF NOUN,4,0,исторический,фантастический,готический,мистический,
"Мышицкий, Нил Алексеевич",мужской,0,"Сицкий, капитан фрегата","Sitsky, Captain of the Frigate",сочинение князя Н. Мышицкого,1840,Маяк; Северная пчела,1,Санкт-Петербург,любовный,моряки,3 лицо,любовный,любовный,NOUN NOUN NOUN,3,0,,,,,
"Бегичев, Дмитрий Никитич",мужской,0,Ольга,Olga,"Быт русских дворян в начале нынешнего столетия. Сочинение автора: ""семейство Холмских""",1840,Отд. изд.,1,Санкт-Петербург,исторический,дворяне,3 лицо,исторический,исторический,NOUN,1,0,,,,,
"Лермонтов, Михаил Юрьевич",мужской,0,Герой нашего времени,A Hero of Our Time,,1840,Отд. изд.,1,Санкт-Петербург,психологический,"дворяне, военные, криминальный мир",1 лицо,психологический,психологический,NOUN ADJF NOUN,3,1,социально-психологический,философский,,,
"Башуцкий, Александр Павлович",мужской,0,Мещанин,The Townsman,Очерки из портфеля ученика натурного класса,1840,Отд. изд.,1,Санкт-Петербург,социально-психологический,разночинцы,1 лицо,социально-психологический,социально-психологический,NOUN,1,0,,,,,
"Вельтман, Александр Фомич",мужской,0,Генерал Каломерос,General Kalomeros,роман,1840,Отд. изд.,1,Москва,исторический,"истоические лица (Наполеон), военные, дворяне",3 лицо,исторический,исторический,NOUN NOUN,2,0,исторический,авантюрный,биографический,,
"Павлов, Алексей Андреевич",мужской,0,Рыцарь креста. Некоторые черты из достопамятного года,A Knight of the Cross: Some Features from a Memorable Year,Исторический роман,1840,Отд. изд.,1,Москва,исторический,"исторические лица (Наполеон, Александр I), офицеры, дворяне",3 лицо,исторический,исторический,NOUN NOUN ADJF NOUN PREP ADJF NOUN,7,0,,,,,
"Одоевский, Владимир Федорович",мужской,0,4338 год,The Year 4338,Петербургские письма,1840,Утренняя заря,1,Москва,фантастический,,в письмах,фантастический,фантастический,NUMR NOUN,2,0,фантастический,утопический,философский,,
"Корф, Федор Федорович",мужской,0,Суд в Ревельском магистрате,A Trial in the Reval Magistracy,роман из истории Эстляндии XVI века,1841,Отд. изд.,1,Санкт-Петербург,исторический,"рыцари, купечество",3 лицо,исторический,исторический,NOUN PREP ADJF NOUN,4,0,,,,,
"Закревская, Софья Алексеевна",женский,0,Институтка,The Boarding-School Girl,роман в письмах,1841,Отечественные записки,0,,социально-психологический,"институтки, военные",в письмах,социально-психологический,социально-психологический,NOUN,1,1,,,,,
"Штевен, Иван Петрович",мужской,0,Солнечный луч. Происшествие из времени Екатерины II,A Ray of Sunshine: An Incident from the Time of Catherine II,роман в 5 частях,1841,Отд. изд.,1,Санкт-Петербург,"исторический роман, уголовный","военные, дворяне",3 лицо,исторический,исторический,ADJF NOUN NOUN PREP NOUN NOUN NUMR,7,0,исторический,уголовный,авантюрный,,
"Фан-Дим, Федор",женский,1,Голос за родное,A Voice for the Homeland,повесть,1841,Маяк,0,,светский,дворяне,3 лицо,светский,светский,NOUN PREP ADJF,3,0,,,,,
"Сенковский, Осип Иванович",мужской,0,"Идеальная красавица, или Дева чудная","The Ideal Beauty, or The Wondrous Maiden",,1841,Библиотека для чтения,0,,высмеивает традиц. романтич. сюжеты,,1 лицо,сатирический,юмористический,ADJF NOUN CONJ NOUN ADJF,5,0,,,,,
"Кукольник, Нестор Васильевич",мужской,0,Эвелина де Вальероль,Evelina de Vallerol,роман,1841,Отд. изд.,1,Санкт-Петербург,исторический,разночинцы,3 лицо,исторический,исторический,NOUN PRCL NOUN,3,0,,,,,
"Фан-Дим, Федор",женский,1,Александрина,Alexandrina,"Небольшой роман, взятый из записок Юрия З.",1841,Рус.беседа. Собрание сочинений русских литераторов,0,,светский,дворяне,1 лицо,светский,светский,NOUN,1,0,,,,,
"Филимонов, Владимир Сергеевич",мужской,0,Непостижимая,The Incomprehensible Woman,,1841,Отд. изд.,1,Санкт-Петербург,нравоописательный,дворяне,3 лицо,нравоописательный,описательный,ADJF,1,0,,,,,
"Пушкин, Александр Сергеевич",мужской,0,Русский пелам,The Russian Pelham,роман,1841,Отд. изд.,0,,авантюрно-психологический роман,,1 лицо,авантюрный,приключенческий,ADJF NOUN,2,1,авантюрный,социально-психологический,светский,,
"Пушкин, Александр Сергеевич",мужской,0,Дубровский,Dubrovsky,,1841,Отд. изд. (СС),1,Санкт-Петербург,роман основан на истинной истории о помещике-разбойнике,дворяне,3 лицо,исторический,исторический,ADJF,1,1,авантюрный,любовный,социально-психологический,,
"Квитка-Основьяненко, Григорий Федорович",мужской,0,"Жизнь и похождения Петра Степанова сына Столбикова, помещика в трех наместничествах","The Life and Adventures of Pyotr Stepanov's Son Stolbikov, a Landowner in Three Provinces",Рукопись XVIII века,1841,Отд. изд.,1,Санкт-Петербург,просветительский роман,"дворяне, помещики",1 лицо,просветительский,воспитания,NOUN CONJ NOUN NOUN NOUN NOUN ADJS NOUN PREP NUMR NOUN,11,0,,,,,
"Калашников, Иван Тимофеевич",мужской,0,Автомат,The Automaton,Сочинение И. Калашникова,1841,Отд. изд.,1,Санкт-Петербург,социально-психологический,чиновник,3 лицо,социально-психологический,социально-психологический,NOUN,1,0,,,,,
"Протопопов, Александр Павлович",мужской,0,"Человек, женщина и демон","Man, Woman, and Demon","Роман, взятый из древнего сказания о пане Твардовском",1841,Отд. изд.,1,Москва,"исторический, фольклорный, фантастический, любовный","военные, дворяне",3 лицо,исторический,исторический,NOUN NOUN CONJ NOUN,4,0,,,,,
"Башуцкий, Александр Павлович",мужской,0,Две главы из романа,Two Chapters from a Novel,,1841,Русская беседа,0,,социально-психологический,,3 лицо,социально-психологический,социально-психологический,NUMR NOUN PREP NOUN,4,0,,,,,
"Воскресенский, Михаил Ильич",мужской,0,Мечтатель,The Dreamer,роман,1841,Отд. изд.,1,Москва,социальный,аристократы + ?,3 лицо,социальный,социальный,NOUN,1,0,,,,,
"Соловьев, Федор Николаевич",мужской,0,Неведомая,The Unknown Woman,роман в 2 частях,1842,Отд. изд.,1,Москва,светский,"дворяне (?), разночинцы, литераторы, литературные критики",3 лицо,светский,светский,ADJF,1,0,светский,психологический,любовный,,
"Фан-Дим, Федор",женский,1,Два призрака,Two Phantoms,роман,1842,Отд. изд.,1,Санкт-Петербург,светский,дворяне,3 лицо; 1 лицо; в письмах,светский,светский,NUMR NOUN,2,0,,,,,
"Бегичев, Дмитрий Никитич",мужской,0,"Последствия услуги, оказанной кстати и вовремя",The Consequences of a Timely Service,,1842,Отд. изд.,1,Санкт-Петербург,социально-психологический,дворяне,3 лицо,социально-психологический,социально-психологический,NOUN NOUN PRTF CONJ CONJ ADVB,6,0,,,,,
"Гоголь, Николай Васильевич",мужской,0,"Похождения Чичикова, или Мертвые души","The Adventures of Chichikov, or Dead Souls",поэма,1842,Отд. изд.,1,Москва,социальный,дворяне,3 лицо,социальный,социальный,NOUN NOUN CONJ NOUN NOUN,5,1,сатирический,плутовской,философский,авантюрный,
"Воскресенский, Михаил Ильич",мужской,0,Сердце женщины,A Woman's Heart,роман,1842,Отд. изд.,1,Москва,социально-любовный,дворяне,3 лицо,социальный,социальный,NOUN NOUN,2,0,,,,,
"Кукольник, Нестор Васильевич",мужской,0,Дурочка Луиза,Silly Louisa,Роман,1842,Библиотека для чтения,0,,любовный,дворяне,,любовный,любовный,NOUN NOUN,2,0,,,,,
"Зражевская, Александра Васильевна",женский,0,Женщина - поэт и автор,A Woman: Poet and Author,Отрывок из романа,1842,Москвитянин,0,,"эпистолярный,",дворяне,в письмах,эпистолярный,эпистолярный,NOUN NOUN CONJ NOUN,5,0,эпистолярный,социально-психологический,,,
"Загоскин, Михаил Николаевич",мужской,0,Кузьма Петрович Мирошев,Kuzma Petrovich Miroshev,Русская быль времен Екатерины II,1842,Отд. изд.,1,Москва,исторический,дворяне,3 лицо,исторический,исторический,NOUN NOUN NOUN,3,0,,,,,
"Кукольник, Нестор Васильевич",мужской,0,Альф и Альдона,Alf and Aldona,исторический роман,1842,Отд. изд.,1,Санкт-Петербург,исторический,дворяне,3 лицо,исторический,исторический,NOUN CONJ NOUN,3,0,,,,,
"Бакунина, Прасковья Михайловна",женский,0,Одна из женщин XIX века,A Woman of the Nineteenth Century,Эпизод из романа: Студенческая жизнь,1842,Москвитянин,0,,социальный,падшая женщина,1 лицо,социальный,социальный,ADJF PREP NOUN NUMR NOUN,5,0,социально-психологический,феминистский,,,
"Соловьев, Федор Николаевич",мужской,0,Фамилия Кастальских,The Kastalsky Family,роман в трех частях,1842,Отд. изд.,1,Москва,"семейный, дворяне",,,семейный,семейный,NOUN ADJF,2,0,,,,,
"Некрасов, Николай Алексеевич",мужской,0,Жизнь и похождения Тихона Тростникова,The Life and Adventures of Tikhon Trostnikov,"Эпизод из жизни сотрудника газеты, знаменитой замысловатостью эпиграфа, — рассказанный коротким его приятелем",1843,Отечественные записки,0,,"социально-психологический, разночинцы",,1 лицо,социально-психологический,социально-психологический,NOUN CONJ NOUN NOUN ADJS,5,0,социально-психологический,,,,
"Классен, Егор Иванович",мужской,0,Провинциальная жизнь,Provincial Life,Описательный роман XIX века,1843,Отд. изд.,1,Москва,описательный роман,"дворяне, военные, чиновники",3 лицо,описательный,описательный,ADJF NOUN,2,0,,,,,
"Кукольник, Нестор Васильевич",мужской,0,Историческая красавица,A Historical Beauty,Роман,1843,Библиотека для чтения,0,,исторический,дворяне,,исторический,исторический,ADJF NOUN,2,0,,,,,
"Гребёнка, Евгений Павлович",мужской,0,Чайковский,Tchaikovsky,Роман,1843,Отечественные записки,0,,исторический,военные,1 лицо,исторический,исторический,NOUN,1,0,исторический,авантюрный,,,
"Брант (Брандт), Леопольд Васильевич",мужской,0,Жизнь как она есть,Life as It Is,"Записки неизвестного, изданные Л. Брантом",1843,Отд. изд.,1,Санкт-Петербург,светский,дворяне,1 лицо,светский,светский,NOUN CONJ NPRO INTJ,4,0,светский,нравоописательный,бытовой,,
"Кулиш, Пантелеймон Александрович",мужской,0,"Михайло Чарнышенко, или Малороссия восемьдесят лет назад","Mikhailo Charnyshenko, or Little Russia Eighty Years Ago",Соч. П. Кулеша,1843,Отд. изд.,1,Киев,"исторический, семейный",,3 лицо,исторический,исторический,NOUN NOUN CONJ NOUN NUMR NOUN ADVB,7,0,,,,,
"Зотов, Владимир Рафаилович",мужской,0,Черный таракан,The Black Cockroach,Фантастический роман из жизни одного чиновника,1843,Пантеон,0,,фантастический,"чиновники, разночинцы",1 лицо,фантастический,фантастический,NOUN NOUN,2,0,фантастический,мистический,готический,,
"Вельтман, Александр Фомич",мужской,0,"Райна, королевна болгарская","Raina, Princess of Bulgaria",,1843,Библиотека для чтения,0,,исторический,"исторические лица, военные, дворяне",3 лицо,исторический,исторический,NOUN NOUN ADJF,3,0,исторический,авантюрный,,,
"Протопопов, Александр Павлович",мужской,0,Осада Троицко-Сергиевской лавры или русские в 1608 г.,"The Siege of the Trinity-Sergius Lavra, or Russians in 1608",Исторический ромам XVII века,1843,Отд. изд.,1,Санкт-Петербург,исторический роман; россия xvii в.,"исторические лица, дворяне, военные",3 лицо,исторический,исторический,NOUN ADJF NOUN CONJ ADJF PREP NUMR NOUN,8,0,,,,,
"Протопопов, Александр Павлович",мужской,0,Отшельник,The Hermit,роман XIX века,1843,Отд. изд.,1,Москва,нравоописательный,"военные, монахи",1 лицо,нравоописательный,описательный,NOUN,1,0,,,,,
"Федоров, Борис Михайлович",мужской,0,Князь Курбский,Prince Kurbsky,исторический роман из событий XVI века,1843,Отд. изд.,1,Санкт-Петербург,исторический роман,"дворяне, исторические лица, военные",3 лицо,исторический,исторический,NOUN NOUN,2,0,,,,,
"Одоевский, Владимир Федорович",мужской,0,Русские ночи,Russian Nights,,1844,Отд. изд.,1,Санкт-Петербург,"философский, социально-психологический","дворяне, разночинцы",3 лицо,философский,философский,ADJF NOUN,2,0,философский,социально-психологический,,,
"Зотов, Рафаил Михайлович",мужской,0,Бородинское ядро и Березинская переправа,The Cannonball of Borodino and the Crossing of the Berezina,Исторический роман,1844,Пантеон,0,,исторический,военные,3 лицо,исторический,исторический,ADJF NOUN CONJ ADJF NOUN,5,0,исторический,военный,авантюрный,,
"Кукольник, Нестор Васильевич",мужской,0,"Два Ивана, два Степаныча, два Костылькова","Two Ivans, Two Stepanyches, Two Kostylkovs",Роман,1844,Библиотека для чтения,0,,исторический,"крестьяне, помещики",3 лицо,исторический,исторический,NUMR NOUN NUMR NOUN NUMR NOUN,6,0,,,,,
"Воскресенский, Михаил Ильич",мужской,0,Самопожертвование,Self-Sacrifice,роман,1844,Отд. изд.,1,Москва,социально-психологический,дворяне,3 лицо,социально-психологический,социально-психологический,NOUN,1,0,,,,,
"Гребёнка, Евгений Павлович",мужской,0,Доктор,The Doctor,повесть,1844,Отечественные записки,0,,социально-психологический,дворяне,3 лицо,социально-психологический,социально-психологический,NOUN,1,0,,,,,
"Шишкина, Олимпиада Петровна",женский,0,"Прокопий Ляпунов, или междуцарствие в России","Prokopy Lyapunov, or The Interregnum in Russia","Продолжение ""Князя Скопина-Шуйского"", сочинение того же автора",1845,Отд. изд.,1,Санкт-Петербург,исторический роман; россия времен смуты,,3 лицо,исторический,исторический,NOUN NOUN CONJ NOUN PREP NOUN,6,0,исторический,авантюрный,,,
"Зряхов, Николай Ильич",мужской,0,"Геройство и любовь, или Замок на берегах Дона","Heroism and Love, or The Castle on the Banks of the Don",российско-исторический роман,1845,Отд. изд.,1,Москва,"исторический, приключенческий, иван грозный","бояре, казаки",3 лицо,исторический,исторический,NOUN CONJ NOUN CONJ NOUN PREP NOUN NOUN,8,0,,,,,
"Вельтман, Александр Фомич",мужской,0,"Новый Емеля, или превращения","The New Emelya, or Transformations",роман,1845,Отд. изд.,1,Москва,"фантастический, сатирический",дворяне,3 лицо,фантастический,фантастический,ADJF NOUN CONJ NOUN,4,0,,,,,
"Булгарин, Фаддей Венедиктович (совместно с Полевым Николаем Алексеевичем)",мужской,0,Счастье лучше богатырства,Happiness Is Better than Heroism,"рукопись, найденная и изданная",1845,Библиотека для чтения,0,,социально-психологический,разночинцы,1 лицо,социально-психологический,социально-психологический,NOUN COMP NOUN,3,0,,,,,
"Панаев, Иван Иванович",мужской,0,Маменькин сынок,A Mother's Boy,Роман в двух частях,1845,Отечественные записки,0,,социально-психологический,,3 лицо,социально-психологический,социально-психологический,ADJF NOUN,2,0,,,,,
"Потапов, Василий Федорович",мужской,0,"Марфа Васильевна, третья супруга Иоанна Грозного","Marfa Vasilyevna, the Third Wife of Ivan the Terrible",Исторический роман XVI века в 2 частях,1845,Отд. изд.,1,Москва,исторический,бояре,3 лицо,исторический,исторический,NOUN NOUN ADJF NOUN NOUN NOUN,6,0,,,,,
"Машков, Петр Алексеевич",мужской,0,Тайна жизни,The Secret of Life,Сочинение П. Машкова,1845,Отд. изд.,1,Санкт-Петербург,,,,,,NOUN NOUN,2,0,,,,,
"Бегичев, Дмитрий Никитич",мужской,0,Записки губернского чиновника,Notes of a Provincial Official,,1845,Сто русских литераторов,1,Санкт-Петербург,социально-психологический,чиновник,1 лицо,социально-психологический,социально-психологический,NOUN ADJF NOUN,3,0,,,,,
"Ковалевский, Егор Петрович",мужской,0,Петербург днем и ночью,Petersburg by Day and by Night,,1845,Библиотека для чтения,0,,социально-авантюрный роман-фельетон,,3 лицо,социальный,социальный,NOUN ADVB CONJ ADVB,4,0,авантюрный,бытовой,,,
"Кукольник, Нестор Васильевич",мужской,0,Три периода,Three Periods,Сочинение Н.В. Кукольника,1845,Библиотека для чтения,0,,"исторический, помещики, чиновники",,3 лицо,исторический,исторический,NUMR NOUN,2,0,,,,,
"Павлова, Каролина Карловна",женский,0,Двойная жизнь,A Double Life,очерк,1845,Москвитянин; Московский сборник на 1847 год,0,,автобиографический,дворяне,3 лицо,автобиографический,биографический,ADJF NOUN,2,0,социально-психологический,,,,
"Потапов, Василий Федорович",мужской,0,Раскольники,The Schismatics,исторический роман,1846,Отд. изд.,1,Москва,исторический,купцы (новгород),3 лицо,исторический,исторический,NOUN,1,0,,,,,
"Достоевский, Федор Михайлович",мужской,0,Бедные люди,Poor Folk,Роман,1846,Петербургский сборник,1,Санкт-Петербург,социально-психологический,"чиновники, разночинцы",в письмах,социально-психологический,социально-психологический,ADJF NOUN,2,1,социально-психологический,сентиментальный,эпистолярный,,
"Корсини, Мария Антоновна",женский,0,Институтка,The Boarding-School Girl,Повесть,1846,"Мысли и повести, посвященные юношеству",1,Санкт-Петербург,автобиографический роман,институтка,1 лицо,автобиографический,биографический,NOUN,1,0,,,,,
"Потапов, Василий Федорович",мужской,0,"Иван Великий, или Таинственная юродивая","Ivan the Great, or The Mysterious Holy Fool","исторический роман времен Бориса Годунова, Лжедмитрия и царя Василия Иоанновича Шуйского",1846,Отд. изд.,1,Москва,исторический,аристократия,3 лицо,исторический,исторический,NOUN ADJF CONJ ADJF ADJF,5,0,исторический,мистический,религиозный,,
"Хамар-Дабанов, Е.",женский,1,Проделки на Кавказе,Mischief in the Caucasus,Сочинение Е. Хамар-Дабанова,1846,Отд. изд.,1,Санкт-Петербург; Лейпциг,соц.-психологический роман,"военные, дворяне",3 лицо,социально-психологический,социально-психологический,NOUN PREP NOUN,3,0,социально-психологический,этнографический,сатирический,,
"Вельтман, Александр Фомич",мужской,0,Саломея,Salome,"приключения, почерпнутые из моря житейского",1846,Библиотека для чтения,0,,соц.-психологический,"персонажи разных сословий: дворяне, разночинцы, военные",3 лицо,социально-психологический,социально-психологический,NOUN,1,0,социально-психологический,любовный,светский,,
"Кузьмич, Александр Петрович",мужской,0,Зиновий-Богдан Хмельницкий,Zinoviy-Bogdan Khmelnytsky,сочинение Александра Кузьмича,1846,Отд. изд.,1,Санкт-Петербург,"исторический, авантюрный",казаки,3 лицо,исторический,исторический,NOUN ADJF,2,0,,,,,
"Загоскин, Михаил Николаевич",мужской,0,Брынский лес,The Brynsk Forest,Эпизод из первых годов царствования Петра Великого,1846,Отд. изд.,1,Москва,исторический,аристократия,3 лицо,исторический,исторический,NOUN NOUN,2,1,исторический,приключенческий,бытовой,авантюрный,
"Машков, Петр Алексеевич",мужской,0,"Юмористические рассказы нашего времени, издаваемые Абракадаброю. Вот тебе и Марья Петровна! или Занимательные похождения помощника столоначальника Феклиста Парамоновича Вертихвостова","Humorous Tales of Our Time, Published by Abracadabra: There You Have It, Marya Petrovna! or The Entertaining Adventures of Desk-Chief's Assistant Fekliste Paramonovich Vertikhvostov",Вот тебе и Марья Петровна! или Занимательные похождения помощника столоначальника Феклиста Парамоновича Вертихвостова,1846,Отд. изд.,1,Санкт-Петербург,"авантюрно-сентиментальный, пикареска",чииновник,3 лицо,авантюрный,приключенческий,ADJF NOUN ADJF NOUN PRTF NOUN PRCL NPRO CONJ NOUN NOUN CONJ ADJF NOUN NOUN NOUN NOUN NOUN NOUN,19,0,,,,,
"Гончаров, Иван Александрович",мужской,0,Обыкновенная история,A Common Story,роман,1847,Современник,0,,"роман воспитания, социально-психологический",двояне,3 лицо,воспитания,воспитания,ADJF NOUN,2,1,роман воспитания,социально-психологический,семейный,,
"Сухонин, Петр Петрович",мужской,1,Спекуляторы,The Speculators,роман,1847,Библиотека для чтения,0,,"деловой роман, приключенческий, спекуляторы",,3 лицо,приключенческий,приключенческий,NOUN,1,0,авантюрный,нравоописательный,,,
"Зубов, Платон Павлович",мужской,0,"Талисман, или Кавказ в последние годы царствования императрицы Екатерины II","The Talisman, or The Caucasus in the Last Years of the Reign of Empress Catherine II",исторический роман в 2-х ч,1847,Отд. изд.,1,Санкт-Петербург,"исторический, любовный","горцы, дворяне",3 лицо,исторический,исторический,NOUN CONJ NOUN PREP ADJF NOUN NOUN NOUN NOUN NUMR,10,0,,,,,
"Закревская, Софья Алексеевна",женский,0,Креницы,Krenitsy,Роман в двух частях С. А. Закревской,1847,Финский вестник,0,,семейно-бытовой,дворяне,3 лицо,семейный,семейный,NOUN,1,0,,,,,
"Герцен, Александр Иванович",мужской,0,Кто виноват?,Who Is to Blame?,роман,1847,Современник,0,,"социально-психологический, философский","дворяне, разночинцы",3 лицо,социально-психологический,социально-психологический,NPRO ADJS,2,1,социально-психологический,философский,идеологический,,
"Фурман, Петр Романович",мужской,0,Александр Данилович Меньшиков,Alexander Danilovich Menshikov,исторический роман,1847,Отд. изд.,1,Санкт-Петербург,исторический,"исторические лица, аристократы, военные",3 лицо,исторический,исторический,NOUN NOUN NOUN,3,0,,,,,
"Гурьянов, Иван Гавриилович",мужской,0,"Дмитрий Иоаннович Донской, или Ужасное Мамаево Побоище","Dmitry Ioanovich Donskoy, or The Terrible Battle of Kulikovo",повесть XIV столетия,1847,Отд. изд.,1,Москва,исторический роман,"легендарная историческая фигура - князь, Дмитрий Донской",3 лицо,исторический,исторический,NOUN NOUN ADJF CONJ ADJF ADJF NOUN,7,0,,,,,
"Корф, Федор Федорович",мужской,0,Как люди богатеют,How People Grow Rich,повесть в 2 частях,1847,Современник,0,,социально-бытовой,,3 лицо,социальный,социальный,CONJ NOUN VERB,3,0,,,,,
"Масальский, Константин Петрович",мужской,0,Дворянин Лука Лукич Брюквин,The Nobleman Luka Lukich Bryukvin,роман,1847,Сын Отечества,0,,социальный,дворяне,3 лицо,социальный,социальный,NOUN NOUN NOUN NOUN,4,0,,,,,
"Плохово, А.Н.",женский,0,"Сумский, или Нечто вроде были","Sumsky, or Something Like a True Story",Сочинение Александры Плохово,1848,Отд. изд.,1,Москва,любовный роман,"дворяне, разночинцы",3 лицо,любовный,любовный,ADJF CONJ NPRO PRCL VERB,5,0,любовный,светский,психологический,,
"Корсини, Мария Антоновна",женский,0,Любовь светских людей,The Love of Society Folk,,1848,Отд. изд.,1,Санкт-Петербург,сатирический;,,,сатирический,юмористический,NOUN ADJF NOUN,3,0,,,,,
"Разин, Алексей Егорович",мужской,0,Жизнь и приключения домашнего учителя,The Life and Adventures of a Private Tutor,Роман: В 4 ч.,1848,Северное обозрение,0,,"автобиография, учитель",,,автобиографический,биографический,NOUN CONJ NOUN ADJF NOUN,5,0,,,,,
"Розен, Егор Федорович",мужской,0,Сидонский,Sidonsky,Роман,1848,Сын отечества,0,,русский философ сидонский,,,философский,философский,ADJF,1,0,,,,,
"Корсини, Мария Антоновна",женский,0,Семья ассессорши,The Assessor's Wife's Family,,1848,Отд. изд.,1,Санкт-Петербург,семейный,"разночинцы, чиновники",3 лицо,семейный,семейный,NOUN NOUN,2,0,,,,,
"Зряхов, Николай Ильич",мужской,0,"Дагестанский пленник, или Неуловимый мститель","The Captive of Dagestan, or The Elusive Avenger",Закавказский роман,1848,Отд. изд.,1,Москва,"приключенческий, любовный, народ, кавказский",,,приключенческий,приключенческий,ADJF NOUN CONJ ADJF NOUN,5,0,,,,,
"Некрасов, Николай Алексеевич, Панаева, Авдотья Яковлевна, Панаев, Ипполит Александрович","мужской, женский",0,Три страны света,Three Countries of the World,роман,1848,Современник,0,,приключенческий,"разночинцы, дворяне, крестьяне",3 лицо,приключенческий,приключенческий,NUMR NOUN NOUN,3,1,приключенческий,авантюрный,,,
"Фурман, Петр Романович",мужской,0,Дочь шута,The Jester's Daughter,роман в 3 частях,1848,Отд. изд.,1,Санкт-Петербург,исторический,"раскольники, 18 век",3 лицо,исторический,исторический,NOUN NOUN,2,0,,,,,
"Фурман, Петр Романович",мужской,0,Несостоявшаяся женитьба,The Marriage That Did Not Take Place,Историческая повесть 1725 и 1726 годов. В двух частях,1848,Сын отечества,0,,,,3 лицо,,,ADJF NOUN,2,0,,,,,
"Сементовский, Николай Максимович",мужской,0,Баронесса Флагсберг,Baroness Flagsberg,роман,1848,Пантеон,0,,"мистический роман, романтический роман",дворяне,,мистический,фантастический,NOUN NOUN,2,0,,,,,
"Загоскин, Михаил Васильевич",мужской,0,Русские в начале осьмнадцатого столетия,Russians at the Beginning of the Eighteenth Century,Рассказ из времен единодержавия Петра 1,1848,Отд. изд.,1,Москва,исторический,"истрические лица, дворяне",3 лицо,исторический,исторический,ADJF PREP NOUN ADJF NOUN,5,0,исторический,бытовой,приключенческий,,
"Вистенгоф, Павел Федорович",мужской,0,Урод,The Freak,роман в 2 частях,1849,Отд. изд.,1,Москва,исторический,"дворяне, иностранцы",1 лицо,исторический,исторический,NOUN,1,0,,,,,
"Авдеев, Михаил Васильевич",мужской,0,Тамарин,Tamarin,трилогия,1849,Современник,0,,соц.-психологический,Дворяне,1 лицо,социально-психологический,социально-психологический,NOUN,1,0,социально-психологический,светский,,,
"Толбин, Василий Васильевич",мужской,0,Любинька,Lyubinka,Повесть,1849,Северное обозрение,0,,,,1 лицо,,,NOUN,1,0,,,,,
"Пальм, Александр Иванович",мужской,0,Жак Бичовкин,Jacques Bichovkin,роман,1849,Отечественные записки,0,,"лишний человек, ""печорин""",,,психологический,психологический,NOUN NOUN,2,0,,,,,
"Достоевский, Федор Михайлович",мужской,0,Неточка Незванова,Netochka Nezvanova,История одной женищны,1849,Отечественные записки,0,,социально-психологический,разночинцы,1 лицо,социально-психологический,социально-психологический,NOUN ADJS,2,1,социально-психологический,роман воспитания,,,
"Дружинин, Александр Васильевич",мужской,0,Жюли,Julie,роман,1849,Современник,0,,роман,,3 лицо,,,NOUN,1,0,,,,,
"Фурман, Петр Романович",мужской,0,Добро и зло,Good and Evil,роман,1849,Отд. изд.,1,Санкт-Петербург,социално-психологический,разночинцы,3 лицо,социально-психологический,социально-психологический,ADVB CONJ ADVB,3,0,,,,,
"Сементовский, Николай Максимович",мужской,0,Золотая грамота,The Golden Charter,роман,1849,Иллюстрация,0,,исторический роман,,,исторический,исторический,ADJF NOUN,2,0,,,,,
"Вельтман, Александр Фомич",мужской,0,Чудодей,The Miracle-Worker,Роман,1849,Москвитянин,1,Москва,социально-психологический,дворяне,3 лицо,социально-психологический,социально-психологический,NOUN,1,0,,,,,
"Зотов, Владимир Рафаилович",мужской,0,Коломенская роза,The Rose of Kolomna,роман из первых годов девятнадцатого столетия,1850,Отечественные записки,0,,,,3 лицо,,,ADJF NOUN,2,0,,,,,
"Зотов, Владимир Рафаилович",мужской,0,Старый дом,The Old House,роман в 8 частях и с прологом,1850,Отечественные записки,0,,приключенческий,"аристократы, авантюристы",3 лицо,приключенческий,приключенческий,ADJF NOUN,2,0,,,,,
"Тур, Евгения",женский,1,Племянница,The Niece,Роман. Сочинение Евгении Тур,1850,Современник,0,,"дворяне, певица, свет, ""женский""",,3 лицо,женский,женский,NOUN,1,0,,,,,
"Зотов, Рафаил Михайлович",мужской,0,"Два брата, или Москва в 1812 г.","Two Brothers, or Moscow in 1812",роман,1850,Отд. изд.,1,Санкт-Петербург,исторический,"Военные, дворяне",3 лицо,исторический,исторический,NUMR NOUN CONJ NOUN PREP NUMR NOUN,7,0,исторический,семейный,военный,,
"Воскресенский, Михаил Ильич",мужской,0,Мудреный контракт,A Tricky Contract,Роман,1850,Пантеон,1,Санкт-Петербург,светский,"дворяне, помещики",3 лицо,светский,светский,ADJF NOUN,2,0,,,,,
"Писемский, Алексей Феофилактович",мужской,0,Богатый жених,The Rich Suitor,Роман в двух частях,1851,Современник,0,,"социально-психологический, дворяне","Дворяне, крестьяне",3 лицо,социально-психологический,социально-психологический,ADJF NOUN,2,0,,,,,
"Вонлярлярский, Василий Александрович",мужской,0,Силуэт,Silhouette,Роман в 3 частях,1851,Отечественные записки,1,Москва,авантюрный,"чиновники, дворяне, помещики, крестьяне",3 лицо,авантюрный,приключенческий,NOUN,1,0,,,,,
"Некрасов, Николай Алексеевич, Панаева, Авдотья Яковлевна, Панаев, Ипполит Александрович","мужской, женский",0,Мертвое озеро,The Dead Lake,роман,1851,Современник,0,,социально-психологический,Дворяне,3 лицо,социально-психологический,социально-психологический,ADJF NOUN,2,0,социально-психологический,бытовой,,,
"Бегичев, Дмитрий Никитич",мужской,0,Быт русского дворянина в разных эпохах и обстоятельствах его жизни,The Life of a Russian Nobleman in Various Epochs and Circumstances,,1851,Отд. изд.,1,Москва,"исторический, социально-психологический",Дворяне,1 лицо,исторический,исторический,NOUN ADJF NOUN PREP ADJF NOUN CONJ NOUN NPRO NOUN,10,0,,,,,
"Сементовский, Николай Максимович",мужской,0,Потемкин как казак войска запорожского,Potemkin as a Cossack of the Zaporozhian Host,Роман в двух частях с картинами,1851,Отд. изд.,1,Санкт-Петербург,исторический,Военные,3 лицо,исторический,исторический,NOUN CONJ NOUN NOUN ADJF,5,0,,,,,
"Ростопчина, Евдокия Петровна",женский,0,Счастливая женщина,A Happy Woman,Современная биография,1851,Москвитянин,0,,социально-психологический,"Дворяне, крестьяне",3 лицо,социально-психологический,социально-психологический,ADJF NOUN,2,0,социально-психологический,светский,,,
"Кукольник, Нестор Васильевич",мужской,0,"Иоанн III, собиратель земли русской","Ivan III, Gatherer of the Russian Land",исторический роман Нестора Кукольника,1851,Отд. изд.,1,Санкт-Петербург,исторический роман,купцы/промышленники,3 лицо,исторический,исторический,NOUN NUMR NOUN NOUN ADJF,5,0,исторический,политический,,,
"Николаевич, И.",мужской,1,"Битва русских с турками, или Ужасы балканских пещер, и таинственная мусульманка, или Красный мальчик","The Battle of Russians against Turks, or The Horrors of the Balkan Caves, and the Mysterious Muslim Woman, or The Red Boy",Роман… с хорами и маршами,1852,Отд. изд.,1,Москва,исторический,,,исторический,исторический,NOUN ADJF PREP NOUN CONJ NOUN ADJF NOUN CONJ ADJF NOUN CONJ ADJF NOUN,14,0,,,,,
"Савинов, Василий Иванович",мужской,0,Тескольское ущелье,The Gorge of Teskol,Роман в двух частях,1852,Пантеон,0,,авантюрный,Народности,3 лицо,авантюрный,приключенческий,ADJF NOUN,2,0,,,,,
"Вонлярлярский, Василий Александрович",мужской,0,Магистр,The Master,Роман,1852,Отечественные записки,1,Москва,авантюрный,"чиновники, дворяне, помещики, крестьяне",3 лицо,авантюрный,приключенческий,NOUN,1,0,,,,,
"Вонлярлярский, Василий Александрович",мужской,0,Большая барыня,The Great Lady,,1852,Отд. изд.,0,,социально-психологический,"Дворяне, военные",3 лицо,социально-психологический,социально-психологический,ADJF NOUN,2,0,социально-психологический,бытовой,,,
"Зотов, Владимир Рафаилович",мужской,0,Человек с характером,A Man of Character,Роман в двух частях,1852,Библиотека для чтения,0,,,,3 лицо,,,NOUN PREP NOUN,3,0,социально-психологический,бытовой,,,
"Савинов, Василий Иванович",мужской,0,Шах-Мансур,Sheikh Mansur,Восточный роман в 4-х частях,1852,Пантеон,0,,исторический,"Народности, легендарные исторические фигуры",,исторический,исторический,NOUN,1,0,,,,,
"Николаевич, И.",мужской,1,Приворотное зелье,The Love Potion,Роман в трех частях,1852,Отд. изд.,1,Москва,исторический (?),,1 лицо,исторический,исторический,ADJF NOUN,2,0,исторический,авантюрный,мистический,,
"Достоевский, Михаил Михайлович",мужской,0,Брат и сестра,Brother and Sister,Эпизод из романа,1852,Пантеон,0,,роман,,3 лицо,,,NOUN CONJ NOUN,3,0,,,,,
"Кулиш, Пантелеймон Александрович",мужской,0,Алексей Однорог,Aleksei Odnorog,Исторический роман,1852,Современник,0,,"исторический, социально-психологический",,3 лицо,исторический,исторический,NOUN NOUN,2,0,,,,,
"Лунский, Евгений (С.К.)",женский,1,"Брак, каких мало",A Rare Marriage,Роман в 2 частях,1852,Пантеон,0,,любовный,"Дворяне, разночнцы (гувернантка)",3 лицо,любовный,любовный,NOUN ADJF ADVB,3,0,,,,,
"Панаев, Иван Иванович",мужской,0,Львы в провинции,Lions in the Provinces,Роман в трех частях,1852,Современник,0,,"любовный, социально-психологический",Дворяне,3 лицо,любовный,любовный,NOUN PREP NOUN,3,0,,,,,
"Пожарский, И.",мужской,0,Самоучки,The Self-Taught,Роман,1852,Библиотека для чтения,0,,социально-психологический,Разночинцы,,социально-психологический,социально-психологический,NOUN,1,0,,,,,
"Григорович, Дмитрий Васильевич",мужской,0,Проселочные дороги,Country Roads,Роман без интриги,1852,Отечественные записки,0,,социально-психологический,"Дворяне, крестьяне",3 лицо,социально-психологический,социально-психологический,ADJF NOUN,2,0,социально-психологический,бытовой,,,
"Кукольник, Нестор Васильевич",мужской,0,Тонни или Ревель при Петре Великом,"Tonni, or Reval in the Time of Peter the Great",Исторический роман,1853,Библиотека для чтения,0,,исторический,,,исторический,исторический,ADJS CONJ NOUN PREP NOUN NOUN,6,0,,,,,
"Крестовский, В.-псевдоним",женский,1,Кто ж остался доволен?,Who Was Left Satisfied?,роман,1853,Отечественные записки,0,,,,,,,NPRO CONJ VERB ADJS,4,0,,,,,
"Григорович, Дмитрий Васильевич",мужской,0,Рыбаки,The Fishermen,Роман из простонародного быта,1853,Современник,0,,социально-психологический,"Крестьяне, дворяне",3 лицо,социально-психологический,социально-психологический,NOUN,1,1,социально-психологический,роман-идиллия,бытовой,этнографический,крестьянский
"Николаевич, И.",мужской,1,"Жид-островитянин, или Похищенный клад","The Jew-Islander, or The Stolen Treasure","Роман в 2 ч. из жизни Али-паши Янинского, прозв. Черным",1853,Отд. изд.,1,Москва,"исторический, авантюрный",,,исторический,исторический,NOUN CONJ PRTF NOUN,4,0,,,,,
"Потехин, Алексей Антипович",мужской,0,Крестьянка,The Peasant Woman,Роман в трех частях,1853,Москвитянин,0,,социально-психологический,Крестьяне,3 лицо,социально-психологический,социально-психологический,NOUN,1,0,социально-психологический,роман воспитания,крестьянский,этнографический,
"Вонлярлярский, Василий Александрович",мужской,0,Сосед,The Neighbour,Роман,1853,Библиотека для чтения,1,Москва,авантюрный,"чиновники, дворяне, помещики, крестьяне",3 лицо,авантюрный,приключенческий,NOUN,1,0,,,,,
"Николаевич, И.",мужской,1,Черный ворон,The Black Raven,,1853,Отд. изд.,1,Москва,любовный,,,любовный,любовный,NOUN NOUN,2,0,,,,,
"Михайлов, Михаил Ларионович",мужской,0,Марья Ивановна,Marya Ivanovna,Роман,1853,Отечественные записки,0,,"социально-психологический, крестьяне, помещики",крестьяне,3 лицо,социально-психологический,социально-психологический,NOUN NOUN,2,0,социально-психологический,бытовой,,,
"Николаевич, И.",мужской,1,"Чигиринский лес, или Вера сильнее любви","The Chigirin Forest, or Faith Stronger than Love",Нравственно-исторический роман в двух частях,1853,Отд. изд.,1,Москва,"исторический, авантюрный",,,исторический,исторический,ADJF NOUN CONJ NOUN COMP NOUN,6,0,,,,,
Т.Ч.,женский,1,Дина,Dina,Роман,1853,Отечественные записки,0,,,,,,,NOUN,1,0,,,,,
"Тур, Евгения",женский,1,Три поры жизни,Three Stages of Life,Отрывок из романа,1853,Библиотека для чтения,0,,любовный,Дворяне,3 лицо,любовный,любовный,NUMR NOUN NOUN,3,0,,,,,
"Савинов, Василий Иванович",мужской,0,Знахари,The Healers,Исторический роман в двух частях,1853,Пантеон,0,,исторический,Крестьяне (крепостной),3 лицо,исторический,исторический,NOUN,1,0,,,,,
"Николаевич, И.",мужской,1,"Нищий, или Избавленная жертва","The Beggar, or The Rescued Victim",Из времен князя Пожарского,1853,Отд. изд.,1,Москва,"исторический, авантюрный",,3 лицо,исторический,исторический,ADJF CONJ PRTF NOUN,4,0,,,,,
"Панаев, Ипполит Александрович",мужской,0,Бедная девушка,A Poor Girl,роман,1854,Современник,0,,светский,,,светский,светский,ADJF NOUN,2,0,,,,,
"Михайлов, Михаил Ларионович",мужской,0,Перелетные птицы,Migratory Birds,Роман,1854,Отечественные записки,0,,социально-психологический,Разночинцы,3 лицо,социально-психологический,социально-психологический,ADJF NOUN,2,0,,,,,
"Железнов, Иоасаф Игнатьевич",мужской,0,Уральская старина. Василий Струняшев,Old Urals: Vasily Strunyashev,,1854,Москвитянин; Отечественные записки,0,,авантюрный,Военные (казаки),3 лицо,авантюрный,приключенческий,ADJF NOUN NOUN NOUN,4,0,,,,,
"Крестовский, В.-псевдоним",женский,1,Испытание,The Trial,Роман,1854,Отечественные записки,0,,,,,,,NOUN,1,0,,,,,
"Тальцева, А.А.",женский,1,Три женские жизни,Three Women's Lives,Роман,1854,Пантеон,0,,социально-психологический,дворяне,1 лицо,социально-психологический,социально-психологический,NUMR ADJF NOUN,3,0,социально-психологический,,,,
"Николаевич, И.",мужской,1,"Бриллиантовая луна, или Инкерманское подземелье","The Diamond Moon, or The Dungeon of Inkerman",Из последних времен владения генуэзцев в Таврии: рассказ балаклавского отставного школьного сторожа,1854,Отд. изд.,1,Москва,"исторический, авантюрный",,3 лицо,исторический,исторический,ADJF NOUN CONJ ADJF NOUN,5,0,,,,,
"Станицкий, Н.",женский,1,Мелочи жизни,The Trifles of Life,Роман,1854,Современник,0,,,,3 лицо,,,NOUN NOUN,2,0,,,,,
"Афанасьев-Чужбинский, Александр Степанович",мужской,1,Соседка,The Neighbour,роман,1854,Пантеон,0,,социально-психологический,дворяне,3 лицо,социально-психологический,социально-психологический,NOUN,1,0,социально-психологический,бытовой,,,
"Григорович, Дмитрий Васильевич",мужской,0,Переселенцы,The Settlers,Роман из народного быта,1855,Отечественные записки,0,,социально-психологический,"крестьяне, помещики",1 лицо,социально-психологический,социально-психологический,NOUN,1,1,социально-психологический,бытовой,крестьянский,этнографический,
"Некрасов, Николай Алексеевич",мужской,0,"Тонкий человек, его приключения и наблюдения","The Thin Man, His Adventures and Observations",,1855,Современник,0,,социально-психологический,дворяне,3 лицо,социально-психологический,социально-психологический,ADJF NOUN NPRO NOUN CONJ NOUN,6,0,социально-психологический,сатирический,,,
"Толбин, Василий Васильевич",мужской,0,Варенька Долева,Varenka Doleva,Роман,1855,Пантеон,0,,социальн-психологический,дворяне,1 лицо,социально-психологический,социально-психологический,ADJS ADJS,2,0,,,,,
"Данковский, Е.",мужской,1,Портретная галерея,The Portrait Gallery,Роман,1856,Отечественные записки,0,,"любовно-авантюрный роман, разорение дворянства, дворянство, помещичьи имения, дельцы, вольноотпущенник",,,любовный,любовный,ADJF NOUN,2,0,,,,,
"Авдеев, Михаил Васильевич",мужской,0,Приличная партия,A Respectable Match,Отрывок из романа,1856,Библиотека для чтения,0,,"социально-психологический, дворяне",,3 лицо,социально-психологический,социально-психологический,ADJF NOUN,2,0,,,,,
"Рабинович, Осип Ааронович",мужской,0,Калейдоскоп,Kaleidoscope,Роман,1856,Современник,0,,социально-бытовой,бродячие артисты,3 лицо,социальный,социальный,NOUN,1,0,,,,,
"Крестовский, В.-псевдоним",женский,1,Свободное время,Free Time,Роман,1856,Отечественные записки,0,,социально-психологический,дворяне,3 лицо,социально-психологический,социально-психологический,ADJF NOUN,2,0,,,,,
"Кугушев, Григорий Васильевич",мужской,0,Корнет Отлетаев,Cornet Otletayev,Повесть,1856,Русский вестник,0,,авантюрный,"дворяне, крепостные",1 лицо,авантюрный,приключенческий,NOUN NOUN,2,0,авантюрный,военный,психологический,,
"Тургенев, Иван Сергеевич",мужской,0,Рудин,Rudin,Повесть,1856,Современник,0,,социально-психологический,аристократия прошлого,3 лицо,социально-психологический,социально-психологический,NOUN,1,1,социально-психологический,идеологический,любовный,,
"Филимонов, Владимир Сергеевич",мужской,0,Русская девушка,A Russian Girl,,1856,Отд. изд.,1,Санкт-Петербург,,,,,,ADJF NOUN,2,0,,,,,
"Потехин, Алексей Антипович",мужской,0,Крушинский,Krushinsky,Роман в 3-х частях,1856,Библиотека для чтения,0,,социально-психологический,дворяне,3 лицо,социально-психологический,социально-психологический,ADJF,1,0,,,,,
"Крестовский, В.-псевдоним",женский,1,Последнее действие комедии,The Last Act of the Comedy,Роман,1856,Отечественные записки,0,,,,,,,ADJF NOUN NOUN,3,0,,,,,
"Воскресенский, Михаил Ильич",мужской,0,Затаенная мысль,A Secret Thought,Роман М.И. Воскресенского,1856,Отд. изд.,1,Москва,социальный,"дворяне, семинаристы",3 лицо,социальный,социальный,ADJF NOUN,2,0,,,,,
"Кугушев, Григорий Васильевич",мужской,0,Пыль,Dust,Повесть,1856,Русский вестник,0,,социально-психологический,аристократия,3 лицо,социально-психологический,социально-психологический,NOUN,1,0,,,,,
"Жадовская, Юлия Валериановна",женский,0,В стороне от большого света,Far from High Society,роман,1857,Русский вестник,0,,любовный,дворяне,1 лицо,любовный,любовный,PREP NOUN PREP ADJF NOUN,5,0,любовный,социально-психологический,бытовой,,
"Ковалевский, Егор Петрович",мужской,0,Век прожить не поле перейти,To Live a Life Is Not to Cross a Field,Роман,1857,Отечественные записки,0,,,дворяне,3 лицо,,,ADVB INFN PRCL NOUN INFN,5,0,,,,,
"Протопопов, Александр Павлович",мужской,0,"Царские милости, или иконописец и раскольник","The Tsar's Favours, or The Icon-Painter and the Schismatic",Историческая быль из времен Петра Великого,1857,Отд. изд.,1,Санкт-Петербург,"историческая повесть, времена петра i",,,исторический,исторический,ADJF NOUN CONJ NOUN CONJ NOUN,6,0,,,,,
"Кулиш, Пантелеймон Александрович",мужской,0,Черная рада,The Black Council,Хроника 1663 года,1857,Русская беседа,0,,исторический,военные,3 лицо,исторический,исторический,ADJF NOUN,2,0,,,,,
"Стороженко, Алексей Петрович",мужской,0,Братья близнецы,Twin Brothers,Очерки Малороссии прошлого столетия. Роман,1857,Библиотека для чтения,0,,семейная хроника,помещики,3 лицо,семейный,семейный,NOUN NOUN,2,0,,,,,
"Крестовский, В.-псевдоним",женский,1,Баритон,The Baritone,Роман,1857,Отечественные записки,0,,социально-психологический,"дворяне, духовенство",3 лицо,социально-психологический,социально-психологический,NOUN,1,0,,,,,
"Ростопчина, Евдокия Петровна",женский,0,У пристани,At the Wharf,Роман в письмах,1857,Отд. изд.,1,Санкт-Петербург,"дамский, дворяне",,в письмах,дамский,женский,PREP NOUN,2,0,,,,,
"Голота, Петр Иванович",мужской,0,"Заруцкий, гетман войска Запорожского","Zarutsky, Hetman of the Zaporozhian Host",Исторический роман из смутных времен России 1606-1612 г. : В 2 ч,1857,Отд. изд.,1,Москва,исторический,казаки,3 лицо,исторический,исторический,NOUN NOUN NOUN ADJF,4,0,,,,,
"Жукова, Мария Семеновна",женский,0,Две свадьбы,Two Weddings,Роман в двух частях,1857,Отечественные записки,0,,любовный,дворяне,3 лицо,любовный,любовный,NUMR NOUN,2,0,,,,,
"Филимонов, Владимир Сергеевич",мужской,0,Супружеские благополучия,Married Bliss,Назидательный роман,1857,Отд. изд.,1,Санкт-Петербург,,,,,,ADJF NOUN,2,0,,,,,
"Писемский, Алексей Феофилактович",мужской,0,Боярщина,Boyardom,Роман в двух частях,1858,Библиотека для чтения,0,,любовный,помещики,3 лицо,любовный,любовный,NOUN,1,0,любовный,адюльтерный,социально-психологический,,
"Аскоченский, Виктор Ипатьевич",мужской,0,Асмодей нашего времени,The Asmodeus of Our Time,роман,1858,Отд. изд.,1,Санкт-Петербург,социально-психологический,дворяне,3 лицо,социально-психологический,социально-психологический,NOUN ADJF NOUN,3,0,социально-психологический,идеологический,религиозный,,
"Лажечников, Иван Иванович",мужской,0,Внучка панцирного боярина,The Granddaughter of the Armoured Boyar,Роман из времени последнего польского мятежа,1858,Всемирный труд,0,,социально-психологический,дворяне,3 лицо,социально-психологический,социально-психологический,NOUN ADJF NOUN,3,0,исторический,социально-психологический,,,
"Марченко, А.",женский,1,Мыльные пузыри,Soap Bubbles,Роман,1858,Отд. изд.,1,Санкт-Петербург,"семейный, психологический, ? дворяне",,,семейный,семейный,ADJF NOUN,2,0,,,,,
"Кобякова, Александра Петровна",женский,0,Последняя казнь,The Last Execution,Роман,1858,Современник,0,,любовный,купцы,1 лицо,любовный,любовный,ADJF NOUN,2,0,любовный,социально-психологический,,,
"Воскресенский, Михаил Ильич",мужской,0,Наташа Подгорич,Natasha Podgorich,Роман,1858,Отд. изд.,1,Москва,"аристократы, общественные тенденции",аристократы,,социальный,социальный,NOUN NOUN,2,0,,,,,
"Писемский, Алексей Феофилактович",мужской,0,Тысяча душ,A Thousand Souls,Роман в четырех частях,1858,Отечественные записки,0,,социально-психологический,дворяне,3 лицо,социально-психологический,социально-психологический,NOUN NOUN,2,0,социально-психологический,нравоописательный,сатирический,,
"Ресницкий, Михаил",мужской,0,Мережин,Merezhin,Роман из времен осады Севастополя,1858,Отд. изд.,1,Киев,исторический,военные,3 лицо,исторический,исторический,NOUN,1,0,,,,,
"Каратыгин, Петр Петрович",мужской,0,Мечтатель,The Dreamer,Роман Петра Черногорова,1858,Шехерезада,0,,,,3 лицо,,,NOUN,1,0,,,,,
"Криницкий, М.",женский,1,Узкий путь,The Narrow Path,Роман в двух частях,1858,Русский вестник,1,Санкт-Петербург,социально-психологический,дворяне,3 лицо,социально-психологический,социально-психологический,ADJF NOUN,2,0,социально-психологический,нравоучительный,,,
"Кугушев, Григорий Васильевич",мужской,0,Постороннее влияние,An Outside Influence,Роман в четырех частях с эпилогом. Соч. князя Г. В. Кугушева (автора Конета Отлетаева),1858,Отд. изд.,1,Москва,светский,дворяне,3 лицо,светский,светский,ADJF NOUN,2,0,светский,социально-психологический,,,
"Толстой, Феофил Матвеевич",мужской,0,Болезни воли,Diseases of the Will,Роман,1859,Русский вестник,0,,,,,,,NOUN NOUN,2,0,,,,,
"Зотов, Рафаил Михайлович",мужской,0,"Таинственные силы, или Некоторые черты из царствования императора Павла I","Mysterious Forces, or Some Features from the Reign of Emperor Paul I",Исторический роман из времен царствования Павла I: В 3 ч,1859,Отд. изд.,1,Санкт-Петербург,исторический,аристократы,3 лицо,исторический,исторический,ADJF NOUN CONJ ADJF NOUN PREP NOUN NOUN NOUN NUMR,10,0,,,,,
"Гончаров, Иван Александрович",мужской,0,Обломов,Oblomov,Роман,1859,Отечественные записки,0,,социально-психологический,дворяне,3 лицо,социально-психологический,социально-психологический,NOUN,1,1,социально-психологический,философский,бытовой,,
"Жадовский, Павел Валерианович",мужской,0,Житейские сцены,Scenes of Everyday Life,,1859,Отд. изд.,1,Москва,социально-психологический,чиновники,3 лицо,социально-психологический,социально-психологический,ADJF NOUN,2,0,социально-психологический,бытовой,,,
"Надеждин, Александр Евграфович",мужской,0,Блудный сын,The Prodigal Son,,1859,Северная пчела,0,,социальный,дворяне,3 лицо,социальный,социальный,ADJF NOUN,2,0,,,,,
"Тургенев, Иван Сергеевич",мужской,0,Дворянское гнездо,Home of the Gentry,Роман,1859,Современник,0,,"социально-психологический, любовный",дворяне,3 лицо,социально-психологический,социально-психологический,ADJF NOUN,2,1,социально-психологический,адюльтерный,любовный,философский,
"Ладыженская, Екатерина Алексеевна",женский,0,Три женщины,Three Women,Роман в письмах,1859,Рассказы и очерки,1,Москва,"роман в письмах, светский роман",,в письмах,светский,светский,NUMR NOUN,2,0,,,,,
"Михайлов, Михаил Ларионович",мужской,0,Благодетели,The Benefactors,Роман,1859,Русское слово,0,,социально-психологический,дворяне,3 лицо,социально-психологический,социально-психологический,NOUN,1,0,,,,,
"Толстой, Лев Николаевич",мужской,0,Семейное счастие,Family Happiness,,1859,Русский вестник,0,,семейный роман,"дворяне, военные",1 лицо,семейный,семейный,ADJF NOUN,2,1,семейный,социально-психологический,любовный,,
"Зотов, Рафаил Михайлович",мужской,0,"Две сестры, или Смоленск в 1812 г.","Two Sisters, or Smolensk in 1812",исторический роман в 2 частях,1860,Отд. изд.,1,Санкт-Петербург,"исторический, дворяне, военные",,,исторический,исторический,NUMR NOUN CONJ NOUN PREP NUMR NOUN,7,0,,,,,
"Кобякова, Александра Петровна",женский,0,Семейство Подошвиных,The Podoshvin Family,Роман,1860,Русское слово,0,,семейный роман,купцы,3 лицо,семейный,семейный,NOUN NOUN,2,0,,,,,
"Крестовский, В.-псевдоним",женский,1,В ожидании лучшего,Awaiting Better Times,Роман,1860,Русский вестник,0,,социально-психологический,,3 лицо,социально-психологический,социально-психологический,PREP NOUN ADJF,3,0,социально-психологический,адюльтерный,,,
"Крестовский, В.-псевдоним",женский,1,Встреча,The Encounter,Роман,1860,Отечественные записки,0,,,,,,,NOUN,1,0,,,,,
"Воскресенский, Михаил Ильич",мужской,0,"Увлечение, или Семейство Каллиопиных","Infatuation, or The Kalliopin Family",Роман М.И. Воскресенского,1860,Отд. изд.,1,Москва,"аристократы, общественные тенденции",аристократы,,социальный,социальный,NOUN CONJ NOUN NOUN,4,0,,,,,
"Леванда, Лев Осипович",мужской,0,Депо бакалейных товаров,The Grocery Depot,Картины еврейского быта,1860,Рассвет,0,,просветительский роман,,3 лицо,просветительский,воспитания,NOUN ADJF NOUN,3,0,,,,,
"Толль, Феликс-Эммануил Густавович",мужской,0,Труд и капитал,Labour and Capital,Роман,1860,Русское слово,0,,социально-психологический,рабочие,3 лицо,социально-психологический,социально-психологический,NOUN CONJ NOUN,3,0,,,,,
"Тургенев, Иван Сергеевич",мужской,0,Накануне,On the Eve,Повесть,1860,Русский вестник,0,,социальный роман,"революционеры, демократы",3 лицо,социальный,социальный,ADVB,1,1,социально-психологический,любовный,идеологический,,
"Авдеев, Михаил Васильевич",мужской,0,Подводный камень,The Hidden Reef,,1860,Современник,0,,социальный роман,,3 лицо,социальный,социальный,ADJF NOUN,2,0,социально-психологический,любовный,адюльтерный,,
"Бестужев, Николай Александрович",мужской,0,Русский в Париже 1814 года,A Russian in Paris in 1814,,1860,Отд. изд.,1,Москва,исторический,военные,3 лицо,исторический,исторический,ADJF PREP NOUN NUMR NOUN,5,0,исторический,авантюрный,,,
"Каменская, Мария Федоровна",женский,0,Пятьдесят лет назад,Fifty Years Ago,Роман,1860,Отечественные записки,0,,социальный,дворяне,3 лицо,социальный,социальный,NUMR NOUN ADVB,3,0,,,,,
"Кобякова, Александра Петровна",женский,0,Неожиданное богатство,Unexpected Riches,,1861,Русское слово,0,,социально-психологический,купцы,3 лицо,социально-психологический,социально-психологический,ADJF NOUN,2,0,,,,,
"Криницкий, М.",женский,1,Записки холостяка,Notes of a Bachelor,Роман,1861,Библиотека для чтения,0,,светский,дворяне,1 лицо,светский,светский,NOUN NOUN,2,0,светский,психологический,нравоописательный,,
"Ахшарумов, Николай Дмитриевич",мужской,0,Чужое имя,A False Name,Роман в 3 частях,1861,Русский вестник,0,,социально-психологический,дворяне,3 лицо,социально-психологический,социально-психологический,NOUN NOUN,2,0,социально-психологический,детективный,,,
"Потехин, Алексей Антипович",мужской,0,Бедные дворяне,Poor Nobles,Роман в четырех частях,1861,Библиотека для чтения,0,,социально-психологический,дворяне,3 лицо,социально-психологический,социально-психологический,ADJF NOUN,2,0,,,,,
"Леонтьев, Константин Николаевич",мужской,0,Подлипки,Podlipki,Записки Владимира Ладнева. Роман в трех частях,1861,Отечественные записки,0,,роман-воспоминание,дворяне,1 лицо,,,NOUN,1,0,,,,,
"Весеньев, Иван",женский,1,Мудреный человек,A Complicated Man,Роман,1861,Отечественные записки,0,,эпистолярный,дворяне,1 лицо,эпистолярный,эпистолярный,ADJF NOUN,2,0,эпистолярный,социально-психологический,,,
"Славутинский, Степан Тимофеевич",мужской,0,Беглянка,The Runaway,Роман,1861,Русское слово,0,,социально-психологический,"крестьяне, помещики",3 лицо,социально-психологический,социально-психологический,NOUN,1,0,,,,,
"Каратыгин, Петр Петрович",мужской,0,Грязь и золото,Dirt and Gold,Роман,1861,Современник,0,,,дворяне,3 лицо,,,NOUN CONJ NOUN,3,0,,,,,
"Макаров, Николай Петрович",мужской,0,Победа над самодурами и страдальческий крест,Victory over Despots and the Cross of Suffering,Сатирическая бывальщина,1861,Отд. изд.,1,Санкт-Петербург,"купцы, дворяне","купцы, дворяне",,социальный,социальный,NOUN PREP NOUN CONJ ADJF NOUN,6,0,,,,,
"Макаров, Николай Петрович",мужской,0,"Две сестрички, или Новое фарисейство","Two Little Sisters, or The New Pharisaism",Нраво-описат. бывальщина,1861,Отд. изд.,1,Санкт-Петербург,,,,,,NUMR NOUN CONJ NOUN NOUN,5,0,,,,,
"Макаров, Николай Петрович",мужской,0,Банк тщеславия,The Bank of Vanity,Бывальщина,1861,Отд. изд.,1,Санкт-Петербург,светский,,3 лицо,светский,светский,NOUN NOUN,2,0,,,,,
"Жадовская, Юлия Валериановна",женский,0,Женская история,A Woman's Story,Роман в трех частях,1861,Время,0,,социально-психологический,дворяне,1 лицо,социально-психологический,социально-психологический,ADJF NOUN,2,0,,,,,
"Потанин, Гавриил Никитич",мужской,0,"Старое старится, молодое растет","The Old Grows Older, the Young Grows Up",Роман,1861,Современник; Русское слово,0,,историко-автобиографический,"крестьяне, учителя",3 лицо,исторический,исторический,NOUN VERB ADJF VERB,4,0,исторический,,,,
"Череванский, Владимир Павлович",мужской,0,Марица,Maritsa,,1861,Петербургский вестник,0,,,,3 лицо,,,NOUN,1,0,,,,,
"Достоевский, Федор Михайлович",мужской,0,Униженные и оскорбленные,Humiliated and Insulted,Роман в четырех частях,1861,Время,0,,социально-психологический,князь,1 лицо,социально-психологический,социально-психологический,PRTF CONJ PRTF,3,1,социально-психологический,семейный,любовный,,
"Терпигорев, Сергей Николаевич",мужской,0,Красные Талы,The Red Willows,Детство Горелова,1862,Русский мир,1,Санкт-Петербург,автобиографический,,3 лицо,автобиографический,биографический,ADJF ADJS,2,0,,,,,
"Лажечников, Иван Иванович",мужской,0,Немного лет назад,A Few Years Ago,Роман в четырех частях,1862,Отд. изд.,0,,социально-психологический,Дворяне,1 лицо,социально-психологический,социально-психологический,ADVB NOUN ADVB,3,0,,,,,
"Станицкий, Н.",женский,1,Женская доля,A Woman's Lot,Роман,1862,Современник,0,,социально-психологический,,,социально-психологический,социально-психологический,ADJF NOUN,2,0,,,,,
"Вельтман, Александр Фомич",мужской,0,Воспитанница Сара,Sara the Ward,"Приключения, почерпнутые из моря житейского",1862,Русский вестник,1,Москва,соц.-психологический,персонажи разных сословий,3 лицо,социально-психологический,социально-психологический,NOUN NOUN,2,0,,,,,
"Дружинин, Александр Васильевич",мужской,0,Прошлое лето в деревне,Last Summer in the Country,,1862,Русский вестник,0,,социально-психологический,дворяне,1 лицо,социально-психологический,социально-психологический,NOUN NOUN PREP NOUN,4,0,социально-психологический,бытовой,,,
"Тургенев, Иван Сергеевич",мужской,0,Отцы и дети,Fathers and Sons,Сочинение Ив. Тургенева,1862,Русский вестник,0,,общественно-политический роман,нигилист,3 лицо,политический,социальный,NOUN CONJ NOUN,3,1,социально-психологический,идеологический,философский,,
"Боборыкин, Петр Дмитриевич",мужской,0,В путь-дорогу!,Off on the Road!,Роман,1862,Библиотека для чтения,0,,соц.-психологический,дворяне,1 лицо,социально-психологический,социально-психологический,PREP NOUN,2,0,,,,,
"Гарднер, Раиса Александровна",женский,0,Всякому свое,To Each His Own,Роман,1862,Русский вестник,0,,соц.-психологический,"дворяне, отцы и дети",3 лицо,социально-психологический,социально-психологический,ADJF ADJF,2,0,социально-психологический,нравоучительный,,,
"Толстой, Алексей Константинович",мужской,0,Князь Серебряный,Prince Serebryany,Повесть времен Иоанна Грозного,1862,Русский вестник,0,,исторический роман,Россия времен Ивана Грозного,3 лицо,исторический,исторический,NOUN ADJF,2,1,исторический,авантюрный,,,
"Данилевский (А. Скавронский), Григорий Петрович",мужской,0,Беглые в Новороссии,Fugitives in New Russia,Повесть в двух частях,1862,Время,0,,социально-психологический,крестьяне,3 лицо,социально-психологический,социально-психологический,ADJF PREP NOUN,3,0,социально-психологический,этнографический,бытовой,,
"Стопановский, Михаил Михайлович",мужской,0,Обличители,The Denouncers,Роман,1862,Отечественные записки,0,,,,,,,NOUN,1,0,,,,,
"Писемский, Алексей Феофилактович",мужской,0,Взбаламученное море,A Troubled Sea,Роман в шести частях,1863,Отд. изд.,1,Москва,социально-психологический,дворяне,3 лицо,социально-психологический,социально-психологический,PRTF NOUN,2,0,социально-психологический,идеологический,сатирический,антинигилистический,
"Весеньев, Иван",женский,1,Городские и деревенские,Town and Country Folk,Роман,1863,Отечественные записки,0,,,,3 лицо,,,ADJF CONJ ADJF,3,0,социально-психологический,бытовой,,,
"Вельтман, Александр Фомич",мужской,0,Счастье-несчастье,Fortune-Misfortune,"Приключения, почерпнутые из моря житейского",1863,Отд. изд.,1,Москва,социально-психологический,Чиновник,3 лицо,социально-психологический,социально-психологический,NOUN,1,0,,,,,
"Салов, Илья Александрович",мужской,0,Бутузка,Butuzka,Роман в двух частях,1863,Время,0,,социально-психологический,"дворяне, собака",,социально-психологический,социально-психологический,ADJS,1,0,,,,,
"Чернышевский, Николай Гаврилович",мужской,0,Что делать?,What Is to Be Done?,Из рассказов о новых людях,1863,Современник,1,Женева,социально-психологический,"Революционеры, разночинцы",3 лицо,социально-психологический,социально-психологический,CONJ INFN,2,1,дидактический,идеологический,утопический,философский,
"Весеньев, Иван",женский,1,Домашняя идиллия недавного времени,A Domestic Idyll of Recent Times,Роман,1863,Отечественные записки,0,,,,3 лицо,,,ADJF NOUN ADJF NOUN,4,0,социально-психологический,семейный,бытовой,,
"Данилевский (А. Скавронский), Григорий Петрович",мужской,0,Беглые воротились,The Fugitives Returned,Роман в трех частях,1863,Время,0,,социально-психологический,Крестьяне,3 лицо,социально-психологический,социально-психологический,ADJF VERB,2,0,социально-психологический,этнографический,бытовой,,
"Череванский, Владимир Павлович",мужской,0,Мозг и сердце,Brain and Heart,na,1863,Сын отечества,0,,социально-психологический,актеры,,социально-психологический,социально-психологический,NOUN CONJ NOUN,3,0,,,,,
"Кобякова, Александра Петровна",женский,0,Женщина в купеческом быту,A Woman in the Merchant's World,Роман,1863,Русское слово,0,,социально-психологический,Купцы,,социально-психологический,социально-психологический,NOUN PREP ADJF NOUN,4,0,,,,,
"Берг, Федор Николаевич",мужской,0,Закоулок,The Backstreet,Роман,1863,Современник,0,,воспитания,,,воспитания,воспитания,NOUN,1,0,,,,,
"Ахшарумов, Николай Дмитриевич",мужской,0,Мудреное дело,A Tricky Business,Очерк из летописей русской словесности (В трех частях),1864,Эпоха,0,,социально-психологический,"Дворяне, разночинцы",1 лицо,социально-психологический,социально-психологический,ADJF NOUN,2,0,социально-психологический,детективный,,,
"Бабиков, Константин Иванович",мужской,0,Глухая улица,The Dead-End Street,Роман,1864,Эпоха,0,,социально-психологический,Разночинцы (мещане),,социально-психологический,социально-психологический,ADJF NOUN,2,0,,,,,
"Григорович, Дмитрий Васильевич",мужской,0,Два генерала,Two Generals,Эпизод из романа,1864,Русский вестник,0,,социально-психологический,Дворяне,1 лицо,социально-психологический,социально-психологический,NUMR NOUN,2,0,социально-психологический,бытовой,,,
"Осокин, Михаил Ионович",мужской,0,Ливанов,Livanov,Записки семинариста,1864,Русское слово,0,,автобиографический,Духовенство,,автобиографический,биографический,NOUN,1,0,,,,,
"Леонтьев, Константин Николаевич",мужской,0,В своем краю,In One's Own Land,Роман в двух частях,1864,Отечественные записки,0,,социально-психологический,Дворяне,3 лицо,социально-психологический,социально-психологический,PREP ADJF NOUN,3,0,социально-психологический,любовный,идеологический,,
"Помяловский, Николай Герасимович",мужской,0,Брат и сестра,Brother and Sister,,1864,Современник,0,,социально-психологический,Разночинцы,3 лицо,социально-психологический,социально-психологический,NOUN CONJ NOUN,3,0,социально-психологический,семейный,бытовой,,
"Лесков, Николай Семенович",мужской,0,Некуда,No Way Out,Роман в 3 кн.,1864,Библиотека для чтения,0,,"социально-психологический, роман о нигилистах",Революционеры,3 лицо,социально-психологический,социально-психологический,PRED,1,1,социально-психологический,идеологический,антинигилистический,,
"Шеллер-Михайлов, Александр Константинович",мужской,1,Гнилые болота. История без героя,Rotten Marshes: A Story without a Hero,История без героя,1864,Современник,0,,семейная хроника,Дворяне,1 лицо,семейный,семейный,ADJF NOUN NOUN PREP NOUN,5,0,семейный,социально-психологический,хроникальный,,
"Крестовский, Всеволод Владимирович",мужской,0,Петербургские трущобы,The Slums of Petersburg,Роман в шести частях,1864,Отечественные записки,0,,"социально-психологический, исторический","Дворяне, разночинцы",3 лицо,социально-психологический,социально-психологический,ADJF NOUN,2,0,социально-психологический,уголовный,авантюрный,,
"Клюшников, Виктор Петрович",мужской,0,Марево,The Mirage,Роман в 4 частях,1864,Русский вестник,0,,роман о нигилистах,"Чиновники, нигилисты",3 лицо,антинигилистический,социальный,ADJS,1,0,идеологический,социально-психологический,антинигилистический,,
"Жандр, Николай Павлович",мужской,0,Свет,Light,Роман минувшей эпохи,1864,Отд. изд.,1,Санкт-Петербург,светский,дворяне,3 лицо,светский,светский,NOUN,1,0,,,,,
"Боборыкин, Петр Дмитриевич",мужской,0,Земские силы,Zemstvo Forces,Роман,1865,Библиотека для чтения,0,,соц.-психологический,дворяне,3 лицо,социально-психологический,социально-психологический,ADJF NOUN,2,0,,,,,
"Благовещенский, Николай Александрович",мужской,0,Перед рассветом,Before Dawn,Роман,1865,Русское слово,0,,соц.-психологический,рабочие,3 лицо,социально-психологический,социально-психологический,PREP NOUN,2,0,,,,,
"Клюшников, Виктор Петрович",мужской,0,Другая жизнь,Another Life,Роман,1865,Детское чтение,0,,роман для детей,дворяне,1 лицо,детский,детский,ADJF NOUN,2,0,,,,,
"Шеллер-Михайлов, Александр Константинович",мужской,1,"Жизнь Шупова, его родных и знакомых","The Life of Shupov, His Relations and Acquaintances",Автобиография,1865,Современник,0,,семейная хроника,дворяне,1 лицо,семейный,семейный,NOUN NOUN NPRO NOUN CONJ ADJF,6,0,семейный,хроникальный,бытовой,,
"Лесков, Николай Семенович",мужской,0,Обойденные,The Bypassed,Роман в трех частях,1865,Отечественные записки,0,,психологический роман,рабочие,3 лицо,психологический,психологический,PRTF,1,1,социально-психологический,бытовой,нравоописательный,,
"Кукольник, Нестор Васильевич",мужской,0,Две сестры,Two Sisters,эпизод из последней польской смуты: в 3 частях,1865,Отд. изд.,1,Санкт-Петербург,социально-исторический,"поляки, дворяне",3 лицо,социальный,социальный,NUMR NOUN,2,0,,,,,
"Крестовский, В.-псевдоним",женский,1,Недавнее,Recent Events,Роман,1865,Отечественные записки,0,,,,,,,ADJF,1,0,,,,,
"Шеллер-Михайлов, Александр Константинович",мужской,1,В чаду глубоких соображений,In the Fumes of Deep Reasoning,Роман. Дюжинная история с дюжинными героями,1866,Женский вестник,0,,,,3 лицо,,,PREP NOUN ADJF NOUN,4,0,,,,,
"Баранчеев, Иван Николаевич",мужской,0,Крепости и станицы,Fortresses and Cossack Settlements,Роман,1866,Кавказ [газета],0,,социальный роман,,3 лицо,социальный,социальный,NOUN CONJ NOUN,3,0,,,,,
"Бешенцов, Александр Николаевич",мужской,0,Ссыльная,The Exiled Woman,Роман в 2 частях,1866,Отд. изд.,1,Москва,любовный,,,любовный,любовный,ADJF,1,0,,,,,
"Шеллер-Михайлов, Александр Константинович",мужской,1,Засоренные дороги,Cluttered Roads,Повесть,1866,Русское слово; Дело,0,,,,3 лицо,,,PRTF NOUN,2,0,бытовой,идеологический,нравоописательный,,
"Достоевский, Федор Михайлович",мужской,0,Преступление и наказание,Crime and Punishment,Роман,1866,Русский вестник,0,,социальально-психологический,рабочие,3 лицо,социально-психологический,социально-психологический,NOUN CONJ NOUN,3,1,социально-психологический,философский,идеологический,уголовный,
"Решетников, Федор Михайлович",мужской,0,Горнорабочие,The Miners,Роман,1866,Современник,0,,соц-психологический,рабочие,3 лицо,социально-психологический,социально-психологический,NOUN,1,0,социально-психологический,бытовой,этнографический,,
"Решетников, Федор Михайлович",мужской,0,Глумовы,The Glumovs,Роман,1866,Дело,0,,соц-психологичекий,рабочие,3 лицо,социально-психологический,социально-психологический,NOUN,1,0,социально-психологический,бытовой,семейный,,
"Боборыкин, Петр Дмитриевич",мужской,0,В чужом поле,In Another's Field,Роман в двух книгах,1866,Русский вестник,0,,соц.-психологический,дворяне,3 лицо,социально-психологический,социально-психологический,PREP NOUN NOUN,3,0,,,,,
"Достоевский, Федор Михайлович",мужской,0,Игрок,The Gambler,Роман (Из записок молодого человека),1866,Отд. изд. (СС),1,Санкт-Петербург,социально-психологический,чиновники,1 лицо,социально-психологический,социально-психологический,NOUN,1,1,социально-психологический,любовный,,,
"Маркевич, Болеслав Михайлович",мужской,0,Типы прошлого,Types of the Past,Роман,1867,Русский вестник,0,,? исторический,дворяне,1 лицо,исторический,исторический,NOUN NOUN,2,0,исторический,бытовой,нравоописательный,,
"Славутинский, Степан Тимофеевич",мужской,0,Сила болота,The Power of the Swamp,"(Эпизод из романа: ""Чужое добро"")",1867,Виленский вестник,0,,социально-психологический,"крестьяне, помещики",3 лицо,социально-психологический,социально-психологический,NOUN NOUN,2,0,,,,,
"Данилевский, Григорий Петрович",мужской,0,Новые места,New Places,Роман в двух частях,1867,Русский вестник,0,,бытовой,крестьяне,3 лицо,бытоописательный,описательный,NOUN NOUN,2,0,,,,,
"Кандауров, Василий Алексеевич",мужской,0,Поменьше опеки,Less Tutelage,Роман Кандаурова,1867,Отд. изд.,1,Екатеринослав,,дворяне,3 лицо,,,COMP NOUN,2,0,социально-психологический,идеологический,,,
"Ломачевский, Дмитрий Платонович",мужской,0,С квартиры на квартиру,From Flat to Flat,Этюды из жизни на Петербургской стороне,1867,Петербургский листок,0,,роман-фельэтон,мещане,1 лицо,фельетонный,юмористический,PREP NOUN PREP NOUN,4,0,,,,,
"Владимирова, А.К.",женский,1,Без вины виноватые,Guilty without Guilt,Рассказ в 2 главах,1867,Биржевые ведомости,0,,соц-психологический,разночинцы,3 лицо,социально-психологический,социально-психологический,PREP NOUN ADJF,3,0,,,,,
"Каратыгин, Петр Петрович",мужской,0,Отсталый и передовой,The Backward and the Progressive,Роман,1867,Всемирный труд,0,,соц-психологический,рабочие,3 лицо,социально-психологический,социально-психологический,ADJF CONJ ADJF,3,0,,,,,
"Демерт, Николай Александрович",мужской,0,Черноземные силы,Black-Earth Forces,Отрывок из неоконченного романа,1867,Невский сборник,1,Санкт-Петербург,"социально-политический, крестьяне",крестьяне,3 лицо,социальный,социальный,ADJF NOUN,2,0,политический,крестьянский,бытовой,,
"Соколов, Александр Алексеевич",мужской,1,Театральные болота,Theatrical Swamps,Хроника-роман,1867,Петербургская газета,0,,социально-психологический,разночинцы,3 лицо,социально-психологический,социально-психологический,ADJF NOUN,2,0,,,,,
"Дриянский, Егор Эдуардович",мужской,0,Туз,The Ace,Жизнеописание Антона Антоновича: Роман в 4 ч,1867,Отд. изд.,1,Москва,социально-психологический,буржуазия,,социально-психологический,социально-психологический,NOUN,1,0,,,,,
"Леонтьев, Константин Николаевич",мужской,0,Ай-Бурун,Ai-Burun,,1867,Отечественные записки,0,,"психологический,",дворяне,1 лицо,психологический,психологический,NOUN,1,0,психологический,экзотический,философский,любовный,
"Полонский, Яков Петрович",мужской,0,Признания Сергея Чалыгина,The Confessions of Sergei Chalygin,Роман,1867,Литературная библиотека,0,,исторический,декабристы,1 лицо,исторический,исторический,NOUN NOUN NOUN,3,0,,,,,
"Вельтман, Елена Ивановна",женский,0,"Приключения царевича Густава Ириковича, жениха царевны Ксении Годуновой","The Adventures of Tsarevich Gustav Erikovich, Suitor of Tsarevna Ksenia Godunova",Исторический роман,1867,Отечественные записки,0,,исторический,члены правящих династий,3 лицо,исторический,исторический,NOUN NOUN NOUN NOUN NOUN NOUN NOUN NOUN,8,0,,,,,
"Клюшников, Виктор Петрович",мужской,0,Большие корабли,Great Ships,Роман в трех частях,1867,Литературная библиотека,0,,"любовный роман,",,3 лицо,любовный,любовный,ADJF NOUN,2,0,,,,,
"Бажин, Николай Федотович",мужской,0,Из огня да в полымя,Out of the Fire into the Flame,Повесть,1867,Дело,0,,социальный роман,дворяне,3 лицо,социальный,социальный,PREP NOUN PRCL PREP NOUN,5,0,социально-психологический,идеологический,бытовой,,
"Тургенев, Иван Сергеевич",мужской,0,Дым,Smoke,Повесть,1867,Русский вестник,0,,общественно-политический роман,дворяне,3 лицо,политический,социальный,NOUN,1,1,социально-психологический,политический,идеологический,любовный,
"Решетников, Федор Михайлович",мужской,0,Где лучше?,Where Is It Better?,Роман,1868,Отечественные записки,0,,,рабочие,3 лицо,,,ADVB COMP,2,0,крестьянский,бытовой,,,
"Кашкаров, Иван Дмитриевич",мужской,0,А. Большаков,A. Bolshakov,(Роман в 2 частях),1868,Отд. изд.,1,Санкт-Петербург,социально-психологический,дворяне,,социально-психологический,социально-психологический,CONJ NOUN,2,0,,,,,
"Гирс, Дмитрий Константинович",мужской,0,Старая и юная Россия,Old and Young Russia,Роман,1868,Отечественные записки,0,,социально-психологический,,3 лицо,социально-психологический,социально-психологический,ADJF CONJ ADJF NOUN,4,0,социально-психологический,идеологический,бытовой,,
"Авдеев, Михаил Васильевич",мужской,0,Меж двух огней,Between Two Fires,Роман в 3 частях,1868,Современное обозрение,0,,социально-психологический,дворяне,3 лицо,социально-психологический,социально-психологический,PREP NUMR NOUN,3,0,социально-психологический,любовный,светский,,
"Евстигнеев, Михаил Евдокимович",мужской,0,"Ведьма из-за Днепра, или Разбойник Соловей","The Witch from beyond the Dnieper, or The Robber Nightingale",Историческое повествование времен Василия Темного,1868,Отд. изд.,1,Москва,исторический,"князья, атаманы",3 лицо,исторический,исторический,NOUN PREP NOUN CONJ NOUN NOUN,6,0,,,,,
"Вовчок, Марко",женский,1,Живая душа,A Living Soul,Роман,1868,Отечественные записки,1,Санкт-Петербург,социально-психолологический,городские обыватели,3 лицо,социально-психологический,социально-психологический,ADJF GRND,2,0,социально-психологический,феминистский,идеологический,,
"Боборыкин, Петр Дмитриевич",мужской,0,Жертва вечерняя,The Evening Sacrifice,Роман,1868,Всемирный труд,0,,социально-психологический,дворяне,1 лицо,социально-психологический,социально-психологический,NOUN ADJF,2,0,социально-психологический,светский,адюльтерный,,
"Шеллер-Михайлов, Александр Константинович",мужской,1,Господа Обносковы,The Obnoskov Family,Роман,1868,Дело,0,,социально-психологический,дворяне,3 лицо,социально-психологический,социально-психологический,NOUN NOUN,2,0,социально-психологический,семейный,бытовой,,
"Мордовцев, Даниил Лукич",мужской,0,Новые русские люди,New Russian People,Повесть из жизни шестидесятых годов,1868,Всемирный труд,0,,социально-психологический,,1 лицо,социально-психологический,социально-психологический,NOUN ADJF NOUN,3,0,,,,,
"Достоевский, Федор Михайлович",мужской,0,Идиот,The Idiot,Роман,1868,Русский вестник,0,,социально-психологический,"Дворяне, мещане",3 лицо,социально-психологический,социально-психологический,NOUN,1,1,социально-психологический,философский,идеологический,,
"Толстой, Лев Николаевич",мужской,0,Война и мир,War and Peace,Сочинение графа Л.Н. Толстого,1868,Русский вестник,0,,"роман-эпопея, военный, исторический, социально-психологический","Аристократия (графы, князья), солдаты",3 лицо,эпопея,исторический,NOUN CONJ NOUN,3,1,исторический,социально-психологический,философский,семейный,
"Бажина, Серафима Никитична",женский,0,Лотерея,The Lottery,Листки из романа,1869,Ваза,0,,социально-психологический,дворяне,1 лицо,социально-психологический,социально-психологический,NOUN,1,0,,,,,
"Ожигина, Людмила Александровна",женский,0,Своим путем,One's Own Way,Из записок современной девушки,1869,Отечественные записки,0,,социально-психологический,дворяне,1 лицо,социально-психологический,социально-психологический,ADJF PREP,2,0,,,,,
"Крестовский, Всеволод Владимирович",мужской,0,Панургово стадо,Panurge's Herd,Роман,1869,Русский вестник,0,,исторический роман,дворяне,3 лицо,исторический,исторический,ADJS NOUN,2,0,исторический,политический,идеологический,антинигилистический,уголовный
"Вроцкий, Н.А.",мужской,1,Семейство Тарских,The Tarsky Family,Роман в трех частях,1869,Отд. изд.,1,Москва,семейная хроника,дворяне,3 лицо,семейный,семейный,NOUN ADJF,2,0,,,,,
"Бажин, Николай Федотович",мужской,0,История одного товарищества,The Story of a Partnership,Роман,1869,Дело,0,,социально-психологический,мелкие чиновники,3 лицо,социально-психологический,социально-психологический,NOUN ADJF NOUN,3,0,социально-психологический,идеологический,бытовой,,
"Клюшников, Виктор Петрович",мужской,0,Цыгане,The Gypsies,Роман в трех частях,1869,Заря,0,,любовный,,3 лицо,любовный,любовный,NOUN,1,0,,,,,
"Боборыкин, Петр Дмитриевич",мужской,0,На суде,On Trial,Роман в трех книгах,1869,Всемирный труд,0,,социально-психологический,дворяне,3 лицо,социально-психологический,социально-психологический,PREP NOUN,2,0,,,,,
"Шеллер-Михайлов, Александр Константинович",мужской,1,Вразброд,At Cross-Purposes,Роман,1869,Дело,0,,семейная хроника,дворяне,1 лицо,семейный,семейный,ADVB,1,0,семейный,хроникальный,социально-психологический,,
"Мордовцев, Даниил Лукич",мужской,0,Знамение времени,A Sign of the Times,,1869,Всемирный труд,0,,социально-психологический,разночинцы,3 лицо,социально-психологический,социально-психологический,NOUN NOUN,2,0,,,,,
"Темризов, А.",женский,1,Разлучники,The Separators,Роман,1869,Отд. изд.,1,Санкт-Петербург,социально-психологический,дворяне,3 лицо,социально-психологический,социально-психологический,NOUN,1,0,,,,,
"Гончаров, Иван Александрович",мужской,0,Обрыв,The Precipice,Роман,1869,Вестник Европы,0,,социально-психологический,дворяне,3 лицо,социально-психологический,социально-психологический,NOUN,1,1,социально-психологический,любовный,философский,идеологический,
"Михайлов, Михаил Ларионович",мужской,0,За пределами истории,Beyond the Bounds of History,За миллионы лет,1869,Дело,0,,исторический,,3 лицо,исторический,исторический,PREP NOUN NOUN,3,0,исторический,философский,утопический,,
"Вовчок, Марко",женский,1,Записки причетника,Notes of a Sexton,,1869,Отечественные записки,1,Санкт-Петербург,социально-психологический,духовенство/священники,1 лицо,социально-психологический,социально-психологический,NOUN NOUN,2,0,социально-психологический,бытовой,религиозный,,
"Кельсиев, Василий Иванович",мужской,0,Москва и Тверь,Moscow and Tver,Историческая повесть,1870,Нива,0,,исторический,"дворяне, революционеры",3 лицо,исторический,исторический,NOUN CONJ NOUN,3,0,исторический,политический,авантюрный,бытовой,
"Омулевский, Иннокентий Васильевич",мужской,0,Шаг за шагом,Step by Step,Роман,1870,Дело,0,,исторический,революционеры,3 лицо,исторический,исторический,NOUN PREP ADVB,3,0,социально-психологический,идеологический,роман воспитания,,
"Евстигнеев, Михаил Евдокимович",мужской,0,Мститель,The Avenger,Роман,1870,Отд. изд.,1,Москва,детективный,,,детективный,криминальный,NOUN,1,0,,,,,
"Авсеенко, Василий Григорьевич",мужской,0,На распутьи,At the Crossroads,Роман,1870,Заря,0,,социально-психологический,,3 лицо,социально-психологический,социально-психологический,PREP NOUN,2,0,,,,,
"Лесков, Николай Семенович",мужской,0,На ножах,At Daggers Drawn,Роман,1870,Русский вестник,0,,романы о нигилистах,"нигилисты, дворяне",3 лицо,антинигилистический,социальный,PREP NOUN,2,1,антинигилистический,социально-психологический,идеологический,уголовный,
"Худеков, Сергей Николаевич",мужской,0,Балетный мирок,The Little World of Ballet,Живые картинки,1870,Отд. изд.,1,Санкт-Петербург,,,3 лицо,,,ADJF NOUN,2,0,,,,,
"Салтыков-Щедрин, Михаил Евграфович",мужской,1,История одного города,The History of a Town,,1870,Отечественные записки,0,,фантастический,"Чиновники, горожане",3 лицо,фантастический,фантастический,NOUN ADJF NOUN,3,1,сатирический,фантастический,политический,,
"Крестовский, В.-псевдоним",женский,1,Большая Медведица,Ursa Major,Роман,1870,Вестник Европы,0,,,дворяне,3 лицо,,,ADJF NOUN,2,0,социально-психологический,адюльтерный,семейный,,
"Бажина, Серафима Никитична",женский,0,Старая история,An Old Story,,1870,Ваза,0,,социально-психологический,,1 лицо,социально-психологический,социально-психологический,ADJF NOUN,2,0,,,,,
"Ахшарумов, Николай Дмитриевич",мужской,0,Мандарин,The Mandarin,Роман в 4 частях,1870,Заря,0,,социально-психологический,дворяне,3 лицо,социально-психологический,социально-психологический,NOUN,1,0,социально-психологический,философский,экзотический,,
"Михайлов, Михаил Ларионович",мужской,0,Вместе,Together,Роман,1870,Дело,0,,социально-психологический,дворяне,3 лицо,социально-психологический,социально-психологический,ADVB,1,0,социально-психологический,идеологический,бытовой,,
"Боборыкин, Петр Дмитриевич",мужской,0,Солидные добродетели,Solid Virtues,Роман в четырех книгах,1870,Отечественные записки,0,,социально-психологический,дворяне,3 лицо,социально-психологический,социально-психологический,ADJF NOUN,2,0,,,,,
"Соколов, Александр Алексеевич",мужской,1,От берега до берега. Жизнь в провинции,From Shore to Shore: Life in the Provinces,Хроника-роман в 3 частях,1870,Отд. изд.,1,Санкт-Петербург,,,,,,PREP NOUN PREP NOUN NOUN PREP NOUN,7,0,,,,,
"Решетников, Федор Михайлович",мужской,0,Свой хлеб,One's Own Bread,Роман,1870,Отечественные записки,0,,социально-психологический,,3 лицо,социально-психологический,социально-психологический,ADJF NOUN,2,0,социально-психологический,бытовой,,,
"Чаев, Николай Александрович",мужской,0,Подспудные силы,Hidden Forces,Роман в 2 частях,1870,Русский Вестник; Отд. изд,1,Москва,,,3 лицо,,,ADJF NOUN,2,0,социально-психологический,исторический,,,
"Бажина, Серафима Никитична",женский,0,Самостоятельная жизнь,An Independent Life,,1870,Ваза,0,,социально-психологический,,1 лицо,социально-психологический,социально-психологический,ADJF NOUN,2,0,,,,,
"Кущевский, Иван Афанасьевич",мужской,0,"Николай Негорев, или Благополучный россиянин","Nikolai Negorev, or A Prosperous Russian",Роман,1871,Отечественные записки,0,,социально-психологический,дворяне,1 лицо,социально-психологический,социально-психологический,NOUN NOUN CONJ ADJF NOUN,5,0,социально-психологический,роман воспитания,сатирический,,
"Кельсиев, Василий Иванович",мужской,0,При Петре,In the Time of Peter,Историческая повесть времен преобразования Руси,1871,Нива,0,,"исторический роман, революционеры","аристократия прошлого, легендарные исторические фигуры",3 лицо,исторический,исторический,PREP NOUN,2,0,исторический,политический,авантюрный,идеологический,
"Смирнова, Софья Ивановна",женский,0,Огонек,The Little Light,Роман в трех частях,1871,Отечественные записки,0,,социально-психологический роман; эмансипированная героиня,,3 лицо,социально-психологический,социально-психологический,NOUN,1,0,,,,,
"Афанасьев-Чужбинский, Александр Степанович",мужской,1,Петербургские игроки,The Petersburg Gamblers,Роман в 4 частях,1871,Заря,0,,бытовой роман,дворяне,3 лицо,бытоописательный,описательный,ADJF NOUN,2,0,бытовой,социально-психологический,нравоописательный,,
"Достоевский, Федор Михайлович",мужской,0,Бесы,Demons,Роман,1871,Русский вестник,0,,роман,"дворяне, нигилисты, разночинцы",3 лицо,,,NOUN,1,1,антинигилистический,философский,идеологический,психологический,
"Суворин, Алексей Сергеевич",мужской,0,Миллиард в тумане,A Billion in the Fog,роман-фельетон,1871,Санкт-Петербургские ведомости,0,,,,,,,NOUN PREP NOUN,3,0,,,,,
"Кельсиев, Василий Иванович",мужской,0,На все руки мастер,A Jack of All Trades,Историческая повесть,1871,Семейные вечера,0,,исторический,революционеры,3 лицо,исторический,исторический,PREP ADJF NOUN NOUN,4,0,,,,,
"Долгов, К.",мужской,0,На новом пути,On a New Path,Роман,1871,Дело,0,,исторический,,,исторический,исторический,PREP ADJF NOUN,3,0,,,,,
"Лейкин, Николай Александрович",мужской,0,Христова невеста,The Bride of Christ,Повесть Н.А. Лейкина,1871,Дешёвая библиотека для лёгкого чтения,1,Санкт-Петербург,бытописательный роман,"купцы, мещане",3 лицо,бытоописательный,описательный,ADJF NOUN,2,0,,,,,
"Кашкаров, Иван Дмитриевич",мужской,0,Честные люди,Honest People,"Роман в четырех частях. Продолжение романа ""Русские демократы""",1871,Отд. изд.,1,Санкт-Петербург,соц.-психологичесий,"дворяне, крестьяне",3 лицо,социально-психологический,социально-психологический,ADJF NOUN,2,0,социально-психологический,идеологический,нравоучительный,,
"Блюммер, Леонид Петрович",мужской,0,Около золота,Around Gold,Роман,1871,Заря,0,,социально-психологический,рабочие,3 лицо,социально-психологический,социально-психологический,PREP NOUN,2,0,социально-психологический,бытовой,,,
"Ближнев, П.",женский,1,Семейство Снежиных,The Snezhin Family,Роман,1871,Вестник Европы,0,,,дворяне,3 лицо,,,NOUN NOUN,2,0,,,,,
"Писемский, Алексей Феофилактович",мужской,0,В водовороте,In the Maelstrom,Роман,1871,Беседа,0,,,дворяне,3 лицо,,,PREP NOUN,2,0,социально-психологический,адюльтерный,идеологический,антинигилистический,
"Леванда, Лев Осипович",мужской,0,Горячее время,A Hot Time,Роман из последнего польского восстания,1871,Еврейская библиотека,1,Санкт-Петербург,социально-психологический,дворяне,1 лицо,социально-психологический,социально-психологический,NOUN NOUN,2,0,,,,,
"Богров, Григорий Исаакович",мужской,0,Записки еврея,Notes of a Jew,,1871,Отечественные записки,0,,социально-психологический,народности и этнические группы,1 лицо,социально-психологический,социально-психологический,NOUN NOUN,2,0,социально-психологический,этнографический,,,
"Шеллер-Михайлов, Александр Константинович",мужской,1,Лес рубят - щепки летят,"When You Chop Wood, Chips Fly",Роман,1871,Дело,0,,социально-психологический,рабочие,3 лицо,социально-психологический,социально-психологический,NOUN VERB NOUN VERB,5,0,социально-психологический,идеологический,бытовой,,
"Окрейц, Станислав Станиславович",мужской,0,Последние язычники,The Last Pagans,Роман из предрассветной эпохи (1840-1850 гг.),1871,Отд. изд.,1,Санкт-Петербург,исторический,поляки,,исторический,исторический,ADJF NOUN,2,0,,,,,
"Мельников-Печерский, Павел Иванович",мужской,1,В лесах,In the Forests,"Продолжение рассказа ""За Волгой""",1871,Русский вестник,0,,,"раскольники, крестьяне, купцы/промышленники",3 лицо,,,PREP NOUN,2,0,этнографический,бытовой,религиозный,хроникальный,
"Анненская, Александра Никитична",женский,0,Чужой хлеб,Another's Bread,Роман для детей,1871,Семья и школа,0,,социальная повесть,крестьяне,3 лицо,социальный,социальный,ADJF NOUN,2,0,социально-психологический,бытовой,роман воспитания,,
"Чистяков, Михаил Борисович",мужской,0,"Святослав, князь Липецкий","Svyatoslav, Prince of Lipetsk",повесть,1871,Отд. изд.,1,Санкт-Петербург,историческая повесть,аристократия прошлого,3 лицо,исторический,исторический,NOUN NOUN ADJF,3,0,исторический,авантюрный,,,
"Лермонтов, Владимир Дмитриевич",мужской,0,Неслужащий дворянин,The Retired Nobleman,Роман в двух частях,1871,Заря,0,,социально-психологический,дворяне,3 лицо,социально-психологический,социально-психологический,ADJF NOUN,2,0,,,,,
"Зарубин, Павел Алексеевич",мужской,0,Тёмные и светлые стороны русской жизни,The Dark and Bright Sides of Russian Life,Роман,1872,Отд. изд.,1,Санкт-Петербург,автобиографический,мещане,3 лицо,автобиографический,биографический,ADJF CONJ ADJF NOUN ADJF NOUN,6,0,,,,,
Неженатый Серафим,мужской,1,От поцелуя к поцелую,From Kiss to Kiss,Роман,1872,Отд. изд.,1,Санкт-Петербург,сатирический роман,чиновники,3 лицо,сатирический,юмористический,PREP NOUN PREP NOUN,4,0,,,,,
"Боборыкин, Петр Дмитриевич",мужской,0,Дельцы,The Businessmen,Роман в четырех книгах,1872,Отечественные записки,0,,соц.-психологический,молодая буржуазия,3 лицо,социально-психологический,социально-психологический,NOUN,1,0,,,,,
"Ромер, Федор Эмильевич",мужской,0,Дилетанты,The Dilettantes,Роман,1872,Вестник Европы,0,,соц.-психологический,революционеры,3 лицо,социально-психологический,социально-психологический,NOUN,1,0,,,,,
"Чаев, Николай Александрович",мужской,0,Богатыри,The Bogatyrs,Роман в трех частях из времен императора Павла,1872,Беседа,0,,"историческая повесть, xviii в., времена павла i",аристократия прошлого,3 лицо,исторический,исторический,NOUN,1,0,,,,,
"Авсеенко, Василий Григорьевич",мужской,0,Из-за благ земных,For the Sake of Earthly Goods,Роман в 3 частях,1872,Русский вестник,1,Москва,психологический роман,дворяне,3 лицо,психологический,психологический,PREP NOUN ADJF,3,0,социально-психологический,светский,нравоописательный,,
"Смирнова, Софья Ивановна",женский,0,Соль земли,The Salt of the Earth,Роман,1872,Отечественные записки,0,,социально-психологический,дворяне,3 лицо,социально-психологический,социально-психологический,NOUN NOUN,2,0,,,,,
"Преображенский, Н.С.",мужской,0,Из кулька в рогожку,From the Frying Pan into the Fire,Роман,1872,Дело,0,,социально-психологический,духовенство,3 лицо,социально-психологический,социально-психологический,PREP NOUN PREP NOUN,4,0,,,,,
"Альминский, П.",мужской,1,Алексей Слободин,Aleksei Slobodin,Семейная история,1872,Вестник Европы,0,,социально-психологический,дворяне,3 лицо,социально-психологический,социально-психологический,NOUN NOUN,2,0,,,,,
"Лесков, Николай Семенович",мужской,0,Соборяне,Cathedral Folk,Старгородская хроника,1872,Русский вестник,0,,психологический роман,духовенство,3 лицо,психологический,психологический,NOUN,1,1,социально-психологический,социально-психологический,бытовой,,
"Ахшарумов, Николай Дмитриевич",мужской,0,Концы в воду,Into the Water with the Evidence,роман,1872,Отечественные записки,0,,детективный роман,криминальный мир,1 лицо,детективный,криминальный,NOUN PREP NOUN,3,0,детективный,социально-психологический,уголовный,,
"Ковнер, Аркадий Григорьевич",мужской,0,Вне колеи,Off the Track,Роман в четырех книгах,1872,Библиотека дешевая общедоступная,0,,социальный роман,разночинцы,3 лицо,социальный,социальный,PREP NOUN,2,0,,,,,
"Бажин, Николай Федотович",мужской,0,Зовет...,It Calls...,Записки Семена Долгого. Роман,1872,Дело,0,,социальный роман,разночинцы,1 лицо,социальный,социальный,VERB,1,0,,,,,
"Салиас, Евгений Андреевич",мужской,1,Самокрутка,The Self-Made Bride,Историческая повесть в двух частях,1872,Отд. изд. (СС),1,Санкт-Петербург,"историческая повесть, xviii в.",,3 лицо,исторический,исторический,NOUN,1,0,исторический,авантюрный,любовный,бытовой,
"Зотов, Рафаил Михайлович",мужской,0,Последний потомок Чингис-хана,The Last Descendant of Genghis Khan,Роман в трех частях,1872,Иллюстрированная газета,0,,биографический,военные и аристократы,3 лицо,биографический,биографический,ADJF NOUN NOUN,3,0,,,,,
"Каразин, Николай Николаевич",мужской,0,На далеких окраинах,On Distant Frontiers,Роман,1872,Дело,0,,ориенталистский,офицеры,3 лицо,ориенталистский,ориенталистский,PREP ADJF NOUN,3,0,этнографический,приключенческий,ориенталистский,,
"Клюшников, Виктор Петрович; Петров, Петр Николаевич",мужской,0,Семья вольнодумцев,A Family of Freethinkers,Роман Екатерининского времени,1872,Нива,0,,роман о нигилистах,нигилисты,3 лицо,антинигилистический,социальный,NOUN NOUN,2,0,антинигилистический,идеологический,семейный,,
"Смирнова, Софья Ивановна",женский,0,Попечитель учебного округа,The Superintendent of the Educational District,Роман в трех частях,1873,Отечественные записки,0,,исторический,гос. чиновники,,исторический,исторический,NOUN ADJF NOUN,3,0,,,,,
"Салиас, Евгений Андреевич",мужской,1,Пугачевцы,The Pugachevites,Исторический роман,1873,Гражданин; Русский вестник,0,,исторический,"военные, казаки",3 лицо,исторический,исторический,NOUN,1,0,исторический,авантюрный,приключенческий,,
"Боборыкин, Петр Дмитриевич",мужской,0,Полжизни,Half a Life,Роман в двух книгах,1873,Вестник Европы,0,,соц.-психологический,студенты,1 лицо,социально-психологический,социально-психологический,NOUN,1,0,,,,,
"Лермонтов, Михаил Юрьевич",мужской,0,Вадим,Vadim,,1873,Вестник Европы,0,,исторический,"помещики, крестьяне",3 лицо,исторический,исторический,NOUN,1,1,исторический,готический,психологический,,
"Филиппов, Михаил Авраамович",мужской,0,Рассвет,Dawn,Роман М.А. Филиппова,1873,Отд. изд.,1,Санкт-Петербург,социальный,дворяне,3 лицо,социальный,социальный,NOUN,1,0,,,,,
"Маркевич, Болеслав Михайлович",мужской,0,Марина из Алого рога,Marina of Alyi Rog,Современная быль,1873,Русский вестник,0,,исторический,малоросские дворяне,3 лицо,исторический,исторический,NOUN PREP ADJF NOUN,4,0,антинигилистический,светский,идеологический,нравоописательный,
"Евстигнеев, Михаил Евдокимович",мужской,0,Сын нищего,The Beggar's Son,Роман из староверского быта : В 2 частях,1873,Отд. изд.,1,Москва,детективный,духовенство,,детективный,криминальный,NOUN ADJF,2,0,,,,,
"Альбов, Михаил Николаевич",мужской,0,Пшеницыны,The Pshenitsyns,Из истории забитых людей,1873,Дело,0,,соц.-психологический роман,чиновники,3 лицо,социально-психологический,социально-психологический,NOUN,1,0,социально-психологический,семейный,бытовой,,
"Мещерский, Владимир Петрович",мужской,0,Женщины из большого петербургского света,Women of Petersburg High Society,Оригинальный роман в 3 частях,1873,Гражданин,0,,светский,дворяне,3 лицо,светский,светский,NOUN PREP ADJF ADJF NOUN,5,0,,,,,
"Филиппов, Михаил Авраамович",мужской,0,Скорбящие,The Mourning,Роман М.А. Филиппова,1873,Отд. изд.,1,Санкт-Петербург,,,,,,PRTF,1,0,,,,,
"Соколов, Александр Алексеевич",мужской,1,Розы и тернии,Roses and Thorns,,1873,Отд. изд.,1,Санкт-Петербург,,,,,,NOUN CONJ NOUN,3,0,,,,,
"Марков, Владислав Львович",мужской,0,Курские порубженики,The Border Folk of Kursk,Исторический роман,1873,Русский вестник,0,,"исторический,",монахи,3 лицо,исторический,исторический,ADJF NOUN,2,0,исторический,этнографический,,,
"Станюкович, Константин Михайлович",мужской,0,Без исхода,Without a Way Out,Роман,1873,Дело,0,,народнический,дворяне,3 лицо,народнический,социальный,PREP NOUN,2,0,политический,идеологический,,,
"Каразин, Николай Николаевич",мужской,0,Погоня за наживой,The Chase for Profit,Роман,1873,Дело,0,,исторический,дворяне,3 лицо,исторический,исторический,NOUN PREP NOUN,3,0,,,,,
"Де-Воллан, Григорий Александрович",мужской,0,Отто фон Нейзан,Otto von Neuzan,na,1873,"Карпат [газета, г. Пешт, Венгрия]",0,,социально-психологический,Аристократы,,социально-психологический,социально-психологический,NOUN PRCL NOUN,3,0,,,,,
"Соколов, Александр Алексеевич",мужской,1,Крестник Петра Великого,The Godson of Peter the Great,Исторический рассказ,1873,Отд. изд.,1,Санкт-Петербург,исторический,аристократы,3 лицо,исторический,исторический,NOUN NOUN NOUN,3,0,исторический,авантюрный,,,
"Мещерский, Владимир Петрович",мужской,0,Один из наших Бисмарков,One of Our Bismarcks,фантастический роман в 3 частях,1873,Гражданин,0,,сатирический,"Бюрократы, аристократы",3 лицо,сатирический,юмористический,ADJF PREP ADJF NOUN,4,0,,,,,
"Омулевский, Иннокентий Васильевич",мужской,0,Попытка - не шутка,An Attempt Is No Joke,Роман,1873,Дело,0,,,,3 лицо,,,NOUN PRCL NOUN,4,0,политический,бытовой,,,
"Евстигнеев, Михаил Евдокимович",мужской,0,Раскольничее гнездо сообщников царевны Софи,The Schismatic Nest of Tsarevna Sophia's Accomplices,Исторический роман в трех частях,1874,Отд. изд.,1,Москва,исторический,,,исторический,исторический,ADJF NOUN NOUN NOUN NOUN,5,0,,,,,
"Каразин, Николай Николаевич",мужской,0,Двуногий волк,The Two-Legged Wolf,Роман,1874,Нива,1,Санкт-Петербург,,народности и этнические группы,3 лицо,,,ADJF NOUN,2,0,приключенческий,этнографический,авантюрный,экзотический,
"Каразин, Николай Николаевич",мужской,0,С севера на юг,From North to South,Роман,1874,Дело,1,Санкт-Петербург,,крестьяне,3 лицо,,,PREP NOUN PREP NOUN,4,0,,,,,
"Евстигнеев, Михаил Евдокимович",мужской,0,"Страшный клад, или Татарская пленница","The Terrible Treasure, or The Tatar Captive",Повесть времен татарщины,1874,Отд. изд.,1,Москва,исторический,,,исторический,исторический,ADJF NOUN CONJ ADJF NOUN,5,0,,,,,
"Летнев, П.",женский,1,Вне общественных интересов,Outside Public Interests,Роман П. Летнева,1874,Отд. изд.,1,Санкт-Петербург,социальный,"дворянки, женщины",3 лицо,социальный,социальный,PREP ADJF NOUN,3,0,,,,,
"Крестовский, Всеволод Владимирович",мужской,0,Две силы,Two Forces,Роман,1874,Русский вестник,0,,исторический роман,,3 лицо,исторический,исторический,NUMR NOUN,2,0,исторический,антинигилистический,политический,идеологический,
"Бешенцов, Александр Николаевич",мужской,0,"Сказано, что Азия",It Was Said: Asia,Роман в 2 частях,1874,Нива,0,,любовный,"народности и этнические группы, военные",3 лицо,любовный,любовный,PRTS CONJ NOUN,3,0,любовный,приключенческий,экзотический,,
"Немирович-Данченко, Василий Иванович",мужской,0,"Жизнь, как она есть. На море",Life as It Is: At Sea,Из воспоминаний моряка,1874,Нива,1,Санкт-Петербург,авантюрный,военные,,авантюрный,приключенческий,NOUN CONJ NPRO INTJ PREP NOUN,6,0,,,,,
"Аверкиев, Дмитрий Васильевич",мужской,0,История бледного молодого человека,The Story of a Pale Young Man,Роман в 3 книгах с прологом,1874,Русский вестник,0,,социально-психологический,разночинцы,1 лицо,социально-психологический,социально-психологический,NOUN ADJF ADJF NOUN,4,0,социально-психологический,нравоописательный,,,
"Алеева, Н.",женский,1,Два мира,Two Worlds,Роман в 4 частях,1874,Дело,0,,,,,,,NUMR NOUN,2,0,,,,,
"Засодимский (Вологдин), Павел Владимирович",мужской,1,Хроника села Смурина,The Chronicle of the Village of Smurino,,1874,Отечественные записки,0,,социально-психологический,крестьяне,3 лицо,социально-психологический,социально-психологический,NOUN NOUN NOUN,3,0,,,,,
"Правдин, В.",мужской,1,Одесские катакомбы,The Catacombs of Odessa,"Роман в двух частях, из записок полицейского агента",1874,Отд. изд.,1,Санкт-Петербург,"криминальный, социальный","преступники, нищие",3 лицо,криминальный,криминальный,ADJF NOUN,2,0,уголовный,авантюрный,,,
"Петров, Пётр Николаевич",мужской,0,"Иоанн III, собиратель Земли Русской","Ivan III, Gatherer of the Russian Land","Исторический роман, начатый Н.В. Кукольником, а со 2-й главы II-й части продолженный и оконченный Петровым",1874,Отд. изд.,1,Санкт-Петербург,исторический,аристократия прошлого,,исторический,исторический,NOUN NUMR NOUN NOUN ADJF,5,0,,,,,
"Дьяков, Александр Александрович",мужской,0,Степные миссионеры,Steppe Missionaries,Отрывки из романа Юлия Тимченко,1874,Новое время,1,Санкт-Петербург,исторический,,1 лицо,исторический,исторический,ADJF NOUN,2,0,,,,,
"Данилевский, Григорий Петрович",мужской,0,Девятый вал,The Ninth Wave,Роман в трех частях,1874,Вестник Европы,0,,роман воспитания,,,воспитания,воспитания,ADJF NOUN,2,0,,,,,
"Боборыкин, Петр Дмитриевич",мужской,0,Доктор Цыбулька,Doctor Tsybulka,Рапсодия в трех книгах,1874,Отечественные записки,1,Санкт-Петербург,соц.-психологический,чиновники,3 лицо,социально-психологический,социально-психологический,NOUN NOUN,2,0,социально-психологический,бытовой,нравоописательный,,
"Кашкаров, Иван Дмитриевич",мужской,0,Хищники,The Predators,Роман в двух частях,1875,Отд. изд.,1,Санкт-Петербург,соц.-психологический,"дворяне, крестьяне",,социально-психологический,социально-психологический,NOUN,1,0,,,,,
"Гусев, Сергей Сергеевич",мужской,0,Иван Николаевич Истуканов,Ivan Nikolaevich Istukanov,na,1875,Саратовский листок,1,Саратов,социально-психологический,разночинцы,,социально-психологический,социально-психологический,NOUN NOUN NOUN,3,0,,,,,
"Вовчок, Марко",женский,1,В глуши,In the Backwoods,Роман,1875,Отечественные записки,0,,социально-психологический,дворяне,3 лицо,социально-психологический,социально-психологический,PREP NOUN,2,0,социально-психологический,бытовой,,,
"Мельников-Печерский, Павел Иванович",мужской,1,На горах,In the Mountains,Рассказ [в журнальной публикации с 1875 г.],1875,Русский вестник,0,,семейная хроника,"старообрядцы, купцы, крестьяне",3 лицо,семейный,семейный,PREP NOUN,2,0,семейный,этнографический,бытовой,религиозный,хроникальный
"Достоевский, Федор Михайлович",мужской,0,Подросток,The Adolescent,Роман,1875,Отечественные записки,1,Санкт-Петербург,социально-психологический,дворяне,1 лицо,социально-психологический,социально-психологический,NOUN,1,1,роман воспитания,социально-психологический,идеологический,,
"Соколов, Александр Алексеевич",мужской,1,Земское дело – семейное дело.,Zemstvo Business Is Family Business,Роман в 3 ч.,1875,Отд. изд.,1,Санкт-Петербург,социально-психологический,аристократия прошлого,,социально-психологический,социально-психологический,ADJF NOUN ADJF NOUN,5,0,,,,,
"Стахеев, Дмитрий Иванович",мужской,0,Наследники,The Heirs,"Повесть в 2 ч., заключающая в себе описание жизни, деятельности, страданий, радостей, увлечений и доблест. поступков одного весьма почтенного и весьма ученого, но отчасти легкомысл. стат. советника и некоторых других лиц, достойных внимания читателей",1875,Отд. изд.,1,Санкт-Петербург,,,,,,NOUN,1,0,,,,,
"Костомаров, Николай Иванович",мужской,0,Кудеяр,Kudeyar,Историческая хроника в трех книгах,1875,Вестник Европы,1,Санкт-Петербург,исторический,аристократия прошлого,3 лицо,исторический,исторический,NOUN,1,0,исторический,этнографический,фольклорный,,
"Авсеенко, Василий Григорьевич",мужской,0,Млечный путь,The Milky Way,Роман,1875,Русский вестник,1,Москва,социально-психологический,дворяне,3 лицо,социально-психологический,социально-психологический,ADJF NOUN,2,0,социально-психологический,адюльтерный,светский,антинигилистический,
"Авсеенко, Василий Григорьевич",мужской,0,Из современного романа,From a Contemporary Novel,"Сцены, портреты и контуры",1875,Русский мир,0,,социально-психологический,,3 лицо,социально-психологический,социально-психологический,PREP ADJF NOUN,3,0,,,,,
"Фридрих, Ф.",na,0,Кто выиграл?,Who Won?,Из современной уголовной хроники,1875,Нива,1,Санкт-Петербург,"социально-психологический, детективный","разночинцы, дворяне",,социально-психологический,социально-психологический,NPRO VERB,2,0,,,,,
"Славутинский, Степан Тимофеевич",мужской,0,Капитон Перелетов,Kapiton Pereletov,Роман,1875,Отечественные записки,0,,социально-психологический,"крестьяне, дворяне",,социально-психологический,социально-психологический,NOUN NOUN,2,0,,,,,
"Шеллер-Михайлов, Александр Константинович",мужской,1,Старые гнезда,Old Nests,Роман,1875,Дело,0,,,"дворяне, крестьяне",3 лицо,,,NOUN NOUN,2,0,семейный,бытовой,,,
"Боборыкин, Петр Дмитриевич",мужской,0,Лихие болести,Fierce Ailments,Роман в двух книгах,1876,Отечественные записки,0,,социально-психологический; любовный,,3 лицо,социально-психологический,социально-психологический,ADJF NOUN,2,0,социально-психологический,любовный,бытовой,,
"Марков, Евгений Львович",мужской,0,Черноземные поля,Black-Earth Fields,Роман. В двух частях,1876,Дело,0,,,дворяне,3 лицо,,,ADJF NOUN,2,0,бытовой,крестьянский,этнографический,,
"Мещерский, Владимир Петрович",мужской,0,Лорд-апостол в большом петербуржском свете,A Lord-Apostle in Petersburg High Society,Повесть К.В.М.,1876,Отд. изд.,1,Санкт-Петербург; Москва,социально-психологический,"дворяне, свет",3 лицо,социально-психологический,социально-психологический,NOUN PREP ADJF ADJF NOUN,5,0,,,,,
"Мещерский, Владимир Петрович",мужской,0,Тайны современного Петербурга,The Mysteries of Modern Petersburg,Записки магистра Степана Боба,1876,Гражданин,0,,романы о нигилистах,нигилисты,1 лицо,антинигилистический,социальный,NOUN ADJF NOUN,3,0,,,,,
"Богров, Григорий Исаакович",мужской,0,Еврейский манускрипт,The Jewish Manuscript,Перед драмой,1876,Отд. изд.,1,Санкт-Петербург,исторический,народности и этнические группы,3 лицо,исторический,исторический,ADJF NOUN,2,0,,,,,
"Шеллер-Михайлов, Александр Константинович",мужской,1,Хлеба и зрелищ,Bread and Circuses,Роман,1876,Дело,0,,,дворяне,3 лицо,,,NOUN CONJ NOUN,3,0,нравоучительный,идеологический,,,
"Ласкос, Изабелла Львовна",женский,0,При дворе,At Court,Роман в трех частях,1876,Русский вестник,0,,социально-психологический,,,социально-психологический,социально-психологический,PREP NOUN,2,0,,,,,
"Потехин, Алексей Антипович",мужской,0,Около денег,Around Money,Роман,1876,Вестник Европы,0,,социально-психологический,рабочие,3 лицо,социально-психологический,социально-психологический,PREP NOUN,2,0,,,,,
"Каразин, Николай Николаевич",мужской,0,Тигрица,The Tigress,Быль,1876,Отд. изд.,1,Санкт-Петербург,,"дворяне, народности и этнические группы",1 лицо,,,NOUN,1,0,приключенческий,экзотический,авантюрный,,
"Линев, Дмитрий Александрович",мужской,0,Исповедь преступника,Confession of a Criminal,Уголовный роман,1876,Всемирная иллюстрация,0,,социально-психологический,разночинцы,1 лицо,социально-психологический,социально-психологический,NOUN NOUN,2,0,,,,,
"Смирнова, Софья Ивановна",женский,0,Сила характера,Strength of Character,Роман в трех частях,1876,Отечественные записки,0,,уголовный; социально-психологический,,,уголовный,криминальный,NOUN NOUN,2,0,,,,,
аноним,na,1,Князь Михаил Васильевич Скопин-Шуйский или Москва и Новгород в смутное время в начале семнадцатого века,"Prince Mikhail Vasilyevich Skopin-Shuisky, or Moscow and Novgorod in the Time of Troubles at the Beginning of the Seventeenth Century",Исторический роман в 4 частях,1876,Отд. изд.,1,Санкт-Петербург,исторический,,,исторический,исторический,NOUN NOUN NOUN NOUN CONJ NOUN CONJ NOUN PREP ADJF NOUN PREP NOUN ADJF NOUN,15,0,,,,,
"Авдеев, Михаил Васильевич",мужской,0,Мои времена в 30-х годах,My Times in the Thirties,na,1876,Молва,1,Москва,,,,,,ADJF NOUN PREP NUMR NOUN,5,0,,,,,
"Загоскин, Михаил Васильевич",мужской,0,Магистр,The Master,Роман,1876,"Сборник газеты ""Сибирь""",1,Санкт-Петербург,социально-психологический,духовенство/священники,3 лицо,социально-психологический,социально-психологический,NOUN,1,0,бытовой,роман воспитания,,,
"Мамин-Сибиряк, Дмитрий Наркисович",мужской,1,В водовороте страстей,In the Maelstrom of Passions,Оригинальный роман,1876,Отд. изд.,1,Санкт-Петербург,авантюрный,купцы/промышленники,3 лицо,авантюрный,приключенческий,PREP NOUN NOUN,3,0,,,,,
"Авдеев, Михаил Васильевич",мужской,0,В сороковых годах,In the Forties,Повесть,1876,Вестник Европы,0,,социально-психологический,дворяне,3 лицо,социально-психологический,социально-психологический,PREP ADJF NOUN,3,0,,,,,
"Петров, Пётр Николаевич",мужской,0,Царский суд,The Tsar's Judgement,Историческая повесть,1877,Отд. изд.,1,Санкт-Петербург,исторический,дворяне,3 лицо,исторический,исторический,ADJF NOUN,2,0,исторический,авантюрный,,,
"Чернышевский, Николай Гаврилович",мужской,0,Пролог,The Prologue,Роман в 2 ч,1877,Отд. изд.,1,Лондон,социально-психологический,дворяне,3 лицо,социально-психологический,социально-психологический,NOUN,1,0,политический,дидактический,идеологический,,
"Летнев, П.",женский,1,Увлечения и ошибки,Passions and Mistakes,Роман,1877,Дело,0,,,,,,,NOUN CONJ NOUN,3,0,,,,,
"Дубровина, Екатерина Оскаровна",женский,0,Сфинкс,The Sphinx,Роман,1877,Дело,1,Санкт-Петербург,,,,,,NOUN,1,0,,,,,
"Тургенев, Иван Сергеевич",мужской,0,Новь,Virgin Soil,Рома в двух частях,1877,Вестник Европы,0,,исторический,разночинцы,3 лицо,исторический,исторический,NOUN,1,1,социально-психологический,политический,идеологический,,
"Берви, Василий Васильевич (Вильгельм Вильгельмович)",мужской,0,На жизнь и смерть. Изображение идеалистов,To Life and Death: A Portrayal of Idealists,роман в 3 частях,1877,Отд. изд.,1,Санкт-Петербург; Женева,"о новых людях, разночинцы, революционеры","новые люди, разночинцы, революционеры",3 лицо,социальный,социальный,PREP NOUN CONJ NOUN NOUN NOUN,6,0,,,,,
Ардов,женский,1,Без вины виноватые,Guilty without Guilt,Роман в 2 частях,1877,Вестник Европы,0,,социально-психологический,дворяне,3 лицо,социально-психологический,социально-психологический,PREP NOUN ADJF,3,0,социально-психологический,семейный,,,
"Каразин, Николай Николаевич",мужской,0,В пороховом дыму,In Gunpowder Smoke,Роман,1877,Дело,1,Санкт-Петербург,,народности и этнические группы,3 лицо,,,PREP ADJF NOUN,3,0,,,,,
"Толстой, Лев Николаевич",мужской,0,Анна Каренина,Anna Karenina,Роман,1877,Русский вестник,0,,философский; социально-психологический,дворяне,3 лицо,философский,философский,NOUN NOUN,2,1,социально-психологический,философский,адюльтерный,семейный,
"Линев, Дмитрий Александрович",мужской,0,По тюрьмам,Through the Prisons,Записки заключенного,1877,Всемирная иллюстрация,0,,социально-психологический,разночинцы,1 лицо,социально-психологический,социально-психологический,PREP NOUN,2,0,социально-психологический,уголовный,,,
"Данилевский, Григорий Петрович",мужской,0,Мирович,Mirovich,Исторический роман в трех частях,1877,Вестник Европы,0,,исторический,легендарные исторические фигуры,3 лицо,исторический,исторический,NOUN,1,0,исторический,авантюрный,психологический,,
"Писемский, Алексей Феофилактович",мужской,0,Мещане,The Petty Bourgeois,Роман А.Ф. Писемского,1877,Пчела,1,Санкт-Петербург,,разночинцы,3 лицо,,,NOUN,1,0,социально-психологический,сатирический,,,
"Салманов, Петр Алексеевич",мужской,0,Убийца,The Murderer,"Роман из русского оконченного дела: в 3 частях, с прологом и эпилогом",1877,Отд. изд.,1,Санкт-Петербург,уголовный/криминальный,"дворяне, аристократия",3 лицо,уголовный,криминальный,NOUN,1,0,,,,,
"Мещерский, Владимир Петрович",мужской,0,Хочу быть русскою,I Want to Be Russian,Роман из большого петербургского света : В 4 ч.,1877,Отд. изд.,1,Санкт-Петербург,,,,,,VERB INFN ADJF,3,0,,,,,
"Салтыков-Щедрин, Михаил Евграфович",мужской,1,Современная идиллия,A Modern Idyll,,1877,Отечественные записки,0,,"социально-психологический, авантюрный","криминальный мир (мошенники, политеческие авантюристы)",1 лицо,социально-психологический,социально-психологический,ADJF NOUN,2,1,сатирический,политический,,,
"Засодимский, Павел Владимирович",мужской,0,Кто во что горазд,Each to His Own Talents,Повесть в трех книгах,1878,Слово,1,Санкт-Петербург,"социальный, крестьяне",крестьяне,3 лицо,социальный,социальный,NPRO PREP CONJ ADJS,4,0,,,,,
"Соловьев, Всеволод Сергеевич",мужской,0,Капитан гренадерский роты,The Captain of the Grenadier Company,Роман-хроника (XVIII в.),1878,Отд. изд.,1,Санкт-Петербург,исторический,легендарные исторические фигуры,3 лицо,исторический,исторический,NOUN ADJF NOUN,3,0,исторический,приключенческий,военный,,
"Станюкович, Константин Михайлович",мужской,0,В мутной воде,In Muddy Waters,Оригинальный роман из последних событий,1878,Биржевые ведомости,0,,,дворяне,3 лицо,,,PREP ADJF NOUN,3,0,политический,сатирический,,,
"Мордовцев, Даниил Лукич",мужской,0,Идеалисты и реалисты,Idealists and Realists,Исторический роман,1878,Отд. изд.,1,Санкт-Петербург,исторический,аристократия прошлого,3 лицо,исторический,исторический,NOUN CONJ NOUN,3,0,исторический,политический,идеологический,,
"Шеллер-Михайлов, Александр Константинович",мужской,1,Беспечальное житье,A Carefree Life,Роман,1878,Дело,0,,,,3 лицо,,,ADJF NOUN,2,0,бытовой,нравоописательный,,,
"Златовратский, Николай Николаевич",мужской,0,Устои,The Foundations,История одного поселка,1878,Отечественные записки,0,,социально-психологический,крестьяне,3 лицо,социально-психологический,социально-психологический,NOUN,1,0,крестьянский,роман-идиллия,этнографический,,
"Фирсов, Николай Николаевич",мужской,0,Под грозой,Under the Storm,Повесть,1878,Книжки „Недели“,0,,,,3 лицо,,,PREP NOUN,2,0,,,,,
"Авсеенко, Василий Григорьевич",мужской,0,Скрежет зубовный,The Gnashing of Teeth,Роман,1878,Русский вестник,1,Москва,социально-психологический,,3 лицо,социально-психологический,социально-психологический,NOUN ADJF,2,0,,,,,
"Крестовский, В.-псевдоним",женский,1,Былое,The Past,Роман,1878,Отечественные записки,0,,,,3 лицо,,,ADJF,1,0,социально-психологический,семейный,,,
"Петров, Пётр Николаевич",мужской,0,Два узла одной верёвки,Two Knots on One Rope,(Характеристика времён Петра I),1878,Отд. изд.,1,Санкт-Петербург,исторический,дворяне,,исторический,исторический,NUMR NOUN ADJF NOUN,4,0,,,,,
"Полежаев, Петр Васильевич",мужской,0,Престол и монастырь,Throne and Monastery,Летопись 1682 и 1689 г.,1878,Историческая библиотека,0,,исторический,легендарные исторические фигуры,3 лицо,исторический,исторический,NOUN CONJ NOUN,3,0,исторический,религиозный,,,
"Салиас, Евгений Андреевич",мужской,1,Петербургское действо,The Petersburg Spectacle,Исторический роман,1878,Историческая библиотека; Русская мысль; Полярная звезда,0,,исторический,легендарные исторические фигуры,3 лицо,исторический,исторический,ADJF NOUN,2,0,,,,,
"Соколов, Александр Алексеевич",мужской,1,Царь-баба,The Tsar-Woman,Исторический роман в 2 ч. Александра Соколова,1878,Отд. изд.,1,Санкт-Петербург,исторический,дворяне,3 лицо,исторический,исторический,NOUN,1,0,,,,,
"Соколов, Александр Алексеевич",мужской,1,Сестра милосердия,The Sister of Mercy,Роман А.А. Соколова,1878,Отд. изд.,1,Санкт-Петербург,,,3 лицо,,,NOUN NOUN,2,0,,,,,
"Кондратьев, Иван Кузьмич",мужской,0,Гунны: Эпоха великого переселения народов,The Huns: The Age of the Great Migration of Peoples,Исторический роман из жизни славян IV-го и V-го столетий,1878,Отд. изд.,1,Москва,авантюрный; исторический,народности и этнические группы,3 лицо,авантюрный,приключенческий,NOUN NOUN NOUN NOUN NOUN,5,0,,,,,
"Маркевич, Болеслав Михайлович",мужской,0,Четверть века назад,A Quarter of a Century Ago,Правдивая история,1878,Русский вестник,0,,,"разночинцы, дворяне",3 лицо,,,NOUN NOUN ADVB,3,0,исторический,светский,политический,,
"Мордовцев, Даниил Лукич",мужской,0,Лжедмитрий,The False Dmitry,Исторический роман из смутного времени,1879,Отд. изд.,1,Санкт-Петербург,исторический,легендарные исторические фигуры,3 лицо,исторический,исторический,NOUN,1,0,,,,,
"Стахеев, Дмитрий Иванович",мужской,0,Домашний очаг,The Hearth,Повесть,1879,Вестник Европы,0,,исторический,купцы,3 лицо,исторический,исторический,ADJF NOUN,2,0,,,,,
"Глинка, Василий Сергеевич",мужской,0,Счастливые люди,Happy People,роман,1879,Нева [газета],0,,,,3 лицо,,,ADJF NOUN,2,0,,,,,
"Мордовцев, Даниил Лукич",мужской,0,Двенадцатый год,The Year Twelve,исторический роман : в 3 ч,1879,Отд. изд.,1,Санкт-Петербург,исторический,военные,3 лицо,исторический,исторический,ADJF NOUN,2,0,исторический,военный,,,
"Немирович-Данченко, Василий Иванович",мужской,0,Гроза,The Thunderstorm,Роман из событий последней войны в 3 частях,1879,Отд. изд.,1,Санкт-Петербург,исторический,военные,3 лицо,исторический,исторический,NOUN,1,0,,,,,
"Морской, Н.",мужской,1,Аристократия Гостиного двора,The Aristocracy of the Gostiny Dvor,Картины нравов,1879,Отд. изд.,1,Санкт-Петербург,социально-психологический,"богема, артисты",3 лицо,социально-психологический,социально-психологический,NOUN ADJF NOUN,3,0,,,,,
"Недолин, М.А.",мужской,1,Не в ту силу,Not by That Power,роман,1879,Отд. изд. (СС),1,Киев,социально-психологический,дворяне,3 лицо,социально-психологический,социально-психологический,PRCL PREP ADJF NOUN,4,0,,,,,
"Полонский, Яков Петрович",мужской,0,Дешевый город,A Cheap Town,Хроника-роман,1879,Вестник Европы,0,,,дворяне,3 лицо,,,ADJF NOUN,2,0,,,,,
"Шапир, Ольга Андреевна",женский,0,Одна из многих,One of Many,Роман,1879,Отечественные записки,0,,социально-психологический,дворяне,3 лицо,социально-психологический,социально-психологический,ADJF PREP ADJF,3,0,социально-психологический,феминистский,,,
"Станюкович, Константин Михайлович",мужской,0,Наши нравы,Our Morals,роман в 2 частях,1879,Молва,0,,фельетонный,чиновники,3 лицо,фельетонный,юмористический,ADJF NOUN,2,0,сатирический,нравоописательный,,,
"Смирнова, Софья Ивановна",женский,0,У пристани,At the Wharf,Роман в трех частях,1879,Отечественные записки,0,,социально-психологический,"дворяне, разночинцы",3 лицо,социально-психологический,социально-психологический,PREP NOUN,2,0,социально-психологический,семейный,,,
"Львова, Анфиса Петровна",женский,0,Ненастье,Foul Weather,роман,1879,Русская речь,1,Санкт-Петербург,социально-психологический,дворяне,3 лицо,социально-психологический,социально-психологический,NOUN,1,0,,,,,
"Львова, Анфиса Петровна",женский,0,Старый дом,The Old House,na,1879,Русская речь,0,,"психологический роман, светский роман",дворяне,,психологический,психологический,ADJF NOUN,2,0,,,,,
"Достоевский, Федор Михайлович",мужской,0,Братья Карамазовы,The Brothers Karamazov,Роман,1879,Русский вестник,1,Москва,"социально-психологический, философский",дворяне,3 лицо,социально-психологический,социально-психологический,NOUN NOUN,2,1,философский,психологический,семейный,религиозный,детективный
"Салиас, Евгений Андреевич",мужской,1,Мор (На Москве),Pestilence (In Moscow),Исторический роман из времени чумы 1770-1772 г.,1879,Огонек,0,,"исторический, социально-психологический",,3 лицо,исторический,исторический,NOUN PREP NOUN,3,0,исторический,социально-психологический,авантюрный,,
"Каразин, Николай Николаевич",мужской,0,Варвара Лепко и ее семья,Varvara Lepko and Her Family,Недавняя быль,1879,Отд. изд.,1,Санкт-Петербург,,,3 лицо,,,NOUN ADVB CONJ NPRO NOUN,5,0,,,,,
"Карнович, Евгений Петрович",мужской,0,Любовь и корона,Love and the Crown,Исторический роман из времен императрицы Анны Иоановны и регентства принцессы Анны Леопольдовны,1879,Отд. изд.,1,Санкт-Петербург,исторический,легендарные исторические фигуры,3 лицо,исторический,исторический,NOUN CONJ NOUN,3,0,исторический,любовный,авантюрный,,
"Михневич, Владимир Осипович",мужской,0,В петербургском омуте,In the Petersburg Depths,Роман-фельетон из времен войны 1877 г.,1879,Отд. изд.,1,Санкт-Петербург,исторический,,,исторический,исторический,PREP ADJF NOUN,3,0,,,,,
"Карнович, Евгений Петрович",мужской,0,На высоте и на доле,At the Height and at the Bottom,Из сказаний XVII столетия,1879,Отечественные записки,0,,исторический,легендарные исторические фигуры,3 лицо,исторический,исторический,PREP NOUN CONJ PREP ADVB,5,0,исторический,,,,
"Марков, Евгений Львович",мужской,0,Берег моря,The Seashore,Роман из крымской жизни. В двух частях,1879,Дело,0,,"семейный, социально-психологический",разночинцы,3 лицо,семейный,семейный,NOUN NOUN,2,0,,,,,
"Соловьев, Всеволод Сергеевич",мужской,0,Касимовская невеста,The Bride of Kasimov,Исторический роман,1879,Нива,1,Санкт-Петербург,исторический,"легендарные исторические личности(Алексей Михайлович, Евфимия Всеволожская, Мария Милославская)",3 лицо,исторический,исторический,ADJF NOUN,2,0,исторический,любовный,авантюрный,,
"Соловьев, Всеволод Сергеевич",мужской,0,Юный император,The Young Emperor,историческая повесть в 3 частях,1879,Отд. изд.,1,Санкт-Петербург,"исторический роман, xviii в.","легендарные исторические фигуры (Романовы, Меншиков, Остерман)",3 лицо,исторический,исторический,ADJF NOUN,2,0,исторический,биографический,политический,,
"Мещерский, Владимир Петрович",мужской,0,Граф Обезьянинов на новом месте,Count Obezyaninov in a New Place,Фантастастический этюд в пяти частях,1879,Отд. изд.,1,Санкт-Петербург,сатирический роман,чиновники,3 лицо,сатирический,юмористический,NOUN NOUN PREP ADJF NOUN,5,0,,,,,
"Оболенский, Леонид Егорович",мужской,0,Ближе к природе,Closer to Nature,Роман в двух частях,1879,Отд. изд.,0,,социально-психологический,,,социально-психологический,социально-психологический,COMP PREP NOUN,3,0,,,,,
"Потехин, Алексей Антипович",мужской,0,Молодые побеги,Young Shoots,Роман,1879,Отд. изд. (СС),1,Санкт-Петербург,социально-психологический,разночинцы,3 лицо,социально-психологический,социально-психологический,NOUN NOUN,2,0,,,,,
"Летнев, П.",женский,1,На волоске,By a Thread,Роман,1879,Дело,0,,социально-психологический,,,социально-психологический,социально-психологический,PREP NOUN,2,0,,,,,
"Ковнер, Аркадий Григорьевич",мужской,0,Около золотого тельца,Around the Golden Calf,повесть,1880,Новости,0,,социально-психологический,дворяне,3 лицо,социально-психологический,социально-психологический,PREP NOUN NOUN,3,0,,,,,
"Шапир, Ольга Андреевна",женский,0,Антиподы,The Antipodes,Роман,1880,Отечественные записки,0,,социально-психологический,дворяне,3 лицо,социально-психологический,социально-психологический,NOUN,1,0,социально-психологический,идеологический,,,
"Шардин, А. (псевд.)",мужской,1,"Род князей Зацепиных, или Борьба начал","The Family of the Zatsepin Princes, or A Clash of Principles",Исторический роман,1880,Русская речь,0,,исторический,"аристократия прошлого, легендарные исторические фигуры",3 лицо,исторический,исторический,NOUN NOUN NOUN CONJ NOUN VERB,6,0,исторический,семейный,,,
"Баталин, Иван Андреевич",мужской,0,Разрушители,The Destroyers,Роман,1880,Минута,0,,"социально-психологический, исторический",революционеры,3 лицо,социально-психологический,социально-психологический,NOUN,1,0,,,,,
"Чмырев, Николай Андреевич",мужской,0,Развенчанная невеста. Первая невеста первого царя из дома Романовых,The Rejected Bride: The First Bride of the First Tsar of the House of Romanov,Историческая повесть,1880,Отд. изд.,1,Санкт-Петербург,исторический,легендарные исторические фигуры,3 лицо,исторический,исторический,PRTF NOUN ADJF NOUN NOUN NOUN PREP NOUN NOUN,9,0,,,,,
"Иогель/Йогель, Михаил Константинович",мужской,0,Между вечностью и минутой,Between Eternity and a Moment,Роман,1880,Русская мысль,1,Москва,роман воспитания/светская повесть/философский/социально-психологический,дворяне,3 лицо,воспитания,воспитания,PREP NOUN CONJ NOUN,4,0,роман воспитания,светский,философский,социально-психологический,
"Чмырев, Николай Андреевич",мужской,0,Раскольничьи мученицы,Schismatic Martyrs,Исторический роман из эпохи церковных смут в 3 частях,1880,Отд. изд.,1,Москва,исторический,легендарные исторические фигуры,,исторический,исторический,ADJF NOUN,2,0,,,,,
"Леванда, Лев Осипович",мужской,0,Исповедь дельца,Confession of a Businessman,Роман,1880,Отд. изд.,1,Санкт-Петербург,социально-психологический,евреи,,социально-психологический,социально-психологический,NOUN NOUN,2,0,,,,,
"Морской, Н.",мужской,1,Купленное счастье,Purchased Happiness,Роман,1880,Нива,0,,социально-психологический,дворяне,3 лицо,социально-психологический,социально-психологический,PRTF NOUN,2,0,,,,,
"Соколов, Александр Алексеевич",мужской,1,Понизовая вольница атамана Стеньки Разина,The Lower-Volga Free Men of Ataman Stenka Razin,(Исторический роман),1880,Отд. изд.,1,Санкт-Петербург,исторический,"казаки, разбойники",3 лицо,исторический,исторический,ADJF NOUN NOUN NOUN NOUN,5,0,,,,,
"Морской, Н.",мужской,1,Содом,Sodom,Роман Н. Морского,1880,"Еженед. «Нового времени, НВ",1,Санкт-Петербург,соц.-психологический,,3 лицо,социально-психологический,социально-психологический,NOUN,1,0,,,,,
"Макаров, Николай Петрович",мужской,0,Поддельщики,The Forgers,Роман Макарова,1880,Илюстрированный вестник,0,,,,3 лицо,,,NOUN,1,0,,,,,
"Леванда, Лев Осипович",мужской,0,Большой ремиз,The Grand Remise,Роман,1880,Русский еврей,0,,исторический,евреи,3 лицо,исторический,исторический,ADJF NOUN,2,0,,,,,
"Львова, Анфиса Петровна",женский,0,Разоренье,Ruin,Роман,1880,Русская речь,0,,"социально-психологический роман, светский роман",дворяне,3 лицо,социально-психологический,социально-психологический,NOUN,1,0,,,,,
"Станюкович, Константин Михайлович",мужской,0,Два брата,Two Brothers,Роман в двух частях,1880,Дело,0,,социально-психологический,"дворяне, революционеры",3 лицо,социально-психологический,социально-психологический,NUMR NOUN,2,0,социально-психологический,семейный,,,
"Полонский, Яков Петрович",мужской,0,Крутые горки,Steep Hills,Роман,1880,Дело,0,,,,,,,ADJF NOUN,2,0,,,,,
"Мордовцев, Даниил Лукич",мужской,0,Царь и гетман,The Tsar and the Hetman,Исторический роман,1880,Отд. изд.,1,Москва,исторический,легендарные исторические фигуры,3 лицо,исторический,исторический,NOUN CONJ NOUN,3,0,исторический,биографический,политический,,
"Петров, Пётр Николаевич",мужской,0,Балакирев,Balakirev,Исторический роман из времен Петра I.,1880,Всемирная иллюстрация,1,Санкт-Петербург,исторический,дворяне,3 лицо,исторический,исторический,NOUN,1,0,исторический,биографический,авантюрный,,
"Тур, Евгения",женский,1,Семейство Шалонских,The Shalonsky Family,Из семейной хроники,1880,Отд. изд.,1,Санкт-Петербург,семейная хроника,дворяне,1 лицо,семейный,семейный,NOUN NOUN,2,0,семейный,социально-психологический,хроникальный,,
"Маркевич, Болеслав Михайлович",мужской,0,Перелом,The Turning Point,Правдивая история,1880,Русский вестник,0,,романы о нигилистах,"дворяне, разночинцы, революционеры",3 лицо,антинигилистический,социальный,NOUN,1,0,,,,,
"Засодимский, Павел Владимирович",мужской,0,Степные тайны,Secrets of the Steppe,Роман в двух книгах,1880,Русское богатство,0,,"социальный, исторический",крестьяне,3 лицо,социальный,социальный,ADJF NOUN,2,0,,,,,
"Шеллер-Михайлов, Александр Константинович",мужской,1,Чужие грехи,Others' Sins,Роман в трех книгах,1880,Отд. изд.,1,Санкт-Петербург,социально-психологический,дворянство,3 лицо,социально-психологический,социально-психологический,NOUN NOUN,2,0,социально-психологический,семейный,нравоучительный,бытовой,
"Соловьев, Всеволод Сергеевич",мужской,0,Царь-девица,The Tsar-Maiden,Роман-хроника XVII в.,1880,Отд. изд.,1,Санкт-Петербург,исторический,легендарные исторические фигуры,3 лицо,исторический,исторический,NOUN,1,0,исторический,авантюрный,,,
"Салтыков-Щедрин, Михаил Евграфович",мужской,1,Господа Головлёвы,The Golovlyov Family,,1880,Отд. изд.,1,Санкт-Петербург,"социально-психологический, семейная хроника",дворяне,3 лицо,социально-психологический,социально-психологический,NOUN NOUN,2,1,семейный,социально-психологический,сатирический,,
"Ахшарумов, Николай Дмитриевич",мужской,0,Во что бы то ни стало,At All Costs,роман,1880,Новое время,0,,социально-психологический,дворяне,3 лицо,социально-психологический,социально-психологический,PREP CONJ PRCL CONJ PRCL VERB,6,0,,,,,
"Писемский, Алексей Феофилактович",мужской,0,Масоны,The Masons,Роман в пяти частях А.Ф. Писемского,1880,Огонек,0,,исторический,криминальный мир,3 лицо,исторический,исторический,NOUN,1,0,исторический,философский,мистический,бытовой,
"Анненская, Александра Никитична",женский,0,Анна,Anna,роман для детей,1881,Отд. изд.,0,,роман воспитания,дворяне,3 лицо,воспитания,воспитания,NOUN,1,0,роман воспитания,социально-психологический,,,
"Мордовцев, Даниил Лукич",мужской,0,Великий раскол,The Great Schism,исторический роман в 2 частях,1881,Отд. изд.,1,Санкт-Петербург,исторический,"легендарные исторические фигуры, духовенство",3 лицо,исторический,исторический,ADJF NOUN,2,0,исторический,религиозный,этнографический,,
"Стахеев, Дмитрий Иванович",мужской,0,Законный брак,A Lawful Marriage,Роман,1881,Слово,0,,любовный,чиновники,3 лицо,любовный,любовный,ADJF NOUN,2,0,,,,,
"Шардин, А. (псевд.)",мужской,1,"Княжна Владимирская (Тараканова), или Зацепинские капиталы","Princess Vladimirskaya (Tarakanova), or The Zatsepin Fortune",Исторический роман в 4 частях [в изд 1882],1881,Русская речь,0,,исторический,легендарные исторические фигуры,3 лицо,исторический,исторический,NOUN ADJF NOUN CONJ ADJF NOUN,6,0,исторический,авантюрный,биографический,,
"Станюкович, Константин Михайлович",мужской,0,Омут,The Whirlpool,Роман,1881,Дело,0,,социально-психологический,промышленники,3 лицо,социально-психологический,социально-психологический,NOUN,1,0,,,,,
"Тверской, П.",мужской,1,Не к полю ягоды. Две недели в медвежьем углу,Not Field Berries: A Fortnight in the Backwoods,,1881,Вестник Европы,0,,,,3 лицо,,,PRCL PREP NOUN NOUN NUMR NOUN PREP ADJF NOUN,9,0,,,,,
"Эвальд, Аркадий Васильевич",мужской,0,Император Византии,The Emperor of Byzantium,Исторический роман из эпохи имп. Александра I,1881,Отд. изд.,1,Санкт-Петербург,исторический,,,исторический,исторический,NOUN NOUN,2,0,,,,,
"Шаховская, Людмила Дмитриевна",женский,0,Карфаген и Рим,Carthage and Rome,Исторический роман в 3 частях,1881,Отд. изд.,1,Москва,исторический,,,исторический,исторический,NOUN CONJ NOUN,3,0,,,,,
"Толстой, Феофил Матвеевич",мужской,0,Золотой телец,The Golden Calf,Роман в 2 ч. Ростислава,1881,Отд. изд.,1,Санкт-Петербург,,,,,,ADJF NOUN,2,0,,,,,
"Авсеенко, Василий Григорьевич",мужской,0,Злой дух,The Evil Spirit,роман,1881,Русский вестник,0,,социально-психологический,"дворяне, революционеры",3 лицо,социально-психологический,социально-психологический,ADJF NOUN,2,0,,,,,
"Оболенский, Леонид Егорович",мужской,0,Запросы жизни,The Demands of Life,Роман,1881,Отечественные записки,0,,социально-психологический,"дворяне, разночинцы",3 лицо,социально-психологический,социально-психологический,NOUN NOUN,2,0,,,,,
"Пушкин, Александр Сергеевич",мужской,0,Роман на кавказских водах,A Romance at the Caucasian Spa,роман,1881,Русский Архив,0,,"любовный, семейная хроника",дворяне,3 лицо,любовный,любовный,NOUN PREP ADJF NOUN,4,1,любовный,светский,семейный,бытовой,
"Шабельский, А.",женский,1,Горе побежденным,Woe to the Vanquished,Роман в 3 частях,1881,Дело,0,,социально-психологический,"дворяне, буржуа, чиновники",3 лицо,социально-психологический,социально-психологический,ADVB PRTF,2,0,,,,,
"Шаховская, Людмила Дмитриевна",женский,0,"Сивилла, волшебница Кумского грота","The Sibyl, the Sorceress of the Cumaean Grotto",Исторический роман,1881,Отд. изд.,1,Москва,исторический,римляне,3 лицо,исторический,исторический,NOUN NOUN ADJF NOUN,4,0,исторический,мистический,,,
"Северин, Н.",женский,1,История одного развода,The Story of a Divorce,роман,1881,Русская мысль,0,,семейная хроника,дворяне,3 лицо,семейный,семейный,NOUN ADJF NOUN,3,0,семейный,социально-психологический,адюльтерный,,
"Окрейц, Станислав Станиславович",мужской,0,Во мраке,In the Gloom,роман в 3 частях,1881,Отд. изд.,1,Санкт-Петербург,,,,,,PREP NOUN,2,0,,,,,
"Немирович-Данченко, Василий Иванович",мужской,0,Плевна и Шипка,Plevna and Shipka,Роман в 2 частях из событий последней войны,1881,Отд. изд.,1,Санкт-Петербург,исторический,военные,3 лицо,исторический,исторический,NOUN CONJ NOUN,3,0,,,,,
"Леонтьев, Константин Николаевич",мужской,0,Египетский голубь,The Egyptian Dove,роман,1881,Русский вестник,0,,любовный,дворяне,1 лицо,любовный,любовный,ADJF NOUN,2,0,любовный,экзотический,психологический,философский,
"Забелло, М.П.",мужской,0,"Подсечное хозяйство, или земство строит железную дорогу","Slash-and-Burn Economy, or The Zemstvo Builds a Railway",Роман,1881,Русская мысль,0,,социально-психологический,"дворяне, чиновники",3 лицо,социально-психологический,социально-психологический,ADJF NOUN CONJ NOUN VERB ADJF NOUN,7,0,социально-психологический,политический,,,
"Салиас, Евгений Андреевич",мужской,1,Принцесса Володимирская (Самозванка),Princess Vladimirskaya (The Pretender),роман,1881,Огонек,0,,"исторический, авантюрный",легендарные исторические фигуры,3 лицо,исторический,исторический,NOUN ADJF NOUN,3,0,,,,,
"Салманов, Петр Алексеевич",мужской,0,Князь Борис Щеглятев,Prince Boris Shcheglyatev,"исторический роман XIII века, из времен нашествия Батыя на Россию",1881,Отд. изд.,1,Санкт-Петербург,исторический,"легендарные исторические фигуры, аристократия прошлого",3 лицо,исторический,исторический,NOUN NOUN NOUN,3,0,,,,,
"Казанцев, Николай Владимирович",мужской,0,Против течения,Against the Current,Исторический роман из времен Степана Разина: в 4 частях.,1881,Отд. изд.,1,Санкт-Петербург,исторический,"аристократия прошлого, казаки, крестьяне, крепостные",3 лицо,исторический,исторический,PREP NOUN,2,0,,,,,
"Бажин, Николай Федотович",мужской,0,Лицом к лицу,Face to Face,роман,1881,Русское богатство,0,,социально-психологический,"разночинец, буржуа",,социально-психологический,социально-психологический,NOUN PREP NOUN,3,0,,,,,
"Шеллер-Михайлов, Александр Константинович",мужской,1,Голь,The Beggars,Роман,1882,Русская мысль,0,,"социально-бытовой, дидактический роман","дворяне, разночинцы",3 лицо,социальный,социальный,NOUN,1,0,бытовой,нравоучительный,дидактический,,
"Кондратьев, Иван Кузьмич",мужской,0,Иерихонская роза,The Rose of Jericho,Исторический роман из быта русских тайных сектантов,1882,Свет и тени,0,,"приключенческий, ист., религ.",,3 лицо,приключенческий,приключенческий,ADJF NOUN,2,0,,,,,
"Толстая, Алексанра Леонтьевна",женский,0,Неугомонное сердце,The Restless Heart,Роман в 2 частях,1882,Отд. изд.,1,Санкт-Петербург,социально-психологический,дворяне,,социально-психологический,социально-психологический,ADJF NOUN,2,0,,,,,
"Марков, Владислав Львович",мужской,0,Лихолетье,Hard Times,Исторический роман,1882,Исторический вестник,0,,исторический роман,аристократия прошлого,3 лицо,исторический,исторический,NOUN,1,0,,,,,
"Боборыкин, Петр Дмитриевич",мужской,0,Китай-город,Kitai-Gorod,Роман,1882,Вестник Европы,1,Санкт-Петербург,соц.-психологический,"купцы, дворяне",3 лицо,социально-психологический,социально-психологический,NOUN,1,0,социально-психологический,бытовой,нравоописательный,,
"Марков, Владислав Львович",мужской,0,Однодворцы,The Smallholders,Повесть,1882,Наблюдатель,0,,исторический,крестьяне?,3 лицо,исторический,исторический,NOUN,1,0,,,,,
"Лермонтов, Михаил Юрьевич",мужской,0,Княгиня Лиговская,Princess Ligovskaya,роман,1882,Русский вестник,0,,социально-психологический,,3 лицо,социально-психологический,социально-психологический,NOUN NOUN,2,1,светский,социально-психологический,бытовой,,
"Соколова, Александра Ивановна",женский,0,На дне пропасти,At the Bottom of the Abyss,,1882,Московский листок,1,Москва,"светский, уголовный",высший свет,3 лицо,светский,светский,PREP NOUN NOUN,3,0,,,,,
"Соколова, Александра Ивановна",женский,0,Последний визит,The Last Visit,(Из хроники забытых дел),1882,Московский листок,1,Москва,"светский, уголовный",высший свет,3 лицо,светский,светский,ADJF NOUN,2,0,,,,,
"Соловьев, Всеволод Сергеевич",мужской,0,Сергей Горбатов,Sergei Gorbatov,Исторический роман-хроника конца XVIII в. в 2 частях,1882,Отд. изд.,1,Санкт-Петербург,"исторический роман, xviii в.","дворяне, исторические личности",3 лицо,исторический,исторический,NOUN NOUN,2,0,исторический,авантюрный,психологический,,
"Альминский, П.",мужской,1,Мирные времена,Peaceful Times,Роман в 3 частях,1882,Дело,0,,автобиографический,,3 лицо,автобиографический,биографический,ADJF NOUN,2,0,,,,,
"Тимофеева-Починковская, Варвара Васильевна",женский,0,За себя и за других,For Oneself and for Others,Роман в трех частях,1882,Книжки Недели,0,,,,3 лицо,,,PREP NPRO CONJ PREP ADJF,5,0,,,,,
"Мещерский, Владимир Петрович",мужской,0,Княгиня Лиза,Princess Liza,Роман,1882,Отд. изд.,1,Санкт-Петербург,сатирический,дворяне,,сатирический,юмористический,NOUN NOUN,2,0,,,,,
"Стахеев, Дмитрий Иванович",мужской,0,Торжество правосудия,The Triumph of Justice,Роман,1882,Наблюдатель,0,,,,3 лицо,,,NOUN NOUN,2,0,,,,,
"Хрущев-Сокольников, Гавриил Александрович",мужской,0,"История сторублевой бумажки № 131, 313","The Story of a Hundred-Rouble Note No. 131,313",(Фантазия),1882,Мирской толк,0,,,,,,,NOUN ADJF NOUN NUMR NUMR,6,0,,,,,
"Головин (Орловский), Константин Федорович",мужской,1,Вне колеи,Off the Track,Роман,1882,Русский вестник,1,Москва,романы о нигилистах,"дворянство, великосветское общество",3 лицо,антинигилистический,социальный,PREP NOUN,2,0,,,,,
"Летнев, П.",женский,1,Современный недуг,The Modern Malady,Роман в 3 ч.,1882,Наблюдатель,0,,"социальный, буржуазия",,3 лицо,социальный,социальный,ADJF NOUN,2,0,социально-психологический,идеологический,,,
"Мордовцев, Даниил Лукич",мужской,0,Сагайдачный,Sagaidachny,Историческая повесть,1882,Отд. изд.,1,Санкт-Петербург,исторический,запорожское казачество,3 лицо,исторический,исторический,ADJF,1,0,,,,,
"Соколов, Александр Алексеевич",мужской,1,"История ""розового негодяя""",The Story of the 'Pink Scoundrel',"Хроника-роман [4 часть романа ""Театральные болота""]",1882,Отд. изд.,1,Санкт-Петербург,,,,,,NOUN ADJF NOUN,3,0,,,,,
"Мордовцев, Даниил Лукич",мужской,0,Господин Великий Новгород,Lord Novgorod the Great,Историческая повесть,1882,Отд. изд.,1,Москва,исторический,"новгородцы, легендарные исторические фигуры(Иван III, Казимир)",3 лицо,исторический,исторический,NOUN ADJF NOUN,3,0,исторический,этнографический,,,
"Хрущев-Сокольников, Гавриил Александрович",мужской,0,Кто?,Who?,Повесть,1882,Свет и тени,1,Москва,,,3 лицо,,,NPRO,1,0,,,,,
"Бешенцов, Александр Николаевич",мужской,0,Освобожденная,The Liberated Woman,Роман в 3 частях,1882,Отд. изд.,1,Москва,,военные,,,,PRTF,1,0,,,,,
"Шкляревский, Александр Андреевич",мужской,0,Князь Амалат-Бек,Prince Amalat-Bek,Роман из уголовной хроники,1882,Отд. изд.,1,Санкт-Петербург,уголовный,чиновники,,уголовный,криминальный,NOUN NOUN,2,0,,,,,
"Шаховская, Людмила Дмитриевна",женский,0,Над бездной,Over the Abyss,Исторический роман эпохи Цицерона,1882,Отд. изд.,1,Москва,исторический,"Цицерон, Юлий Цезарь",3 лицо,исторический,исторический,PREP NOUN,2,0,исторический,психологический,философский,,
"Валуев, Петр Александрович",мужской,0,Лорин,Lorin,Роман,1882,Отд. изд.,1,Санкт-Петербург,светский,"дворяне, чиновники",3 лицо,светский,светский,NOUN,1,0,,,,,
"Пастухов, Николай Иванович",мужской,0,Разбойник Чуркин,The Brigand Churkin,Народное сказание: в 3 частях,1882,Московский листок,1,Москва,авантюрный,"разбойники, крестьяне",3 лицо,авантюрный,приключенческий,NOUN NOUN,2,0,,,,,
"Стахеев, Дмитрий Иванович",мужской,0,Избранник сердца,The Heart's Chosen One,Роман,1883,Наблюдатель,0,,"социальный, нравоописательный",разночинцы,3 лицо,социальный,социальный,NOUN NOUN,2,0,,,,,
"Соловьев, Всеволод Сергеевич",мужской,0,Вольтерьянец,The Voltairean,Исторический роман конца XVIII в. в 2 ч. (Продолжение романа «Сергей Горбатов»),1883,Отд. изд. (СС),1,Санкт-Петербург,"исторический роман, xviii в.",дворяне,3 лицо,исторический,исторический,NOUN,1,0,исторический,идеологический,философский,психологический,
"Назарьева, Капитолина Валериановна",женский,0,Кривой дорогой,By a Crooked Road,Повесть в 2-х частях,1883,Гражданин,1,Санкт-Петербург,,,3 лицо,,,NOUN ADVB,2,0,,,,,
"Чмырев, Николай Андреевич",мужской,0,Во святой обители,In the Holy Cloister,Исторический роман из времен Петра Великого в 4 ч.,1883,Отд. изд.,1,Москва,исторический роман,"дворяне, исторические фигуры (Петр 1)",,исторический,исторический,PREP ADJF NOUN,3,0,,,,,
Кот Мурлыка,мужской,1,Тёмный путь,The Dark Path,Роман-хроника: в 4 частях,1883,Ребус,1,Санкт-Петербург,антинигилистический,"дворяне, разночинцы",1 лицо,антинигилистический,социальный,ADJF NOUN,2,0,антинигилистический,мистический,философский,,
Кот Мурлыка,мужской,1,К свету,Towards the Light,Из семейной хроники 60-х годов,1883,Русская мысль,1,Москва,"соц.-психологический, мистический",дворяне,3 лицо,социально-психологический,социально-психологический,PREP NOUN,2,0,философский,социально-психологический,мистический,фантастический,
"Кондратьев, Иван Кузьмич",мужской,0,Самозванная княжна,The Self-Proclaimed Princess,Исторический роман из быта русских тайных сектантов,1883,Свет и тени,1,Москва,"приключенческий, ист., религ.",сектанты,3 лицо,приключенческий,приключенческий,ADJF NOUN,2,0,,,,,
"Немирович-Данченко, Василий Иванович",мужской,0,Вперед!,Forward!,Роман из событий последней турецкой войны,1883,Отд. изд.,1,Санкт-Петербург,"приключенческий, авантюрный","военные, народности и этнические группы (турчанка)",3 лицо,приключенческий,приключенческий,ADVB,1,0,приключенческий,авантюрный,,,
"Оболенский, Леонид Егорович",мужской,0,Два полюса,Two Poles,Роман,1883,Мысль,0,,социально-психологический,,3 лицо,социально-психологический,социально-психологический,NUMR NOUN,2,0,,,,,
"Ковалевский, Павел Михайлович",мужской,0,Итоги жизни,Life's Reckoning,Повесть,1883,Вестник Европы,0,,социальный роман,вольнодумцы,3 лицо,социальный,социальный,NOUN NOUN,2,0,социально-психологический,философский,,,
"Романов, Вадим Владимирович",мужской,0,За Урал!,Beyond the Urals!,Рассказ из воспоминаний о Сибири,1883,Русский вестник,0,,"роман воспитания, приключенческий",дворяне-золотопромышленники,3 лицо,воспитания,воспитания,PREP NOUN,2,0,,,,,
"Альминский, П.",мужской,1,Петербургская саранча,The Petersburg Locusts,Роман,1883,Новое время,0,,авантюрный,"дворяне, криминальный мир (аферисты, мошенники, игроки), разночинцы",3 лицо,авантюрный,приключенческий,ADJF NOUN,2,0,,,,,
"Лебедев, Николай Константинович",мужской,0,Бароцейская королева,The Queen of Barotseland,Роман Н.К. Л-ва,1883,"Литературное приложение к ""Гражданину""",0,,бытописательный,,3 лицо,бытоописательный,описательный,ADJF NOUN,2,0,,,,,
"Салиас, Евгений Андреевич",мужской,1,Найденыш,The Foundling,Исторический роман. В 2 частях,1883,Русский вестник,0,,исторический,"казаки, военные, легендарная историческая фигура",3 лицо,исторический,исторический,NOUN,1,0,исторический,авантюрный,приключенческий,,
"Загуляев, Михаил Андреевич",мужской,0,Странная история,A Strange Story,,1883,Вестник Европы,0,,исторический,дворяне,1 лицо,исторический,исторический,ADJF NOUN,2,0,,,,,
"Ланская, Н.",женский,1,Обрусители,The Russifiers,Роман из общественной жизни Западного края. В 2 частях,1883,Отд. изд.,1,Санкт-Петербург,социально-бытовой,крестьяне,3 лицо,социальный,социальный,NOUN,1,0,бытовой,политический,идеологический,,
"Альбов, Михаил Николаевич",мужской,0,Ряса,The Cassock,Роман из жизни отца Петра Елеонского,1883,Дело,0,,соц.-психологический роман,духовенство,3 лицо,социально-психологический,социально-психологический,NOUN,1,0,,,,,
"Симонова, Людмила Христофоровна",женский,0,Убила,She Killed,роман в 2 частях,1883,Живописное обозрение,0,,социально-психологический (эмансипация),,3 лицо,социально-психологический,социально-психологический,VERB,1,0,социально-психологический,феминистский,бытовой,,
"Линев, Дмитрий Александрович",мужской,0,Фантазер,The Dreamer,Роман в двух частях Д.А. Линева,1883,Россия,0,,социально-психологический,,3 лицо,социально-психологический,социально-психологический,NOUN,1,0,,,,,
"Петров, Пётр Николаевич",мужской,0,Белые и чёрные,Whites and Blacks,Исторический роман,1883,Всемирная иллюстрация,0,,исторический,"дворяне, придворные, исторические фигуры (Екатерина 1)",3 лицо,исторический,исторический,NOUN CONJ NOUN,3,0,исторический,политический,,,
"Соколов, Александр Алексеевич",мужской,1,Два мужа,Two Husbands,Уголовный роман в 3 частях,1883,Петербургский листок,0,,уголовный,,,уголовный,криминальный,NUMR NOUN,2,0,,,,,
"Полежаев, Петр Васильевич",мужской,0,150 лет назад (Бирон и Волынский),A Hundred and Fifty Years Ago (Biron and Volynsky),исторический роман времен Анны Иоанновны,1883,Отд. изд.,1,Санкт-Петербург,историческая проза,"придворные, легендарные исторические фигуры (Анна Иоановна, Бирон и др)",3 лицо,исторический,исторический,NUMR NOUN ADVB NOUN CONJ ADJF,6,0,исторический,биографический,политический,,
"Шеллер-Михайлов, Александр Константинович",мужской,1,Над обрывом,Over the Precipice,Роман,1883,Живописное обозрение,0,,"социальный, семейная драма (оскудение дворянских гнезд)","дворяне, разночинцы",3 лицо,социальный,социальный,PREP NOUN,2,0,социально-психологический,семейный,бытовой,,
"Мамин-Сибиряк, Дмитрий Наркисович",мужской,1,Приваловские миллионы,The Privalov Millions,Роман,1883,Дело,0,,"социально-психологический, этнографический","дворяне. народ, промышленники",3 лицо,социально-психологический,социально-психологический,ADJF NOUN,2,0,социально-психологический,этнографический,бытовой,,
"Данилевский, Григорий Петрович",мужской,0,Княжна Тараканова,Princess Tarakanova,"Историческая повесть, в 2 частях",1883,Вестник Европы,0,,исторический,"дворяне, легендарные исторические фигуры, Романовы",1 лицо,исторический,исторический,NOUN NOUN,2,0,исторический,биографический,авантюрный,,
"Прохоров-Риваль, Владимир Алексеевич",мужской,1,Людоеды,The Cannibals,Роман,1883,Новости дня,0,,уголовный,,3 лицо,уголовный,криминальный,NOUN,1,0,,,,,
"Полежаев, Петр Васильевич",мужской,0,Лопухинское дело,The Lopukhin Affair,историческая повесть,1883,Отд. изд.,1,Санкт-Петербург,историческая проза,"придворные, легендарные исторические фигуры (Романовы)",3 лицо,исторический,исторический,ADJF NOUN,2,0,исторический,политический,,,
"Иванов, Федор Константинович",мужской,0,Скелет в замке,The Skeleton in the Castle,(Из уголовной хроники),1883,Московский листок,0,,"уголовный, исторический",криминальный мир,1 лицо,уголовный,криминальный,NOUN PREP NOUN,3,0,,,,,
"Маркевич, Болеслав Михайлович",мужской,0,Бездна,The Abyss,Правдивая история,1883,Русский вестник,0,,"антинигилистический, социально-психологический",дворяне,3 лицо,антинигилистический,социально-психологический,NOUN,1,0,антинигилистический,социально-психологический,политический,идеологический,
"Гриневич, Н.",мужской,0,На заре жизни,At the Dawn of Life,Роман,1883,Русское богатство,1,Санкт-Петербург,исторический,,3 лицо,исторический,исторический,PREP NOUN NOUN,3,0,,,,,
"Соколова, Александра Ивановна",женский,0,Чужое счастье,Another's Happiness,,1883,Московский листок,0,,"светский, уголовный",,3 лицо,светский,светский,NOUN NOUN,2,0,,,,,
"Шардин, А. (псевд.)",мужской,1,На рубеже столетий,On the Border of Centuries,Исторический роман,1883,Век,0,,исторический роман,"аристократия прошлого, легендарные исторические фигуры (Екатерина II)",3 лицо,исторический,исторический,PREP NOUN NOUN,3,0,исторический,политический,,,
"Лебедев, Николай Константинович",мужской,0,Калиф на час,A Caliph for an Hour,Роман,1884,Новое время,0,,бытописательный,,3 лицо,бытоописательный,описательный,NOUN PREP NOUN,3,0,,,,,
"Авсеенко, Василий Григорьевич",мужской,0,Вавилонское пленение,The Babylonian Captivity,na,1884,Санкт-Петербургские ведомости,0,,психологический роман,,,психологический,психологический,ADJF NOUN,2,0,,,,,
"Полежаев, Петр Васильевич",мужской,0,Фавор и опала,Favour and Disgrace,исторический роман,1884,Отд. изд.,1,Санкт-Петербург,исторический,аристократия прошлого,3 лицо,исторический,исторический,NOUN CONJ VERB,3,0,исторический,политический,биографический,,
"Ахшарумов, Николай Дмитриевич",мужской,0,Потомок рода Ветрищевых,A Descendant of the Vetrishchev Family,Роман,1884,Дело,0,,любовный,дворяне,3 лицо,любовный,любовный,NOUN NOUN NOUN,3,0,,,,,
"Чмырев, Николай Андреевич",мужской,0,"Ермак, атаман волжских разбойников, князь Сибирский","Yermak, Ataman of the Volga Brigands, Prince of Siberia",Исторический роман из времен Иоанна Грозного в 4 частях,1884,Отд. изд.,1,Москва,исторический роман; россия времен ивана грозного,"Военные, легендарная историческая фигура",3 лицо,исторический,исторический,NOUN NOUN ADJF NOUN NOUN ADJF,6,0,,,,,
"Шеллер-Михайлов, Александр Константинович",мужской,1,Наша первая любовь,Our First Love,роман,1884,Отд. изд.,1,Санкт-Петербург,"социально-психологический, любовный",дворяне,1 лицо,социально-психологический,социально-психологический,ADJF ADJF NOUN,3,0,социально-психологический,любовный,роман воспитания,,
"Шаховская, Людмила Дмитриевна",женский,0,Жребий брошен,The Die Is Cast,Исторический роман эпохи Юлия Цезаря,1884,Отд. изд.,1,Москва,"исторический, юлий цезарь",история в романах,3 лицо,исторический,исторический,NOUN PRTS,2,0,исторический,биографический,политический,философский,
Ардов,женский,1,Руфина Каздоева,Rufina Kazdoeva,Роман в 5 частях,1884,Дело,0,,любовный,дворяне,3 лицо,любовный,любовный,NOUN NOUN,2,0,,,,,
"Мамин-Сибиряк, Дмитрий Наркисович",мужской,1,Горное гнездо,The Mountain Nest,Из уральской жизни,1884,Отечественные записки,0,,сатиристический,Промышленники,3 лицо,сатирический,юмористический,ADJF NOUN,2,0,сатирический,бытовой,,,
"Мамин-Сибиряк, Дмитрий Наркисович",мужской,1,Жилка,The Streak,Из рассказов о золоте,1884,Вестник Европы,0,,социально-психологический,Купцы/промышленники,3 лицо,социально-психологический,социально-психологический,NOUN,1,0,социально-психологический,бытовой,,,
"Прохоров-Риваль, Владимир Алексеевич",мужской,1,Лесной бродяга,The Forest Vagabond,Роман,1884,Волна,0,,криминальный,,3 лицо,криминальный,криминальный,NOUN NOUN,2,0,,,,,
"Прохоров-Риваль, Владимир Алексеевич",мужской,1,Отцеубийца,The Patricide,Роман,1884,Новости дня,0,,криминальный,,3 лицо,криминальный,криминальный,NOUN,1,0,,,,,
"Марков, Владислав Львович",мужской,0,Знакомые люди,Familiar People,Роман,1884,Наблюдатель,0,,,,,,,ADJF NOUN,2,0,,,,,
"Шеллер-Михайлов, Александр Константинович",мужской,1,"И молотом, и золотом",By Hammer and by Gold,Роман,1884,Живописное обозрение,0,,"цикл ""семья муратовых"", социально-психологический",дворяне,3 лицо,социально-психологический,социально-психологический,CONJ ADJF CONJ NOUN,4,0,социально-психологический,семейный,бытовой,,
"Крыжановский, Николай Андреевич",мужской,0,Дочь Алаяр-хана,The Daughter of Alayar Khan,Рассказ о трех различных воспитаниях,1884,Русский вестник,0,,"приключенчески-нравоописательный, антинигилистический","Военные, хан, эмиры, народности и этнические группы",3 лицо,приключенческий,приключенческий,NOUN NOUN,2,0,,,,,
"Назарьева, Капитолина Валериановна",женский,0,"Из огня, да в полымя",Out of the Fire into the Flame,Роман в 2 частях,1884,Отд. изд.,1,Санкт-Петербург,,,,,,PREP NOUN PRCL PREP NOUN,5,0,,,,,
"Соколова, Александра Ивановна",женский,0,Современная драма,A Modern Drama,роман,1884,Отд. изд.,1,Москва,уголовный,,,уголовный,криминальный,ADJF NOUN,2,0,,,,,
"Карнович, Евгений Петрович",мужской,0,Пагуба,Perdition,Исторический роман [в изд 1887],1884,Русский мир,0,,исторический роман,военные,3 лицо,исторический,исторический,NOUN,1,0,исторический,авантюрный,нравоописательный,,
"Хрущев-Сокольников, Гавриил Александрович",мужской,0,Осада столицы,The Siege of the Capital,роман из текущей уголовной хроники,1884,Эхо,0,,,,3 лицо,,,NOUN NOUN,2,0,,,,,
"Дубровина, Екатерина Оскаровна",женский,0,В тумане жизни,In the Fog of Life,Роман,1884,Отд. изд.,1,Санкт-Петербург,социальный,"средние слои, женщины из народа",,социальный,социальный,PREP NOUN NOUN,3,0,,,,,
"Хрущев-Сокольников, Гавриил Александрович",мужской,0,Степной философ,The Steppe Philosopher,,1884,Отд. изд.,1,Санкт-Петербург,,,,,,ADJF NOUN,2,0,,,,,
"Салиас, Евгений Андреевич",мужской,1,В старой Москве,In Old Moscow,Историческая повесть в 2 частях,1884,Нива,1,Санкт-Петербург,историческая повесть,"дворяне, легендарные исторические фигуры (Екатерина II)",3 лицо,исторический,исторический,PREP ADJF NOUN,3,0,исторический,бытовой,этнографический,,
"Тхоржевский, Корнелий Владиславович",мужской,0,Тенета,The Snare,Роман,1884,Гражданин,0,,,,,,,NOUN,1,0,,,,,
"Назарьева, Капитолина Валериановна",женский,0,В когтях нищеты,In the Clutches of Poverty,Уголовный роман из русской жизни в 2 частях,1884,Отд. изд.,1,Санкт-Петербург,уголовный,,,уголовный,криминальный,PREP NOUN NOUN,3,0,,,,,
"Толстой, Лев Николаевич",мужской,0,Декабристы,The Decembrists,,1884,XXV лет [сборник],1,Санкт-Петербург,,,3 лицо,,,NOUN,1,1,исторический,политический,социально-психологический,,
"Соловьев, Всеволод Сергеевич",мужской,0,Старый дом,The Old House,Исторический роман начала царствования императора НИколая I,1884,Отд. изд.,1,Санкт-Петербург,"исторический,","военные, дворяне",3 лицо,исторический,исторический,ADJF NOUN,2,0,исторический,семейный,бытовой,,
"Соколов, Александр Алексеевич",мужской,1,Бескровное убийство,A Bloodless Murder,Роман в 2 частях,1884,Отд. изд.,1,Санкт-Петербург,уголовный,,,уголовный,криминальный,ADJF NOUN,2,0,,,,,
"Чехов, Антон Павлович",мужской,0,Драма на охоте,A Drama at the Hunt,Истинное происшествие,1884,Новости дня,0,,"детективный, социально-психологический","чиновники, граф",1 лицо,детективный,криминальный,NOUN PREP NOUN,3,1,детективный,социально-психологический,пародийный,,
"Симонова, Людмила Христофоровна",женский,0,Сам,Himself,Роман,1884,Еженедельное обозрение,0,,"соц.-психологический, эмансипация",,3 лицо,социально-психологический,социально-психологический,ADJF,1,0,,,,,
"Симонова, Людмила Христофоровна",женский,0,На поисках за богатством,In Search of Riches,Роман в 3-х частях К.И. Соборного,1884,Живописное обозрение,0,,"социально-психологический, эмансипация",,3 лицо,социально-психологический,социально-психологический,PREP NOUN PREP NOUN,4,0,,,,,
"Крестовский, В.-псевдоним",женский,1,Обязанности,Duties,,1885,Северный вестник,0,,,,3 лицо,,,NOUN,1,0,,,,,
"Засодимский, Павел Владимирович",мужской,0,По градам и весям (из истории нашего времени),Through Towns and Villages (From the History of Our Time),Роман,1885,Наблюдатель,0,,исторический,"крестьяне, мещане",3 лицо,исторический,исторический,PREP NOUN CONJ NOUN PREP NOUN ADJF NOUN,8,0,,,,,
"Прохоров-Риваль, Владимир Алексеевич",мужской,1,Любовь и преступление,Love and Crime,Роман,1885,Голос Москвы,0,,"криминальный, детективный",,3 лицо,криминальный,криминальный,NOUN CONJ NOUN,3,0,,,,,
"Карнович, Евгений Петрович",мужской,0,Придворное кружево,Court Lace,Исторический роман,1885,Отд. изд.,1,Санкт-Петербург; Москва,"исторический, 1720-е",,3 лицо,исторический,исторический,ADJF NOUN,2,0,исторический,авантюрный,политический,бытовой,
"Иванов, Федор Константинович",мужской,0,В погоню за миллионами,In Pursuit of Millions,Из уголовной хроники,1885,Московский листок,0,,"криминальный, преступники",,,криминальный,криминальный,PREP NOUN PREP NOUN,4,0,,,,,
Зео,женский,1,Свыше сил,Beyond One's Strength,Роман в 2 частях,1885,Отд. изд.,1,Одесса,"социально-психологический, женщины",,,социально-психологический,социально-психологический,ADVB NOUN,2,0,,,,,
"Полежаев, Петр Васильевич",мужской,0,Царевич Алексей Петрович,Tsarevich Alexei Petrovich,Исторический роман,1885,Отд. изд.,1,Санкт-Петербург,исторический,историческая фигура,3 лицо,исторический,исторический,NOUN NOUN NOUN,3,0,исторический,биографический,политический,психологический,
"Желиховская, Вера Петровна",женский,0,"Было, прошло и быльем поросло","It Was, It Passed, and the Grass Grew Over It",Роман на старый лад,1885,Отд. изд.,1,Одесса,"любовный, роман воспитания",аристократы,3 лицо,любовный,любовный,VERB ADJS CONJ NOUN VERB,5,0,,,,,
"Каратыгин, Петр Петрович",мужской,0,Чернокнижники,The Black Magicians,Роман из времен царствования Павла I,1885,Отд. изд.,1,Санкт-Петербург,исторический,эпоха Павла I,,исторический,исторический,NOUN,1,0,,,,,
"Соловьев, Всеволод Сергеевич",мужской,0,Изгнанник,The Exile,Роман в 2 частях,1885,Отд. изд.,1,Санкт-Петербург,"исторический, семейная хроника","аристократия, дворяне",3 лицо,исторический,исторический,NOUN,1,0,исторический,семейный,авантюрный,психологический,
"Голицын (Муравлин), Дмитрий Петрович",мужской,0,Баба,The Peasant Woman,Роман,1885,Отд. изд.,1,Санкт-Петербург,"приключенческий, путешественники",,3 лицо,приключенческий,приключенческий,NOUN,1,0,приключенческий,авантюрный,этнографический,экзотический,
"Ясинский, Иероним Иеронимович",мужской,0,Добрая фея,The Good Fairy,роман,1885,Новь,0,,"теория малых дел, народничество",,,народнический,социальный,ADJF NOUN,2,0,,,,,
"Мещерский, Владимир Петрович",мужской,0,Дневник Ольги Николаевны,The Diary of Olga Nikolaevna,В.П. Мещерского,1885,Отд. изд.,1,Санкт-Петербург,сатирический роман,,,сатирический,юмористический,NOUN NOUN NOUN,3,0,,,,,
"Соллогуб, Владимир Александрович",мужской,0,Через край,Over the Edge,Роман,1885,Новь,0,,"любовный, социально-психологический",,,любовный,любовный,PREP NOUN,2,1,,,,,
"Салиас, Евгений Андреевич",мужской,1,Миллион,A Million,Роман,1885,Нива,0,,исторический,аристократия прошлого,3 лицо,исторический,исторический,NOUN,1,0,исторический,авантюрный,,,
"Мещерский, Владимир Петрович",мужской,0,Недоразумение,The Misunderstanding,"Роман. 3 ч. : Продолжение романа ""Женщины петербургского большого света""",1885,Отд. изд.,1,Санкт-Петербург,сатирический роман. высший свет,,,сатирический,юмористический,NOUN,1,0,,,,,
"Окрейц, Станислав Станиславович",мужской,0,Старосветские помещики,Old-World Landowners,Очерки Западного края,1885,Отд. изд.,1,Санкт-Петербург,,,,,,ADJF NOUN,2,0,,,,,
"Салиас, Евгений Андреевич",мужской,1,Атаман Устя,Ataman Ustya,Поволжская быль XVIII в. (времен Пугачева),1885,Отд. изд.,1,Санкт-Петербург,"историческая повесть, xviii в., пугачевское восстание, поволжье",,3 лицо,исторический,исторический,NOUN NOUN,2,0,исторический,авантюрный,приключенческий,этнографический,
"Леонтьев, Константин Николаевич",мужской,0,Две избранницы,Two Chosen Women,Роман К.Н. Леонтьева,1885,Россия,0,,"полит., психологический, дворяне",,3 лицо,политический,социально-психологический,NUMR NOUN,2,0,,,,,
"Фирсов, Николай Николаевич",мужской,0,Куда ни кинь все клин,No Matter Which Way You Turn,Роман,1885,Северный вестник,0,,,,3 лицо,,,NOUN PRCL VERB ADJF NOUN,5,0,,,,,
"Голицын (Муравлин), Дмитрий Петрович",мужской,0,Тенор,The Tenor,роман,1885,Отд. изд.,1,Санкт-Петербург,"социально-психологический, аристократия",,,социально-психологический,социально-психологический,NOUN,1,0,,,,,
"Симонова, Людмила Христофоровна",женский,0,Спутница,The Companion,Роман Л. Симоновой,1885,Живописное обозрение,0,,"социально-психологический, эмансипация",,3 лицо,социально-психологический,социально-психологический,NOUN,1,0,,,,,
"Гейнце, Николай Эдуардович",мужской,0,В тине адвокатуры,In the Mire of the Legal Profession,Роман конца века,1885,Приложение к журналу Луч,0,,"уголовный, любовный","разночинцы, чиновники",3 лицо,уголовный,криминальный,PREP NOUN NOUN,3,0,уголовный,любовный,нравоописательный,,
"Позняк, Дмитрий Михайлович",мужской,0,Дорогою ценой,At a Dear Price,Роман,1885,Русский вестник,0,,светский,"аристократы, чиновники",3 лицо,светский,светский,NOUN NOUN,2,0,,,,,
"Чмырев, Николай Андреевич",мужской,0,Александр Невский и Новгородская вольница,Alexander Nevsky and the Novgorod Free Men,Исторический роман,1885,Отд. изд.,1,Москва,исторический роман; россия времен александра невского,Легендарная историческая фигура,3 лицо,исторический,исторический,NOUN NOUN CONJ ADJF NOUN,5,0,исторический,биографический,политический,,
"Симонова, Людмила Христофоровна",женский,0,Оля,Olya,Роман,1885,Еженедельное обозрение,0,,"соц.-психологический, эмансипация",,3 лицо,социально-психологический,социально-психологический,NOUN,1,0,,,,,
"Шеллер-Михайлов, Александр Константинович",мужской,1,Господин пророк,Mister Prophet,Роман,1885,Живописное обозрение,0,,роман воспитания,"разночинцы, чиновники",1 лицо,воспитания,воспитания,NOUN NOUN,2,0,роман воспитания,идеологический,сатирический,,
"Пазухин, Николай Михайлович",мужской,0,"Князь Серебряный, или Радостный гость","Prince Serebryany, or The Joyful Guest",Исторический роман времен Иоанна Грозного,1885,Отд. изд.,1,Москва,переработка произв. а.к. толстого,,,,,NOUN ADJF CONJ ADJF NOUN,5,0,,,,,
"Пазухин, Николай Михайлович",мужской,0,Ермак - покоритель Сибири,"Yermak, Conqueror of Siberia",Исторический роман из времен Иоанна Грозного,1885,Отд. изд.,1,Москва,исторический,Легендарная историческая фигура,,исторический,исторический,NOUN NOUN NOUN,4,0,,,,,
"Ланская, Н.",женский,1,Лавры и тернии,Laurels and Thorns,Роман из времен русского-турецкой войны в 2 частях,1885,Отд. изд.,1,Санкт-Петербург,исторический,,,исторический,исторический,NOUN CONJ NOUN,3,0,,,,,
"Северин, Н.",женский,1,Вся чужая,All a Stranger,роман,1885,Русская мысль,0,,семейная хроника,дворяне,3 лицо,семейный,семейный,ADJF ADJF,2,0,семейный,социально-психологический,бытовой,,
"Назарьева, Капитолина Валериановна",женский,0,Скорбный путь,The Path of Sorrow,Роман в 2 частях,1885,Отд. изд.,1,Санкт-Петербург,"семейный, детектив",,,семейный,семейный,ADJF NOUN,2,0,,,,,
"Линев, Дмитрий Александрович",мужской,0,Виктор Муханов,Viktor Mukhanov,роман,1886,Эпоха,0,,социально-психологический,,,социально-психологический,социально-психологический,NOUN NOUN,2,0,,,,,
"Правдин, В.",мужской,1,Спиритка-убийца,The Spiritist Murderess,роман,1886,Родина,1,Санкт-Петербург,авантюрный,Криминальный мир,,авантюрный,приключенческий,NOUN,1,0,,,,,
"Мещерский, Владимир Петрович",мужской,0,Курсистка,The Woman Student,повесть,1886,Отд. изд.,1,Санкт-Петербург,сатирический роман,Нигилисты,3 лицо,сатирический,юмористический,NOUN,1,0,,,,,
"Вашков, Иван Андреевич",мужской,0,Сила солому ломит,Might Breaks Straw,роман-фельетон,1886,Московский листок,0,,сатирический,,,сатирический,юмористический,NOUN NOUN VERB,3,0,,,,,
"Ясинский, Иероним Иеронимович",мужской,0,Иринарх Плутархов,Irinarkh Plutarkhov,роман,1886,Новь,0,,сатирический роман-памфлет,писатели. критики,3 лицо,сатирический,юмористический,NOUN NOUN,2,0,,,,,
"Ясинский, Иероним Иеронимович",мужской,0,Старый сад,The Old Garden,,1886,Отд. изд.,1,Киев,социально-психологический,"дворяне, крестьяне",3 лицо,социально-психологический,социально-психологический,ADJF NOUN,2,0,социально-психологический,бытовой,,,
"Иванов, Федор Константинович",мужской,0,Ценою жизни,At the Cost of a Life,Уголовный роман,1886,Московский листок,0,,криминальный,преступники,,криминальный,криминальный,NOUN NOUN,2,0,,,,,
"Ясинский, Иероним Иеронимович",мужской,0,Путеводная звезда,The Guiding Star,,1886,Отд. изд.,1,Киев,социально-психологический,,3 лицо,социально-психологический,социально-психологический,ADJF NOUN,2,0,,,,,
"Шкляревский, Александр Андреевич",мужской,0,Новая метла,A New Broom,Уголовный роман,1886,Отд. изд.,1,Санкт-Петербург,"уголовный, детективный",аристократы,3 лицо,уголовный,криминальный,ADJF NOUN,2,0,,,,,
"Лунский, Евгений (С.К.)",женский,1,Князь Родановский,Prince Rodanovsky,Роман,1886,Колосья,0,,"бульварный роман,",аристократия,,,,NOUN ADJF,2,0,,,,,
"Хрущев-Сокольников, Гавриил Александрович",мужской,0,Стенька Разин,Stenka Razin,Исторический роман,1886,Отд. изд.,1,Санкт-Петербург,исторический,легендарные исторические фигуры,3 лицо,исторический,исторический,NOUN NOUN,2,0,,,,,
"Салиас, Евгений Андреевич",мужской,1,Свадебный бунт (1705 г.),The Wedding Revolt (1705),Исторический роман,1886,Исторический вестник,1,Санкт-Петербург,исторический,"легендарные исторические личности,Петр первый",3 лицо,исторический,исторический,ADJF NOUN NUMR NOUN,4,0,исторический,авантюрный,бытовой,,
"Салиас, Евгений Андреевич",мужской,1,Кудесник,The Sorcerer,Исторический роман,1886,Нива,0,,исторический,купцы,3 лицо,исторический,исторический,NOUN,1,0,исторический,авантюрный,мистический,,
"Хрущев-Сокольников, Гавриил Александрович",мужской,0,Герои и предатели,Heroes and Traitors,русский исторический роман XVIII века.,1886,Свет,0,,,,3 лицо,,,NOUN CONJ NOUN,3,0,,,,,
"Пазухин, Николай Михайлович",мужской,0,Блуждающий вечный жид,The Wandering Eternal Jew,роман,1886,Отд. изд.,1,Москва,переработка прикл. романа э. сю,,,,,PRTF ADJF NOUN,3,0,,,,,
"Пазухин, Николай Михайлович",мужской,0,"Любовь и война, или грудью за Родину","Love and War, or Breast Forward for the Fatherland",историческая повесть,1886,Отд. изд.,1,Москва,исторический,,3 лицо,исторический,исторический,NOUN CONJ NOUN CONJ NOUN PREP NOUN,7,0,,,,,
"Позняков, Николай Иванович",мужской,0,Тайна,The Secret,роман,1886,Отд. изд.,1,Санкт-Петербург,,,,,,NOUN,1,0,,,,,
"Хрущев-Сокольников, Гавриил Александрович",мужской,0,Петербургские крокодилы,The Petersburg Crocodiles,Роман в 4 частях с прологами,1886,Свет,0,,,,3 лицо,,,ADJF NOUN,2,0,,,,,
"Соколов, Александр Алексеевич",мужской,1,Кузьма Миронов,Kuzma Mironov,Роман из крестьянской жизни,1886,Отд. изд.,1,Санкт-Петербург,"социальный,",крестьяне,,социальный,социальный,NOUN NOUN,2,0,,,,,
"Хрущев-Сокольников, Гавриил Александрович",мужской,0,Чудо-богатырь,The Bogatyr Hero,Исторический роман,1886,Отд. изд.,1,Санкт-Петербург,"исторический роман, xviii в.","военные, легендарные исторические фигуры (Павел Первый)",3 лицо,исторический,исторический,NOUN,1,0,,,,,
"Лебедев, Николай Константинович",мужской,0,Сандрильона,Cinderella,роман,1886,Нива,0,,социально-психологический,"забитые, униженные дети",3 лицо,социально-психологический,социально-психологический,NOUN,1,0,,,,,
"Мамин-Сибиряк, Дмитрий Наркисович",мужской,1,Бурный поток (На улице),The Torrential Stream (In the Street),роман,1886,Русская мысль,0,,социально-психологический,петербургские газетчики,3 лицо,социально-психологический,социально-психологический,ADJF NOUN PREP NOUN,4,0,,,,,
"Щепкина, Александра Владимировна",женский,0,На заре,At Dawn,Очерк из быта времен Елизаветы,1886,Отд. изд.,1,Москва,исторический,дворяне,3 лицо,исторический,исторический,PREP NOUN,2,0,,,,,
"Хрущев-Сокольников, Гавриил Александрович",мужской,0,Рубцов возвратился,Rubtsov Returned,роман,1886,Свет,0,,,,,,,NOUN VERB,2,0,,,,,
"Данилевский, Григорий Петрович",мужской,0,Сожженная Москва,Moscow in Flames,Роман,1886,Русская мысль,0,,исторический,Офицеры,3 лицо,исторический,исторический,PRTF NOUN,2,0,исторический,военный,бытовой,,
"Полонский, Яков Петрович",мужской,0,Нечаянно,By Accident,Повесть в 2-х частях,1886,Отд. изд. (СС),0,,,,3 лицо,,,ADVB,1,0,,,,,
"Доганович, Анна Никитична",женский,0,Печальник земли русской,The Mourner of the Russian Land,Историческая повесть: для школьного и семейного чтения,1886,Отд. изд.,1,Санкт-Петербург,исторический,"легендарные исторические фигуры, духовенство",3 лицо,исторический,исторический,NOUN NOUN ADJF,3,0,,,,,
"Зарина, Екатерина Ивановна",женский,0,Разбитая жизнь (Николай Бронской),A Shattered Life (Nikolai Bronskoy),роман,1886,"Литературное приложение к ""Гражданину""",0,,социально-психологический,помещики,3 лицо,социально-психологический,социально-психологический,ADJF NOUN NOUN ADJF,4,0,,,,,
"Желиховская, Вера Петровна",женский,0,На весенней заре,At the Spring Dawn,Повесть для юношества,1886,Нива,1,Санкт-Петербург,светский,дворяне,3 лицо,светский,светский,PREP ADJF NOUN,3,0,,,,,
"Прохоров-Риваль, Владимир Алексеевич",мужской,1,Тайны сердца,Secrets of the Heart,Роман,1886,Отд. изд.,1,Москва,"социальный, богема, любовный",актеры,3 лицо,социальный,социальный,NOUN NOUN,2,0,,,,,
"Голицын (Муравлин), Дмитрий Петрович",мужской,0,Мрак,Darkness,роман,1886,Отд. изд.,1,Санкт-Петербург,социально-психологический,,,социально-психологический,социально-психологический,NOUN,1,0,,,,,
"Немирович-Данченко, Василий Иванович",мужской,0,Цари биржи (Каиново племя в наши дни),Kings of the Stock Exchange (The Tribe of Cain in Our Days),роман,1886,Отд. изд.,1,Санкт-Петербург,социально-психологический,дельцы,3 лицо,социально-психологический,социально-психологический,NOUN NOUN ADJF NOUN PREP ADJF NOUN,7,0,,,,,
"Немирович-Данченко, Василий Иванович",мужской,0,Кулисы,Behind the Scenes,роман,1886,Отд. изд.,1,Санкт-Петербург,"социально-психологический, актеры",,3 лицо,социально-психологический,социально-психологический,NOUN,1,0,,,,,
"Беломор, А.",мужской,1,"Крейсер ""Русская надежда""",The Cruiser 'Russian Hope',роман,1886,Русское судоходство,0,,"утопический, фантастический",моряки,3 лицо,утопический,утопический,NOUN ADJF NOUN,3,0,,,,,
"Мордовцев, Даниил Лукич",мужской,0,Похороны,The Funeral,Исторический роман,1886,Отд. изд.,1,Санкт-Петербург,исторический,"военные, народности и этнические группы",3 лицо,исторический,исторический,NOUN,1,0,,,,,
"Каратыгин, Петр Петрович",мужской,0,Заколдованное зеркало,The Enchanted Mirror,роман,1886,Отд. изд.,1,Санкт-Петербург,исторический,эпоха Александра I,,исторический,исторический,ADJF NOUN,2,0,,,,,
"Голицын (Муравлин), Дмитрий Петрович",мужской,0,Хворь,The Ailment,петербургская история,1886,Отд. изд.,1,Санкт-Петербург,исторический,"военные: казаки, полководцы",3 лицо,исторический,исторический,NOUN,1,0,,,,,
"Прохоров-Риваль, Владимир Алексеевич",мужской,1,Отверженный,The Outcast,Роман,1886,Голос Москвы,0,,"криминальный, детективный",,3 лицо,криминальный,криминальный,ADJF,1,0,,,,,
"Шаховская, Людмила Дмитриевна",женский,0,Молодость Цезаря Октавиана Августа,The Youth of Caesar Octavian Augustus,исторический роман,1886,Отд. изд.,1,Москва,исторический,легендарные исторические фигуры,3 лицо,исторический,исторический,NOUN NOUN NOUN NOUN,4,0,,,,,
"Головин (Орловский), Константин Федорович",мужской,1,Дядюшка Михаил Петрович,Uncle Mikhail Petrovich,роман,1886,Русский вестник,0,,любовный,разночинцы,1 лицо,любовный,любовный,NOUN NOUN NOUN,3,0,,,,,
"Станюкович, Константин Михайлович",мужской,0,В места не столь отдаленные,To Not So Distant Places,роман,1886,Сибирская газета,0,,детективный роман,заключенные,3 лицо,детективный,криминальный,PREP NOUN PRCL ADVB ADJF,5,0,сатирический,социально-психологический,уголовный,,
"Шаховская, Людмила Дмитриевна",женский,0,Под властью Тиверия,Under the Rule of Tiberius,роман,1886,Отд. изд.,1,Москва,исторический,легендарные исторические фигуры,3 лицо,исторический,исторический,PREP NOUN NOUN,3,0,,,,,
"Прохоров-Риваль, Владимир Алексеевич",мужской,1,Две смерти,Two Deaths,Повесть,1886,Новости дня,0,,"криминальный, детективный",,3 лицо,криминальный,криминальный,NUMR NOUN,2,0,,,,,
"Карнович, Евгений Петрович",мужской,0,Смелая жизнь,A Bold Life,роман,1886,Новь,0,,"социально-психологический, бояре",,,социально-психологический,социально-психологический,ADJF NOUN,2,0,,,,,
"Мордовцев, Даниил Лукич",мужской,0,Авантюристы,The Adventurers,Историческая повесть времени царствования Екатерины II,1886,Отд. изд.,1,Санкт-Петербург,исторический,"дворяне, легендарные исторические фигуры",3 лицо,исторический,исторический,NOUN,1,0,исторический,авантюрный,приключенческий,бытовой,
"Прохоров-Риваль, Владимир Алексеевич",мужской,1,Дочь актрисы,The Actress's Daughter,повесть,1886,Театр и жизнь,0,,"социальный, богема",,1 лицо,социальный,социальный,NOUN NOUN,2,0,,,,,
"Ильин, Николай Дмитриевич",мужской,0,В новом краю,In a New Land,роман-хроника,1886,Книжки Недели,0,,исторический/приключенческий,"чиновники, разночинцы",,исторический,исторический,PREP ADJF NOUN,3,0,,,,,
"Икскуль фон Гильдебранд, Варвара Ивановна",женский,0,На туманном севере,In the Foggy North,роман,1886,Северный вестник,1,Санкт-Петербург,мелодрама/светский,дворяне,3 лицо,мелодраматический,любовный,PREP ADJF NOUN,3,0,,,,,
"Шапир, Ольга Андреевна",женский,0,Без любви,Without Love,Роман,1886,Вестник Европы,0,,"социально-психологический, любовный","чиновники, разночинцы",3 лицо,социально-психологический,социально-психологический,PREP NOUN,2,0,,,,,
"Иогель/Йогель, Михаил Константинович",мужской,0,Сестры Кудеяровы,The Kudeyarov Sisters,роман в 2 частях,1886,Новости дня,0,,семейный,,3 лицо,семейный,семейный,NOUN NOUN,2,0,,,,,
"Пазухин, Николай Михайлович",мужской,0,Страшная месть,A Terrible Revenge,Историческая повесть из жизни южных славян,1887,Отд. изд.,1,Москва,исторический,"народности и этнические группы, южные славяне",3 лицо,исторический,исторический,ADJF NOUN,2,0,,,,,
"Филиппов, Михаил Авраамович",мужской,0,Под небом Украйны,Beneath the Skies of Ukraine,Историческая повесть,1887,Отд. изд.,1,Санкт-Петербург,исторический,,3 лицо,исторический,исторический,PREP NOUN NOUN,3,0,,,,,
"Салиас, Евгений Андреевич",мужской,1,Яун-Кундзе,Yaun-Kundze,роман,1887,Нива,1,Москва,исторический роман,"дворяне, аристократия прошлого, легендарные исторические фигуры",3 лицо,исторический,исторический,NOUN,1,0,исторический,этнографический,авантюрный,,
"Баранцевич, Казимир Станиславович",мужской,0,Раба,The Slave,Роман,1887,Дело,0,,бытописательный роман,чиновник,1 лицо,бытоописательный,описательный,NOUN,1,0,,,,,
"Позняк, Дмитрий Михайлович",мужской,0,Сквозь огонь страсти,Through the Fire of Passion,роман,1887,Русский вестник,1,Москва,светский,аристократы,1 лицо,светский,светский,PREP NOUN NOUN,3,0,,,,,
"Кашкаров, Иван Дмитриевич",мужской,0,Обновленная жизнь: Посвящается русскому дворянству,A Renewed Life: Dedicated to the Russian Nobility,Роман в 4 частях,1887,Отд. изд.,1,Санкт-Петербург,соц.-психологический,"дворяне, крестьяне",3 лицо,социально-психологический,социально-психологический,PRTF NOUN VERB ADJF NOUN,5,0,,,,,
"Салиас, Евгений Андреевич",мужской,1,Донские гишпанцы,Don Spaniards,Историческая повесть,1887,Исторический вестник,1,Санкт-Петербург,исторический,"барская конфедерация, Польша",3 лицо,исторический,исторический,ADJF NOUN,2,0,исторический,этнографический,авантюрный,военный,
"Мордовцев, Даниил Лукич",мужской,0,Из прошлого,From the Past,Роман. 4 ч.,1887,Отд. изд.,1,Санкт-Петербург,исторический,дворяне,1 лицо,исторический,исторический,PREP NOUN,2,0,,,,,
"Пазухин, Николай Михайлович",мужской,0,Боярин Орша или Страшная месть отца,"The Boyar Orsha, or A Father's Terrible Revenge",роман,1887,Отд. изд.,1,Москва,переработка произ. м.ю. лермонтова,,3 лицо,,,NOUN NOUN CONJ ADJF NOUN NOUN,6,0,,,,,
"Соколов, Александр Алексеевич",мужской,1,"По локоть в золоте, по локоть в крови","Up to the Elbows in Gold, Up to the Elbows in Blood",Роман в 2 ч.,1887,Отд. изд.,1,Санкт-Петербург,уголовный,,,уголовный,криминальный,PREP NOUN PREP NOUN PREP NOUN PREP NOUN,8,0,,,,,
"Безродная, Юлия Ивановна",женский,0,Минувшее,Things Past,роман в духе семейной хроники,1887,Северный вестник,0,,"семейный, автобиография, социально-психологический","современная женщина,чиновники, поэты",3 лицо,семейный,семейный,ADJF,1,0,,,,,
"Хрущев-Сокольников, Гавриил Александрович",мужской,0,Пугачев,Pugachev,Исторический роман-хроника,1887,Свет,0,,,,3 лицо,,,NOUN,1,0,,,,,
"Прохоров-Риваль, Владимир Алексеевич",мужской,1,Московский полусвет,Moscow's Demi-Monde,роман,1887,Новости дня,0,,социально-психологический,кокотки (проститутки),3 лицо,социально-психологический,социально-психологический,ADJF NOUN,2,0,,,,,
"Соколов, Александр Алексеевич",мужской,1,Бородино,Borodino,Исторический роман,1887,Отд. изд.,1,Санкт-Петербург,исторический,,3 лицо,исторический,исторический,NOUN,1,0,,,,,
"Прохоров-Риваль, Владимир Алексеевич",мужской,1,Под звон цепей,To the Clanking of Chains,роман из жизни ссыльнокаторжных,1887,Новости дня,0,,"любовный, криминальный",каторжные,3 лицо,любовный,любовный,PREP NOUN NOUN,3,0,,,,,
"Эвальд, Аркадий Васильевич",мужской,0,Из-за наследства,For the Sake of an Inheritance,Уголовный роман,1887,Петербургский Листок,0,,детективный,,3 лицо,детективный,криминальный,PREP NOUN,2,0,,,,,
"Макашовский, Н.",мужской,0,"Измена графини, или Самоубийство из мести","The Countess's Betrayal, or Suicide for Revenge",Уголовный роман,1887,Отд. изд.,1,Москва,,,3 лицо,,,NOUN NOUN CONJ NOUN PREP NOUN,6,0,,,,,
"Хрущев-Сокольников, Гавриил Александрович",мужской,0,Робинзоны,The Robinsons,фантастический роман,1887,Звезда,0,,,,3 лицо,,,NOUN,1,0,,,,,
"Мордовцев, Даниил Лукич",мужской,0,Кум Иван,Godfather Ivan,Историческая быль,1887,Исторический вестник,0,,историческая повесть,легендарные исторические фигуры,3 лицо,исторический,исторический,NOUN NOUN,2,0,исторический,этнографический,авантюрный,,
"Лунин, Виктор Алексеевич",мужской,0,"Купленный выстрел, или Шайка отравителей","The Bought Shot, or The Gang of Poisoners",уголовный роман,1887,Отд. изд.,1,Москва,уголовный,,3 лицо,уголовный,криминальный,PRTF NOUN CONJ NOUN NOUN,5,0,,,,,
"Стахеев, Дмитрий Иванович",мужской,0,Студенты,The Students,роман,1887,Новь,0,,,,1 лицо,,,NOUN,1,0,,,,,
"Боборыкин, Петр Дмитриевич",мужской,0,Из новых,Among the New People,роман,1887,Вестник Европы,1,Санкт-Петербург,соц.-психологический,"дворяне, интеллигенция",3 лицо,социально-психологический,социально-психологический,PREP ADJF,2,0,,,,,
"Седельников, Николай Михайлович",мужской,0,"Жизнь, что морская пучина",Life Is an Ocean Abyss,роман,1887,Отд. изд.,1,Москва,уголовный роман; авантюры,,,уголовный,криминальный,NOUN CONJ ADJF NOUN,4,0,,,,,
"Тур, Евгения",женский,1,Дети короля Людовика XVI,The Children of King Louis XVI,,1887,Отд. изд.,1,Москва,исторический,легендарные исторические фигуры,3 лицо,исторический,исторический,NOUN NOUN NOUN NUMR,4,0,,,,,
"Северин, Н.",женский,1,Брошенные,The Forsaken,роман,1887,Живописное обозрение,0,,иронический,Передовая женщина,3 лицо,иронический,юмористический,PRTF,1,0,,,,,
"Ясинский, Иероним Иеронимович",мужской,0,Великий человек,A Great Man,роман,1887,Новь,0,,,,,,,ADJF NOUN,2,0,,,,,
"Ясинский, Иероним Иеронимович",мужской,0,Старый друг,An Old Friend,роман,1887,Вестник Европы,0,,,,,,,ADJF NOUN,2,0,,,,,
"Кондратьев, Иван Кузьмич",мужской,0,Церковная крамольница,The Church Seditionist,Исторический роман в 3 ч. из эпохи старообрядческих смут,1887,Отд. изд.,1,Москва,исторический,старообрядцы,3 лицо,исторический,исторический,ADJF NOUN,2,0,,,,,
"Соловьев, Всеволод Сергеевич",мужской,0,Последние Горбатовы,The Last of the Gorbatovs,Роман семидесятых годов,1887,Отд. изд. (СС),1,Санкт-Петербург,исторический,,3 лицо,исторический,исторический,ADJF NOUN,2,0,исторический,семейный,хроникальный,психологический,
"Боборыкина, Софья Александровна",женский,0,Своим трудом,By One's Own Labour,роман,1887,Новь,1,Санкт-Петербург,"социальный, богема",актеры,,социальный,социальный,ADJF NOUN,2,0,,,,,
"Окрейц, Станислав Станиславович",мужской,0,Преступник,The Criminal,Роман,1887,Луч,1,Санкт-Петербург,,,,,,NOUN,1,0,,,,,
"Григорович, Дмитрий Васильевич",мужской,0,Петербург прошлого времени,Petersburg of the Past,роман,1887,Русская мысль,1,Москва,"социально-психологический, петербург",горожане Петербурга,1 лицо,социально-психологический,социально-психологический,NOUN NOUN NOUN,3,0,,,,,
"Вашков, Иван Андреевич",мужской,0,Жертва прихоти,A Victim of Caprice,роман-фельетон,1887,Московский листок,1,Москва,сатирический,,,сатирический,юмористический,NOUN NOUN,2,0,,,,,
"Казина, Александра Никандровна",женский,0,Чья вина?,Whose Fault?,роман,1887,Северный вестник,1,Санкт-Петербург,"семейный , социально-психологический",дворяне среднего достатка,3 лицо,семейный,семейный,ADJF NOUN,2,0,,,,,
"Голицын (Муравлин), Дмитрий Петрович",мужской,0,Около любви,Around Love,роман,1887,Отд. изд.,1,Санкт-Петербург,социально-психологический,дворяне,,социально-психологический,социально-психологический,PREP NOUN,2,0,,,,,
"Пазухин, Николай Михайлович",мужской,0,Князь Скопин Шуйский,Prince Skopin-Shuisky,роман,1887,Отд. изд.,1,Москва,исторический,легендарные исторические фигуры,3 лицо,исторический,исторический,NOUN NOUN ADJF,3,0,,,,,
"Лобковская, Софья Михайловна",женский,0,Дочь священника,The Priest's Daughter,роман,1887,Всемирная иллюстрация,0,,соц.-психологический,женщины,3 лицо,социально-психологический,социально-психологический,NOUN NOUN,2,0,,,,,
"Бибиков, Виктор Иванович",мужской,0,Чистая любовь,Pure Love,роман,1887,Отд. изд.,1,Санкт-Петербург,натуралистический,дочь чиновника,3 лицо,натуралистический,социальный,ADJF NOUN,2,0,,,,,
"Шеллер-Михайлов, Александр Константинович",мужской,1,Алчущие,The Hungering,роман,1887,Живописное обозрение,0,,социально-психологический,дворяне,3 лицо,социально-психологический,социально-психологический,PRTF,1,0,социально-психологический,идеологический,нравоописательный,,
"Головин (Орловский), Константин Федорович",мужской,1,Молодежь,Youth,роман,1887,Русский вестник,1,Москва,социальнно-психологический,,,социально-психологический,социально-психологический,NOUN,1,0,,,,,
"Шеллер-Михайлов, Александр Константинович",мужской,1,Отщепенец,The Renegade,роман,1888,Живописное обозрение,0,,,,3 лицо,,,NOUN,1,0,социально-психологический,идеологический,нравоописательный,,
"Анютин, М.",мужской,1,Наших полей ягоды,Berries of Our Fields,повесть,1888,Русская мысль,0,,соц.-психологический,"дворяне, духовенство/свещенники",3 лицо,социально-психологический,социально-психологический,ADJF COMP NOUN,3,0,социально-психологический,бытовой,крестьянский,,
"Пазухин, Николай Михайлович",мужской,0,Атаман Кирша: Повесть из времен XVI века,Ataman Kirsha: A Tale from the Sixteenth Century,роман,1888,Отд. изд.,1,Москва,исторический,,,исторический,исторический,NOUN NOUN NOUN PREP NOUN NUMR NOUN,7,0,,,,,
"Кашкаров, Иван Дмитриевич",мужской,0,Дворянин Сумский,The Nobleman Sumsky,Роман,1888,Отд. изд.,1,Санкт-Петербург,соц.-психологический,"дворяне, крестьяне",,социально-психологический,социально-психологический,NOUN ADJF,2,0,,,,,
"Кашкаров, Иван Дмитриевич",мужской,0,Без вести пропавший,Missing without a Trace,Роман: В 2 ч.,1888,Отд. изд.,1,Санкт-Петербург,соц.-психологический,"дворяне, крестьяне",,социально-психологический,социально-психологический,PREP INFN PRTF,3,0,,,,,
"Загуляев, Михаил Андреевич",мужской,0,Просветлённые,The Enlightened,роман,1888,Новое время,0,,исторический,,,исторический,исторический,ADJF,1,0,,,,,
"Дубровина, Екатерина Оскаровна",женский,0,Мертвецы-мстители,The Avenging Dead,роман,1888,Отд. изд.,1,Санкт-Петербург,"готический роман, ужасы",,,готический,фантастический,NOUN,1,0,,,,,
"Березин, Владимир Петрович",мужской,0,Под чужим флагом,Under a False Flag,роман,1888,Отд. изд.,1,Санкт-Петербург,,,,,,PREP NOUN NOUN,3,0,,,,,
"Назарьева, Капитолина Валериановна",женский,0,Чужая вина,Another's Guilt,Роман в трех частях,1888,Живописное обозрение,0,,,,3 лицо,,,ADJF NOUN,2,0,,,,,
"Коялович, Михаил Михайлович",мужской,0,Неоконсерваторы,The Neoconservatives,na,1888,Правда,0,,исторический,,,исторический,исторический,NOUN,1,0,,,,,
"Вашков, Иван Андреевич",мужской,0,Кровь за кровь,Blood for Blood,роман,1888,Московский листок,1,Москва,детективный,,,детективный,криминальный,NOUN PREP NOUN,3,0,,,,,
"Пазухин, Николай Михайлович",мужской,0,Купец Иголкин и его подвиг,The Merchant Igolkin and His Feat,роман,1888,Отд. изд.,1,Москва,исторический,,,исторический,исторический,NOUN NOUN CONJ NPRO NOUN,5,0,,,,,
"Апраксин, Александр Дмитриевич",мужской,0,Алзаковы,The Alzakovs,роман из великосветского быта,1888,Отд. изд.,1,Санкт-Петербург,социально-психологический,аристократия прошлого,3 лицо,социально-психологический,социально-психологический,NOUN,1,0,,,,,
"Дубровина, Екатерина Оскаровна",женский,0,Рухнувший великан,The Fallen Giant,Исторический роман XV века,1888,Живописное обозрение,0,,исторический,,,исторический,исторический,PRTF NOUN,2,0,,,,,
"Ге, Григорий Николаевич",мужской,0,Софья Малич: между старым и новым,Sofya Malich: Between the Old and the New,роман в 4-х ч,1888,Отд. изд.,1,Санкт-Петербург,соц.-психологический,еврейка протагонист,3 лицо,социально-психологический,социально-психологический,NOUN NOUN PREP NOUN CONJ ADJF,6,0,,,,,
"Хлопов, Николай Афанасьевич",мужской,0,Над бездной,Over the Abyss,роман,1888,Новости дня,0,,детективный,,,детективный,криминальный,PREP NOUN,2,0,,,,,
"Полевой, Петр Николаевич",мужской,0,Братья-соперники,Rival Brothers,роман,1888,Нива,0,,исторический,аристократия прошлого,3 лицо,исторический,исторический,NOUN,1,0,,,,,
"Кондратьев, Иван Кузьмич",мужской,0,Салтычиха,Saltychikha,"повесть в 3 ч., с эпилогом, из уголовных хроник XVIII в.",1888,Развлечение,1,Москва,"исторический, соц.-психологический","дворяне, крестьяне",3 лицо,исторический,исторический,NOUN,1,0,исторический,социально-психологический,бытовой,уголовный,
"Мордовцев, Даниил Лукич",мужской,0,Поиманы ести Богом и великим государем,Caught by God and the Great Sovereign,исторический фреск 1509-1510 гг.,1888,Исторический вестник,1,Санкт-Петербург,историческая повесть,аристократия прошлого,3 лицо,исторический,исторический,NOUN NOUN NOUN CONJ NOUN NOUN,6,0,,,,,
"Данилевский, Григорий Петрович",мужской,0,Черный год,The Black Year,роман,1888,Русская мысль,0,,исторический,легендарные исторические фигуры,3 лицо,исторический,исторический,NOUN NOUN,2,0,,,,,
"Соколов, Александр Алексеевич",мужской,1,Белый генерал,The White General,роман,1888,Отд. изд.,1,Санкт-Петербург,исторический,,,исторический,исторический,ADJF NOUN,2,0,,,,,
"Соколов, Александр Алексеевич",мужской,1,За честь и свободу,For Honour and Freedom,роман в 2 частях,1888,Отд. изд.,1,Санкт-Петербург,исторический,,,исторический,исторический,PREP NOUN CONJ NOUN,4,0,,,,,
"Нестеров, Сергей Маркович",мужской,0,Под ярмом миллионов,Under the Yoke of Millions,роман из уголовных хроник,1888,Новости дня,0,,уголовный,криминальный мир,,уголовный,криминальный,PREP NOUN NOUN,3,0,,,,,
"Соколов, Александр Алексеевич",мужской,1,Зиновий Богдан Хмельницкий — освободитель Малороссии,"Zinoviy Bogdan Khmelnytsky, Liberator of Little Russia",Исторический роман в 2 частях,1888,Отд. изд.,1,Санкт-Петербург,исторический,,,исторический,исторический,NOUN NOUN ADJF NOUN NOUN,6,0,,,,,
"Пономарев, Иван Николаевич",мужской,0,Жертвы адвоката,The Lawyer's Victims,роман в 2 частях,1888,Петербургский листок,0,,авантюрный,,,авантюрный,приключенческий,NOUN NOUN,2,0,,,,,
"Соколов, Александр Алексеевич",мужской,1,Курсистка,The Woman Student,роман в 3 частях,1888,Отд. изд.,1,Санкт-Петербург,социальный,,,социальный,социальный,NOUN,1,0,,,,,
"Каренин, Владимир",женский,1,Муся,Musya,роман в 2-х частях,1888,Вестник Европы,0,,любовный,дворяне,3 лицо,любовный,любовный,NOUN,1,0,,,,,
"Пономарев, Иван Николаевич",мужской,0,Живой товар: (Из бердичевских тайн),Live Goods (From the Secrets of Berdichev),роман в 3 частях,1888,Луч,0,,уголовный,криминальный мир,,уголовный,криминальный,NOUN NOUN PREP ADJF NOUN,5,0,,,,,
"Окрейц, Станислав Станиславович",мужской,0,В Сибири,In Siberia,уголовный роман С.С. Окрейца,1888,Отд. изд.,1,Санкт-Петербург,уголовный,криминальный мир,3 лицо,уголовный,криминальный,PREP NOUN,2,0,,,,,
"Вольский, А.",женский,1,Жена,The Wife,роман,1888,Отд. изд.,1,Санкт-Петербург,,,,,,NOUN,1,0,,,,,
"Иогель/Йогель, Михаил Константинович",мужской,0,Царевна Софья,Tsarevna Sophia,роман,1888,Отд. изд.,1,Москва,исторический,,,исторический,исторический,NOUN NOUN,2,0,,,,,
"Волокос, А. (псевдоним)",мужской,1,За что ее убили,Why They Killed Her,Роман в 2 частях,1888,Отд. изд.,1,Санкт-Петербург,уголовный,криминальный мир,3 лицо,уголовный,криминальный,PREP CONJ NPRO VERB,4,0,,,,,
"Крестовский, Всеволод Владимирович",мужской,0,Тьма Египетская,Egyptian Darkness,роман,1888,Русский вестник,0,,исторический,"духовенство, народности и этнические группы",3 лицо,исторический,исторический,NOUN ADJF,2,0,,,,,
"Ясинский, Иероним Иеронимович",мужской,0,Вечный праздник,Eternal Feast,роман,1888,Отд. изд.,1,Санкт-Петербург,,,,,,ADJF NOUN,2,0,,,,,
"Иванов, Федор Константинович",мужской,0,Убийство в Зарядье,A Murder in Zaryadye,роман из уголовной хроники,1888,Московский листок,0,,"исторический, уголовный",криминальный мир,,исторический,исторический,NOUN PREP NOUN,3,0,,,,,
"Соколов, Александр Алексеевич",мужской,1,Устинья Федоровна (Устя) — атаман волжских головорезов,"Ustinya Fyodorovna (Ustya), Ataman of the Volga Cutthroats",роман,1888,Отд. изд.,1,Санкт-Петербург,исторический,"аристократия прошлого, легендарные исторические фигуры",,исторический,исторический,NOUN NOUN NOUN NOUN ADJF NOUN,7,0,,,,,
"Прохоров-Риваль, Владимир Алексеевич",мужской,1,В пороховом дыму,In Gunpowder Smoke,роман,1888,Новости дня,0,,социальный,театральная и художественная богема,,социальный,социальный,PREP ADJF NOUN,3,0,,,,,
"Каратыгин, Петр Петрович",мужской,0,Дела давно минувших дней,Deeds of Long-Bygone Days,роман,1888,Отд. изд.,1,Санкт-Петербург,исторический,легендарные исторические фигуры,,исторический,исторический,NOUN ADVB ADJF NOUN,4,0,,,,,
"Хрущев-Сокольников, Гавриил Александрович",мужской,0,Провинция,The Provinces,Роман,1888,Отд. изд.,1,Санкт-Петербург,социально-бытовой,дворяне,3 лицо,социальный,социальный,NOUN,1,0,,,,,
"Салиас, Евгений Андреевич",мужской,1,Камер-юнгфера,The Lady's Maid,повесть,1888,Отд. изд.,1,Санкт-Петербург,историческая повесть,военные,3 лицо,исторический,исторический,NOUN,1,0,исторический,бытовой,любовный,,
"Аничкова, Идалия Мечиславовна",женский,0,Наташа Озерова,Natasha Ozerova,Роман из современных русских нравов,1888,Отд. изд.,1,Санкт-Петербург,,,,,,NOUN NOUN,2,0,,,,,
"Мамин-Сибиряк, Дмитрий Наркисович",мужской,1,Именинник,The Name-Day Celebrant,роман,1888,Наблюдатель,0,,социально-психологический,дворяне,3 лицо,социально-психологический,социально-психологический,NOUN,1,0,социально-психологический,бытовой,,,
"Салиас, Евгений Андреевич",мужской,1,Бригадирская внучка,The Brigadier's Granddaughter,московская быль,1888,Нива,1,Москва,исторический,"дворяне, военные",3 лицо,исторический,исторический,ADJF NOUN,2,0,исторический,авантюрный,любовный,,
"Цеханович, Александр Николаевич",мужской,0,Новая сила,A New Force,Роман А. Цехановича,1888,Минута,0,,,,3 лицо,,,ADJF NOUN,2,0,,,,,
"Хрущев-Сокольников, Гавриил Александрович",мужской,0,Месть и золото,Revenge and Gold,роман из уголовной хроники,1888,Свет,0,,,,3 лицо,,,NOUN CONJ NOUN,3,0,,,,,
"Салиас, Евгений Андреевич",мужской,1,Аракчеевский сынок,Arakcheev's Son,роман,1888,Исторический вестник,1,Санкт-Петербург,исторический,военные,3 лицо,исторический,исторический,ADJF NOUN,2,0,исторический,биографический,политический,авантюрный,
"Добров, Ф.",мужской,1,Перст судьбы,The Finger of Fate,роман,1888,Отд. изд.,1,Санкт-Петербург,социальный,разночинцы,,социальный,социальный,NOUN NOUN,2,0,,,,,
Зео,женский,1,Первая жена,The First Wife,роман в 2-х частях,1888,Новорос. Телеграф,0,,социально-психологический,,,социально-психологический,социально-психологический,ADJF NOUN,2,0,,,,,
"Прохоров-Риваль, Владимир Алексеевич",мужской,1,В погоню за счастьем,In Pursuit of Happiness,Роман,1888,Новости дня,0,,авантюрный,,3 лицо,авантюрный,приключенческий,PREP NOUN PREP NOUN,4,0,,,,,
"Добров, Ф.",мужской,1,"Владимир Красное Солнышко, или девятьсот лет назад","Vladimir the Fair Sun, or Nine Hundred Years Ago",роман,1888,Отд. изд.,1,Санкт-Петербург,исторический,"аристократия прошлого, легендарные исторические фигуры",,исторический,исторический,NOUN ADJF NOUN CONJ NUMR NOUN ADVB,7,0,,,,,
"Филиппов, Михаил Михайлович",мужской,0,Патриарх Никон,Patriarch Nikon,исторический роман,1889,Отд. изд.,1,Санкт-Петербург,исторический,духовенство/священники,3 лицо,исторический,исторический,NOUN NOUN,2,0,исторический,биографический,религиозный,политический,
"Нагродская, Евдокия Аполлоновна",женский,0,Мертвая петля,The Death Loop,роман,1889,Свет,1,Санкт-Петербург,"уголовный, детективный",духовенство/священники,,уголовный,криминальный,ADJF GRND,2,0,,,,,
"Филиппов, Михаил Михайлович",мужской,0,Осажденный Севастополь,Sevastopol Besieged,исторический роман,1889,Отд. изд.,1,Санкт-Петербург,исторический,дворяне,3 лицо,исторический,исторический,PRTF NOUN,2,0,исторический,военный,,,
"Апраксин, Александр Дмитриевич",мужской,0,Каин и Авель,Cain and Abel,роман,1889,Отд. изд.,1,Санкт-Петербург,светский,аристократия,3 лицо,светский,светский,NOUN CONJ NOUN,3,0,,,,,
"Назарьева, Капитолина Валериановна",женский,0,В тисках,In the Grip,роман,1889,Отд. изд.,1,Санкт-Петербург,,,,,,PREP NOUN,2,0,,,,,
"Немирович-Данченко, Василий Иванович",мужской,0,Семья богатырей,A Family of Bogatyrs,роман в 3-х частях,1889,Отд. изд.,1,Санкт-Петербург,социально-психологический,дворяне,3 лицо,социально-психологический,социально-психологический,NOUN NOUN,2,0,социально-психологический,семейный,бытовой,,
"Николаев, Н.",мужской,0,Рабы вражды,Slaves of Enmity,Роман из времен польских заговоров и мятежа 1863 г.,1889,Отд. изд.,1,Санкт-Петербург,исторический,,,исторический,исторический,NOUN NOUN,2,0,,,,,
"Назарьева, Капитолина Валериановна",женский,0,"Брак, каких мало",A Rare Marriage,Роман,1889,Живописное обозрение,0,,семейная хроника,,3 лицо,семейный,семейный,NOUN ADJF ADVB,3,0,,,,,
"Нагродская, Евдокия Аполлоновна",женский,0,Черное дело,A Black Deed,,1889,Свет,1,Санкт-Петербург,уголовный,,3 лицо,уголовный,криминальный,ADJF NOUN,2,0,,,,,
"Соколов, Александр Алексеевич",мужской,1,Старые и новые коммерсанты,Old and New Merchants,роман в 3-х частях,1889,Отд. изд.,1,Санкт-Петербург,,,,,,NOUN CONJ NOUN NOUN,4,0,,,,,
"Соколова, Александра Ивановна",женский,0,Примадонна,The Prima Donna,Роман,1889,Петербургский листок,0,,,,3 лицо,,,NOUN,1,0,,,,,
"Эртель, Александр Иванович",мужской,0,"Гарденины, их дворня, приверженцы и враги","The Gardenins, Their Retainers, Adherents, and Enemies",роман,1889,Русская мысль,0,,социально-психологический,"дворяне, крестьяне",3 лицо,социально-психологический,социально-психологический,NOUN NPRO NOUN NOUN CONJ NOUN,6,0,социально-психологический,бытовой,семейный,хроникальный,
"Шеллер-Михайлов, Александр Константинович",мужской,1,Из-за власти,For the Sake of Power,роман-хроника,1889,Живописное обозрение,0,,исторический,,,исторический,исторический,PREP NOUN,2,0,,,,,
"Соколов, Александр Алексеевич",мужской,1,"Кровью, огнем и железом","By Blood, Fire, and Iron",роман,1889,Отд. изд.,1,Санкт-Петербург,исторический,,,исторический,исторический,NOUN NOUN CONJ NOUN,4,0,,,,,
"Ясинский, Иероним Иеронимович",мужской,0,Трагики,The Tragedians,роман,1889,Отд. изд.,1,Санкт-Петербург,,разночинцы (артисты/актёры),,,,NOUN,1,0,,,,,
"Шеллер-Михайлов, Александр Константинович",мужской,1,Победители,The Victors,роман,1889,Северный вестник,0,,любовный,чиновники,3 лицо,любовный,любовный,NOUN,1,0,любовный,социально-психологический,бытовой,,
"Голицын (Муравлин), Дмитрий Петрович",мужской,0,Рубли,Roubles,роман,1889,Отд. изд.,1,Санкт-Петербург,социально-психологический,,,социально-психологический,социально-психологический,NOUN,1,0,,,,,
"Апраксин, Александр Дмитриевич",мужской,0,Праздные люди,Idle People,роман,1889,Отд. изд.,1,Санкт-Петербург,семейная хроника,дворяне,3 лицо,семейный,семейный,ADJF NOUN,2,0,,,,,
"Пазухин, Николай Михайлович",мужской,0,Всадник без головы,The Headless Horseman,Роман в 2 частях,1889,Отд. изд.,1,Москва,авантюрный,,,авантюрный,приключенческий,NOUN PREP NOUN,3,0,,,,,
"Немирович-Данченко, Василий Иванович",мужской,0,Исповедь женщины,Confession of a Woman,роман в 3-х частях,1889,Отд. изд.,1,Санкт-Петербург,социально-психологический,дворяне,1 лицо,социально-психологический,социально-психологический,NOUN NOUN,2,0,,,,,
"Мордовцев, Даниил Лукич",мужской,0,Профессор Ратмиров,Professor Ratmirov,роман-быль,1889,Книжки Недели,0,,социально-психологический,,,социально-психологический,социально-психологический,NOUN NOUN,2,0,,,,,
"Соколова, Александра Ивановна",женский,0,Золотая пыль,Golden Dust,оригинальный роман из столичной жизни,1889,Луч,0,,,,,,,ADJF NOUN,2,0,,,,,
"Ясинский, Иероним Иеронимович",мужской,0,Свет погас,The Light Went Out,роман,1889,Наблюдатель,1,Самара,,,,,,NOUN VERB,2,0,,,,,
"Таранский, Г.",мужской,1,Золотое сердце,A Heart of Gold,роман,1889,Отд. изд.,1,Санкт-Петербург,социально-психологический,разночиинцы,3 лицо,социально-психологический,социально-психологический,ADJF NOUN,2,0,,,,,
Зео,женский,1,Три соперницы,Three Rivals,роман в 2-х частях,1889,Новорос. Телеграф,1,Одесса,социально-психологический,,,социально-психологический,социально-психологический,NUMR NOUN,2,0,,,,,
"Иванов, Федор Константинович",мужской,0,Среди погибших,Among the Perished,Рассказ из уголовной хроники,1889,Московский листок,0,,,,3 лицо,,,PREP ADJF,2,0,,,,,
"Иванов, Федор Константинович",мужской,0,Темное дело,A Dark Affair,Рассказ. (Из уголовной хроники),1889,Московский листок,0,,,,3 лицо,,,ADJF NOUN,2,0,,,,,
"Хрущев-Сокольников, Гавриил Александрович",мужской,0,Фараоны,The Pharaohs,большой роман из уголовной хроники,1889,Свет,1,Санкт-Петербург,уголовный,,,уголовный,криминальный,NOUN,1,0,,,,,
"Крестовский, Всеволод Владимирович",мужской,0,Тамара Бендавид,Tamara Bendavid,роман,1889,Русский вестник,0,,"социально-психологичский, исторический",народности и этнические группы,3 лицо,социально-психологический,социально-психологический,NOUN NOUN,2,0,социально-психологический,исторический,идеологический,,
"Иноземцева, Анна Андреевна",женский,0,Отчего она переменила убеждения,Why She Changed Her Convictions,из путевых заметок,1889,Родина,1,Санкт-Петербург,,,,,,CONJ NPRO VERB NOUN,4,0,,,,,
"Шаховская, Людмила Дмитриевна",женский,0,Нерон,Nero,исторический роман,1889,Отд. изд.,1,Москва,исторический,,,исторический,исторический,NOUN,1,0,,,,,
"Пономарев, Иван Николаевич",мужской,0,Миллионер-преступник,The Millionaire-Criminal,уголовный роман,1889,Родина,1,Санкт-Петербург,уголовный,криминальный мир,,уголовный,криминальный,NOUN,1,0,,,,,
"Прохоров-Риваль, Владимир Алексеевич",мужской,1,Жертва чести,A Victim of Honour,Роман,1889,Новости дня,0,,авантюрный,,3 лицо,авантюрный,приключенческий,NOUN NOUN,2,0,,,,,
"Прохоров-Риваль, Владимир Алексеевич",мужской,1,За сто тысяч,For a Hundred Thousand,Роман,1889,Новости дня,0,,"уголовный, детективный",криминальный мир,3 лицо,уголовный,криминальный,PREP NOUN NOUN,3,0,,,,,
"Пономарев, Иван Николаевич",мужской,0,Еврейская баронесса,The Jewish Baroness,роман,1889,Луч,0,,уголовный,,,уголовный,криминальный,ADJF NOUN,2,0,,,,,
"Хованский, М. А.",мужской,0,Невестка Петра Великого (царевна Шарлотта),The Daughter-in-Law of Peter the Great (Tsarevna Charlotte),исторический роман,1889,Отд. изд.,1,Санкт-Петербург,исторический,аристократия прошлого,3 лицо,исторический,исторический,NOUN NOUN NOUN NOUN NOUN,5,0,,,,,
"Прохоров-Риваль, Владимир Алексеевич",мужской,1,В предсмертный час,In the Hour of Death,Роман В.А. Риваля,1889,Развлечение,1,Москва,авантюрный,,3 лицо,авантюрный,приключенческий,PREP ADJF NOUN,3,0,,,,,
"Вашков, Иван Андреевич",мужской,0,Безродная,The Woman without Kin,роман-фельетон,1889,Московский листок,1,Москва,сатирический,,,сатирический,юмористический,ADJF,1,0,,,,,
"Вашков, Иван Андреевич",мужской,0,В пылу сражений,In the Heat of Battle,роман-фельетон,1889,Московский листок,1,Москва,сатирический,,,сатирический,юмористический,PREP NOUN NOUN,3,0,,,,,
"Хрущев-Сокольников, Гавриил Александрович",мужской,0,Грюнвальдский бой (Славяне и немцы),The Battle of Grunwald (Slavs and Germans),роман-хроника в 2-х частях,1889,Отд. изд.,1,Санкт-Петербург,исторический,аристократия прошлого,3 лицо,исторический,исторический,ADJF NOUN NOUN CONJ NOUN,5,0,исторический,военный,этнографический,,
"Цеханович, Александр Николаевич",мужской,0,Звезда балета,The Star of the Ballet,Роман,1889,Минута,0,,,,3 лицо,,,NOUN NOUN,2,0,,,,,
"Салиас, Евгений Андреевич",мужской,1,Аракчеевский подкидыш,Arakcheev's Foundling,роман,1889,Исторический вестник,0,,исторический,военные,3 лицо,исторический,исторический,ADJF NOUN,2,0,исторический,авантюрный,политический,психологический,
"Хрущев-Сокольников, Гавриил Александрович",мужской,0,Гордиев узел,The Gordian Knot,Роман из уголовной хроники Г.А. Хрущова-Сокольникова,1889,Звезда,0,,,,3 лицо,,,NOUN NOUN,2,0,,,,,
"Бибиков, Виктор Иванович",мужской,0,Моя мать,My Mother,"роман, ""Из семейной хроники Гартманова""",1889,Новь,0,,,,,,,ADJF NOUN,2,0,,,,,
"Беломор, А.",мужской,1,Роковая война 18?? года,The Fateful War of 18??,фантастический роман,1889,Отд. изд.,1,Санкт-Петербург,фантастический,военные,,фантастический,фантастический,ADJF NOUN NUMR NOUN,4,0,,,,,
"Салиас, Евгений Андреевич",мужской,1,Барыни-крестьянки,Gentlewomen-Peasants,роман в 2-х частях,1889,Нива,0,,исторический,"дворяне, крестьяне",3 лицо,исторический,исторический,NOUN,1,0,исторический,бытовой,,,
"Волконский, Михаил Николаевич",мужской,0,Семья Колениных,The Kolenin Family,Роман,1890,Русское обозрение,0,,социально-психологический,,3 лицо,социально-психологический,социально-психологический,NOUN NOUN,2,0,,,,,
"Попов, Николай Ардалионович",мужской,0,Русский гарибальдиец и дочь бандита,A Russian Garibaldian and the Bandit's Daughter,роман из недавнего прошлого,1890,Отд. изд.,1,Санкт-Петербург,исторический,,,исторический,исторический,ADJF NOUN CONJ NOUN NOUN,5,0,,,,,
"Желиховская, Вера Петровна",женский,0,Ложь,The Lie,современная быль,1890,Русское обозрение,1,Санкт-Петербург,социально-психологический,дворяне,3 лицо,социально-психологический,социально-психологический,NOUN,1,0,,,,,
"Окрейц, Станислав Станиславович",мужской,0,Крах (Таинственный иностранец),The Crash (The Mysterious Foreigner),Роман в 2 ч.,1890,Отд. изд.,1,Санкт-Петербург,,,,,,NOUN ADJF NOUN,3,0,,,,,
"Пономарев, Иван Николаевич",мужской,0,Петербургские тузы,The Petersburg Aces,Роман,1890,Петербургский листок,0,,уголовный,,3 лицо,уголовный,криминальный,ADJF NOUN,2,0,,,,,
"Амфитеатров, Александр Валентинович",мужской,0,Людмила Верховская,Lyudmila Verkhovskaya,роман,1890,Отд. изд.,1,Москва,авантюрный,дворяне,3 лицо,авантюрный,приключенческий,NOUN ADJF,2,0,,,,,
"Пономарев, Иван Николаевич",мужской,0,Тайны болгар­ского двора,The Mysteries of the Bulgarian Court,Роман в трех частях,1890,Отд. изд.,1,Санкт-Петербург,авантюрно-приключенческий,,3 лицо,авантюрный,приключенческий,NOUN ADJF NOUN,3,0,,,,,
"Мамин-Сибиряк, Дмитрий Наркисович",мужской,1,Три конца,Three Endings,Уральская летопись,1890,Русская мысль,0,,"политический, социально-психологический",рабочие,3 лицо,политический,социально-психологический,NUMR NOUN,2,0,,,,,
"Пономарев, Иван Николаевич",мужской,0,Атаман-мститель,The Avenger Ataman,оригинальный роман в 2-х частях,1890,Отд. изд.,1,Санкт-Петербург,авантюрный,военные,,авантюрный,приключенческий,NOUN,1,0,,,,,
"Потапенко, Игнатий Николаевич",мужской,0,Здравые понятия,Sound Notions,роман,1890,Северный вестник,0,,социально-психологический,дворяне,3 лицо,социально-психологический,социально-психологический,ADJF NOUN,2,0,социально-психологический,идеологический,бытовой,,
"Цеханович, Александр Николаевич",мужской,0,Драма в стенах больницы,A Drama within Hospital Walls,Роман-хроника,1890,Отд. изд.,1,Санкт-Петербург,,,,,,NOUN PREP NOUN NOUN,4,0,,,,,
"Соколова, Александра Ивановна",женский,0,Без воли,Without Will,,1890,Петербургский листок,0,,любовный,дворяне,3 лицо,любовный,любовный,PREP NOUN,2,0,,,,,
"Соколова, Александра Ивановна",женский,0,Без следа,Without a Trace,уголовный роман,1890,Отд. изд.,1,Санкт-Петербург,уголовный,,,уголовный,криминальный,PREP NOUN,2,0,,,,,
"Желиховская, Вера Петровна",женский,0,Княжна Цхени,Princess Tskheni,роман из кавказской жизни,1890,Досуг и дело,1,Санкт-Петербург,авантюрный,народности и этнические группы,3 лицо,авантюрный,приключенческий,NOUN VERB,2,0,,,,,
"Соколова, Александра Ивановна",женский,0,Из-за могилы,From beyond the Grave,роман,1890,Петербургский листок,0,,,,,,,PREP NOUN,2,0,,,,,
"Назарьева, Капитолина Валериановна",женский,0,Развенчанная королева,The Dethroned Queen,роман из современной сербской придворной жизни в 2-х частях,1890,Отд. изд.,1,Санкт-Петербург,,,,,,PRTF NOUN,2,0,,,,,
"Назарьева, Капитолина Валериановна",женский,0,Рыцарь тьмы,A Knight of Darkness,роман,1890,Отд. изд.,1,Санкт-Петербург,уголовный,,,уголовный,криминальный,NOUN NOUN,2,0,,,,,
"Назарьева, Капитолина Валериановна",женский,0,Чертово гнездо,The Devil's Nest,роман в 2 частях,1890,Отд. изд.,1,Санкт-Петербург,,,,,,ADJS NOUN,2,0,,,,,
"Нагродская, Евдокия Аполлоновна",женский,0,Петербургские тайны,The Mysteries of Petersburg,,1890,Свет,0,,уголовный,,3 лицо,уголовный,криминальный,ADJF NOUN,2,0,,,,,
"Авенариус, Василий Петрович",мужской,0,Три венца,Three Crowns,Историческая повесть из времен первого самозванца,1890,Неделя,0,,исторический роман,Лжедмитрий I,3 лицо,исторический,исторический,NUMR NOUN,2,0,,,,,
"Толстой, Г.А.",мужской,1,Обитель святого Иосифа,The Cloister of St Joseph,роман из средневековой монастырской жизни,1890,Отд. изд.,1,Санкт-Петербург,исторический,духовенство/священники,,исторический,исторический,NOUN ADJF NOUN,3,0,,,,,
"Бибиков, Виктор Иванович",мужской,0,Друзья-приятели,Friends and Mates,роман,1890,Живописное обозрение,1,Санкт-Петербург,социально-психологический,,1 лицо,социально-психологический,социально-психологический,NOUN,1,0,,,,,
"Беломор, А.",мужской,1,Черноморский флот в ???? году,The Black Sea Fleet in the Year ????,роман,1890,Русское судоходство,0,,утопический,военные (моряки),,утопический,утопический,ADJF NOUN PREP NOUN,5,0,,,,,
"Соколова, Александра Ивановна",женский,0,Каменное сердце,A Heart of Stone,Роман,1890,Петербургский листок,0,,,,1 лицо,,,ADJF NOUN,2,0,,,,,
"Прохоров-Риваль, Владимир Алексеевич",мужской,1,Жертвы страсти,Victims of Passion,Роман,1890,Русский листок,0,,авантюрный,криминальный мир,3 лицо,авантюрный,приключенческий,NOUN NOUN,2,0,,,,,
"Голохвастов, К.К.",мужской,0,"Одомар, или Литовский волк","Odomar, or The Lithuanian Wolf",историческая повесть,1890,Отд. изд.,1,Санкт-Петербург,исторический,,,исторический,исторический,NOUN CONJ ADJF NOUN,4,0,,,,,
"Николаева, Е.",женский,0,От плахи к почести,From the Block to Honours,исторический роман из эпохи завоевания Сибири в 3-х частях,1890,Луч,1,Санкт-Петербург,исторический,военные,,исторический,исторический,PREP NOUN PREP NOUN,4,0,,,,,
"Александров, Виктор",мужской,0,Медуза,Medusa,роман из уголовной хроники,1890,Отд. изд.,1,Санкт-Петербург,уголовный,дворяне,3 лицо,уголовный,криминальный,NOUN,1,0,,,,,
"Ясинский, Иероним Иеронимович",мужской,0,На заре жизни,At the Dawn of Life,роман,1890,Живописное обозрение,0,,,,,,,PREP NOUN NOUN,3,0,,,,,
"Ясинский, Иероним Иеронимович",мужской,0,Клад,The Treasure,роман,1890,Нива,0,,,,,,,NOUN,1,0,,,,,
"Боборыкин, Петр Дмитриевич",мужской,0,На ущербе,On the Wane,роман,1890,Вестник Европы,0,,социально-психологический,роман о нигилистах,3 лицо,социально-психологический,социально-психологический,PREP NOUN,2,0,,,,,
"Мещерский, Владимир Петрович",мужской,0,Один из наших Мольтке,One of Our Moltkes,этюд,1890,Отд. изд.,1,Санкт-Петербург,,,,,,ADJF PREP ADJF NOUN,4,0,,,,,
"Соколова, Александра Ивановна",женский,0,На смену былому,Replacing the Past,оригинальный роман,1890,Отд. изд.,1,Санкт-Петербург,,,,,,PREP NOUN ADJF,3,0,,,,,
"Вольский, А.",женский,1,Мертвая хватка,The Death Grip,роман,1890,Отд. изд.,1,Санкт-Петербург,,,,,,ADJF NOUN,2,0,,,,,
"Шаховская, Людмила Дмитриевна",женский,0,Весталка,The Vestal,Исторический роман,1890,Отд. изд.,1,Москва,исторический,,,исторический,исторический,NOUN,1,0,,,,,
"Вашков, Иван Андреевич",мужской,0,Роковой выстрел,The Fatal Shot,(Разсказ),1890,Московский листок,0,,,,3 лицо,,,ADJF NOUN,2,0,,,,,
"Лесков, Николай Семенович",мужской,0,Чертовы куклы,The Devil's Puppets,роман,1890,Русская мысль,0,,политический,"интеллигенция, художник, высшее общество",3 лицо,политический,социальный,ADJS NOUN,2,1,политический,социально-психологический,сатирический,,
"Лунский, Евгений",женский,1,За грехи отца,For the Father's Sins,оригинальный роман Евгения Лунского,1890,Колосья,1,Киев,любовный,аристократия,3 лицо,любовный,любовный,PREP NOUN NOUN,3,0,,,,,
"Вашков, Иван Андреевич",мужской,0,Среди зла и преступлений,Amid Evil and Crimes,роман-фельетон,1890,Московский листок,0,,сатирический,,,сатирический,юмористический,PREP NOUN CONJ NOUN,4,0,,,,,
"Шилов, В.",женский,1,Лобановщина,Lobanovshchina,роман,1890,Вестник Европы,0,,семейная хроника,крестьяне,,семейный,семейный,NOUN,1,0,,,,,
"Салиас, Евгений Андреевич",мужской,1,Пан Круль,Pan Krul,исторический роман в 2-х частях,1890,Нива,0,,исторический,аристократия прошлого,3 лицо,исторический,исторический,NOUN NOUN,2,0,исторический,авантюрный,этнографический,,
"Шеллер-Михайлов, Александр Константинович",мужской,1,Ртищев,Rtishchev,роман в 3-х частях,1890,Северный вестник,0,,исторический,эмигранты,3 лицо,исторический,исторический,NOUN,1,0,исторический,биографический,авантюрный,,
"Шеллер-Михайлов, Александр Константинович",мужской,1,Дворец и монастырь,Palace and Monastery,исторический роман-хроника времен Великого князя Василия Ивановича и царя Иоанна Грозного,1890,Живописное обозрение,0,,исторический,аристократия прошлого,3 лицо,исторический,исторический,NOUN CONJ NOUN,3,0,исторический,религиозный,политический,,
"Ахшарумов, Николай Дмитриевич",мужской,0,Блудный сын,The Prodigal Son,Исповедь,1890,Русское обозрение,0,,социально-психологический,,1 лицо,социально-психологический,социально-психологический,ADJF NOUN,2,0,,,,,
"Салиас, Евгений Андреевич",мужской,1,Заира,Zaira,роман,1890,Русское обозрение,0,,исторический,дворяне,3 лицо,исторический,исторический,NOUN,1,0,исторический,любовный,авантюрный,,
"Дубровина, Екатерина Оскаровна",женский,0,Опальный,The Disgraced,исторический роман в 2-х частях,1890,Отд. изд.,1,Санкт-Петербург,исторический,,,исторический,исторический,ADJF,1,0,,,,,
"Дмитриев, К.",мужской,0,"Не в силе Бог, а в правде",God Is Not in Might but in Right,исторический роман из времен Иоанна III,1890,Отд. изд.,1,Санкт-Петербург,исторический,аристократия прошлого,3 лицо,исторический,исторический,PRCL PREP NOUN NOUN CONJ PREP NOUN,7,0,исторический,религиозный,идеологический,,
"Крестовская, Мария Всеволодовна",женский,0,Артистка,The Actress,Роман,1891,Вестник Европы,0,,"соц. психологичский, исторический","разночинцы (артисты), интеллигенция",3 лицо,социально-психологический,социально-психологический,NOUN,1,0,,,,,
"Вашков, Иван Андреевич",мужской,0,Кровавая месть,Bloody Vengeance,роман-фельетон,1891,Московский листок,0,,сатирический,,,сатирический,юмористический,ADJF NOUN,2,0,,,,,
"Апраксин, Александр Дмитриевич",мужской,0,На волоске,By a Thread,роман,1891,Отд. изд.,1,Санкт-Петербург,светский,аристократия,3 лицо,светский,светский,PREP NOUN,2,0,,,,,
"Мердер (Северин), Надежда Ивановна",женский,1,Фамильная хроника Воротынцевых,The Vorotyntsev Family Chronicle,,1891,Исторический вестник,0,,историко-нравственный роман,"дворяне, крестьяне",3 лицо,исторический,исторический,ADJF NOUN NOUN,3,0,исторический,семейный,хроникальный,нравоописательный,
"Салиас, Евгений Андреевич",мужской,1,Граф Тятин-Балтийский,Count Tyatin-Baltiisky,Историческая повесть XVIII века,1891,Отд. изд. (СС),1,Москва,"историческая повесть, xviii в.",,,исторический,исторический,NOUN ADJF,2,0,,,,,
"Салиас, Евгений Андреевич",мужской,1,Ведунья,The Wise Woman,Исторический роман в 2 частях,1891,Отд. изд. (СС),1,Москва,"исторический роман, xviii в.",,3 лицо,исторический,исторический,NOUN,1,0,исторический,мистический,этнографический,фольклорный,
"Окрейц, Станислав Станиславович",мужской,0,Кто виноват?,Who Is to Blame?,роман в 2-х частях,1891,Отд. изд.,1,Санкт-Петербург,,,,,,NPRO ADJS,2,0,,,,,
"Салиас, Евгений Андреевич",мужской,1,Филозоф,The Philosopher,историческая повесть,1891,Отд. изд. (СС),1,Санкт-Петербург,"историческая повесть, xviii в.",,3 лицо,исторический,исторический,NOUN,1,0,исторический,философский,идеологический,бытовой,
"Волконский, Михаил Николаевич",мужской,0,Мальтийская цепь,The Maltese Chain,Исторический роман Кн. М.Н. Волконского,1891,"Ежемесячные литературные приложения к журналу ""Нива""",0,,"историко-авантюрный роман, неофициальная история",,3 лицо,исторический,исторический,ADJF NOUN,2,0,исторический,авантюрный,приключенческий,политический,
"Гейнце, Николай Эдуардович",мужской,0,Малюта Скуратов,Malyuta Skuratov,Исторический роман в 2-х частях,1891,Отд. изд.,1,Санкт-Петербург,исторический,аристократы,3 лицо,исторический,исторический,NOUN NOUN,2,0,исторический,биографический,авантюрный,политический,
"Соколова, Александра Ивановна",женский,0,Беспросветная тьма,Impenetrable Darkness,Роман,1891,Петербургский листок,0,,,,3 лицо,,,ADJF NOUN,2,0,,,,,
"Стахеев, Дмитрий Иванович",мужской,0,Обновленный храм,The Renewed Temple,повесть,1891,Русский вестник,0,,социально-психологический,купцы/промышленники,,социально-психологический,социально-психологический,PRTF NOUN,2,0,,,,,
"Мещерский, Владимир Петрович",мужской,0,Святоши большого света,Hypocrites of High Society,этюд,1891,Отд. изд.,1,Санкт-Петербург,сатирический роман,,,сатирический,юмористический,NOUN ADJF NOUN,3,0,,,,,
"Салиас, Евгений Андреевич",мужской,1,Былые гусары,The Hussars of Old,повесть,1891,Русское обозрение,0,,семейный,военные,3 лицо,семейный,семейный,ADJF NOUN,2,0,семейный,исторический,бытовой,нравоописательный,любовный
"Круглов, Александр Васильевич",мужской,0,Свои — чужие,Ours and Strangers,роман,1891,Наблюдатель,0,,"социально-психологический, мещане, мелкие чиновники",,,социально-психологический,социально-психологический,ADJF NOUN,3,0,,,,,
"Прохоров-Риваль, Владимир Алексеевич",мужской,1,Из времен русско-турецкой войны 1877-1878,From the Times of the Russo-Turkish War of 1877-1878,роман,1891,Развлечение,0,,исторический,,,исторический,исторический,PREP NOUN ADJF NOUN NUMR,5,0,,,,,
"Станюкович, Константин Михайлович",мужской,0,Первые шаги,First Steps,роман,1891,Вестник Европы,0,,,разночинцы (студент),3 лицо,,,ADJF NOUN,2,0,,,,,
"Михневич, Владимир Осипович",мужской,0,Москвичка,A Moscow Woman,роман-фельетон из петербургских нравов,1891,Отд. изд.,1,Санкт-Петербург,социально-психологический,интеллигенция,3 лицо,социально-психологический,социально-психологический,NOUN,1,0,,,,,
"Мордовцев, Даниил Лукич",мужской,0,Замурованная царица,The Walled-Up Tsaritsa,роман из жизни древнего Египта,1891,Отд. изд.,1,Санкт-Петербург,исторический,царица,3 лицо,исторический,исторический,PRTF NOUN,2,0,исторический,авантюрный,,,
"Мордовцев, Даниил Лукич",мужской,0,Царь без царства,A Tsar without a Kingdom,роман из истории последних дней царства Имеретинского,1891,Отд. изд.,1,Санкт-Петербург,исторический,царь,3 лицо,исторический,исторический,NOUN PREP NOUN,3,0,,,,,
"Голубев, Александр Александрович",мужской,0,Бродячая вольница,The Roving Free Men,Хроница-роман первой половины XVIII ст. в 2 томах,1891,Отд. изд.,1,Москва,"исторический роман, xviii в.",,,исторический,исторический,ADJF NOUN,2,0,,,,,
"Ракшанин, Николай Осипович",мужской,1,Счастье,Happiness,Роман,1891,Новости дня,0,,любовно-приключенческий,"дворяне, крестьяне",,любовный,любовный,NOUN,1,0,,,,,
"Иогель/Йогель, Михаил Константинович",мужской,0,В старом доме,In the Old House,Повесть М.К. Иогеля,1891,Отд. изд.,1,Москва,социально-психологический/философский,,,социально-психологический,социально-психологический,PREP ADJF NOUN,3,0,,,,,
"Крестовский, Всеволод Владимирович",мужской,0,Торжество Ваала,The Triumph of Baal,Роман,1891,Русский вестник,0,,исторический роман,,3 лицо,исторический,исторический,NOUN NOUN,2,0,исторический,политический,идеологический,,
"Ясинский, Иероним Иеронимович",мужской,0,Ординарный профессор,An Ordinary Professor,роман,1891,Наблюдатель,0,,социально-психологический,разночинцы,,социально-психологический,социально-психологический,ADJF NOUN,2,0,,,,,
"Кафтырев, Семен Никанорович",мужской,0,"Похищенный клад, или Потерянное счастье","The Stolen Treasure, or Lost Happiness",Бытовой русский роман в 3-х частях,1891,Отд. изд.,1,Москва,соц.-психологический,купцы,,социально-психологический,социально-психологический,PRTF NOUN CONJ ADJF NOUN,5,0,,,,,
"Дубровина, Екатерина Оскаровна",женский,0,Заслуженная кара,A Deserved Punishment,Исторический роман времен Аракчеева,1891,Отд. изд.,1,Санкт-Петербург,исторический роман,"графы, князья, аристократия",3 лицо,исторический,исторический,PRTF NOUN,2,0,,,,,
"Валуев, Петр Александрович",мужской,0,Княжна Татьяна,Princess Tatyana,роман,1891,Русский вестник,0,,светский,аристократы,3 лицо,светский,светский,NOUN NOUN,2,0,,,,,
"Иванов, Федор Константинович",мужской,0,Золотое дело,Golden Business,(Разсказ),1891,Московский листок,0,,,,3 лицо,,,ADJF NOUN,2,0,,,,,
"Немирович-Данченко, Василий Иванович",мужской,0,На литературных хлебах,On Literary Bread,,1891,Отд. изд.,1,Москва,"социально-психологический, журналисты",,,социально-психологический,социально-психологический,PREP ADJF NOUN,3,0,,,,,
"Маслов, Николай Дмитриевич",мужской,0,Изъяны воли,Flaws of the Will,роман в 3-х частях,1891,"Ежемесячные литературные приложения к журналу ""Нива""",0,,,чиновник,3 лицо,,,NOUN NOUN,2,0,,,,,
"Каразин, Николай Николаевич",мужской,0,Наль,Nal,роман в 3-х частях,1891,Нива,1,Санкт-Петербург,,народности (туркмены),3 лицо,,,NOUN,1,0,,,,,
"Рыскин, Сергей Федорович",мужской,0,Похождение лже-архиерея Савватия,The Adventures of the False Bishop Savvaty,современный очерк,1891,Русский листок,0,,социально-психологический,раскольники,3 лицо,социально-психологический,социально-психологический,NOUN NOUN NOUN,3,0,,,,,
"Цеханович, Александр Николаевич",мужской,0,Метеор,The Meteor,роман,1891,"Романы оригинальные и переводные. Бесплатное прил. к газ. ,,Луч“",0,,,,,,,NOUN,1,0,,,,,
"Волконский, Михаил Николаевич",мужской,0,Князь Никита Федорович,Prince Nikita Fyodorovich,Исторический роман в трех частях,1891,"Ежемесячные литературные приложения к журналу ""Нива""",0,,историко-авантюрный роман,бироновщица,3 лицо,исторический,исторический,NOUN NOUN NOUN,3,0,исторический,авантюрный,приключенческий,политический,
"Рыскин, Сергей Федорович",мужской,0,Андрей Шутов,Andrei Shutov,роман,1891,Русский листок,0,,социально-психологический,раскольники,,социально-психологический,социально-психологический,NOUN NOUN,2,0,,,,,
"Полевой, Петр Николаевич",мужской,0,Тальянская чертовка,The Italian She-Devil,историческая повесть,1891,Исторический вестник,0,,исторический,князья,3 лицо,исторический,исторический,ADJF NOUN,2,0,,,,,
"Полевой, Петр Николаевич",мужской,0,Корень зла,The Root of Evil,историческая повесть,1891,Нива,1,Санкт-Петербург,"исторический, правление годунова","царская семья, бояре",3 лицо,исторический,исторический,NOUN NOUN,2,0,,,,,
"Пазухин, Алексей Михайлович",мужской,0,Ополченная Россия,Russia in Arms,исторический роман в 3-х частях,1891,Отд. изд.,1,Москва,"политический, любовный, исторический",военные,3 лицо,политический,социальный,PRTF NOUN,2,0,,,,,
"Цеханович, Александр Николаевич",мужской,0,Русский Рокамболь,The Russian Rocambole,Роман из столичной жизни А. Цехановича,1891,Петербургская газета,0,,,,3 лицо,,,ADJF NOUN,2,0,авантюрный,приключенческий,уголовный,детективный,
"Пономарев, Иван Николаевич",мужской,0,Столичные коршуны,The Kites of the Capital,Роман И. Н. Пономарева в 3-х частях,1891,Петербургская газета,0,,,,3 лицо,,,ADJF NOUN,2,0,,,,,
"Эртель, Александр Иванович",мужской,0,Смена,The Shift,роман,1891,Русская мысль,0,,социально-психологический,"дворяне, крестьяне",3 лицо,социально-психологический,социально-психологический,NOUN,1,0,социально-психологический,идеологический,бытовой,,
"Бажин, Николай Федотович",мужской,0,Клад,The Treasure,роман,1891,Наблюдатель,0,,социальный роман,интеллигенция,,социальный,социальный,NOUN,1,0,,,,,
"Марков, Евгений Львович",мужской,0,Разбойница Орлиха,The Brigand Woman Orlikha,"роман в 3-х частях, из местных преданийXVIII в.",1891,Русское обозрение,0,,исторический,,3 лицо,исторический,исторический,NOUN NOUN,2,0,,,,,
"Ахшарумов, Николай Дмитриевич",мужской,0,Старые счеты,Old Scores,Повесть,1892,Русское обозрение,1,Москва,социально-психологический,разночинцы,3 лицо,социально-психологический,социально-психологический,NOUN NOUN,2,0,,,,,
"Эвальд, Аркадий Васильевич",мужской,0,Завещание,The Will,Роман из петербургской жизни,1892,Петербургский Листок,0,,уголовный,,,уголовный,криминальный,NOUN,1,0,,,,,
"Луговой, Алексей Алексеевич",мужской,1,Грани жизни,The Facets of Life,роман,1892,Северный вестник,0,,социально-психологический,дворяне,3 лицо,социально-психологический,социально-психологический,NOUN NOUN,2,0,социально-психологический,философский,бытовой,,
"Полевой, Петр Николаевич",мужской,0,Птичка-невеличка,A Little Bird,Роман,1892,Исторический вестник,1,Санкт-Петербург,исторический,,,исторический,исторический,NOUN,1,0,,,,,
"Шелонский, Николай Николаевич",мужской,0,В мире будущего,In the World of the Future,фантастический роман,1892,Вокруг света (ежемесячное приложение),0,,"фантастика, утопия",,3 лицо,фантастический,фантастический,PREP NOUN NOUN,3,0,фантастический,утопический,философский,,
"Данилевский, Григорий Петрович",мужской,0,Царевич Алексей,Tsarevich Alexei,,1892,Русская мысль,0,,исторический,"аристократия прошлого, легендарные исторические фигуры",3 лицо,исторический,исторический,NOUN NOUN,2,0,,,,,
"Тихонов, Владимир Алексеевич",мужской,0,Светлые грезы,Bright Dreams,Роман в двух частях Вл. А. Тихонова,1892,Север,0,,,,3 лицо,,,ADJF NOUN,2,0,,,,,
"Немирович-Данченко, Василий Иванович",мужской,0,Контрабандисты,The Smugglers,Роман,1892,Отд. изд.,1,Киев,"авантюрный, социально-психологический, любовный","дворяне, народности и этнические группы",3 лицо,авантюрный,приключенческий,NOUN,1,0,,,,,
"Ясинский, Иероним Иеронимович",мужской,0,По горячим следам,Hot on the Trail,роман,1892,Труд. Вестник литературы и науки,0,,,народности и этнические группы,,,,PREP NOUN NOUN,3,0,,,,,
"Арсеньев, Александр Васильевич",мужской,0,Князь Дмитрий Иоаннович Донской,Prince Dmitry Ioanovich Donskoy,Из эпохи грозного века. Исторический роман,1892,Родина,0,,исторический роман; россия времен дмитрия донского,,,исторический,исторический,NOUN NOUN NOUN ADJF,4,0,,,,,
"Желиховская, Вера Петровна",женский,0,На берегах Невы и Темзы,On the Banks of the Neva and the Thames,Роман,1892,Нива,1,Санкт-Петербург,"любовный, социально психологический",дворяне,3 лицо,любовный,любовный,PREP NOUN NOUN CONJ NOUN,5,0,,,,,
"Мамин-Сибиряк, Дмитрий Наркисович",мужской,1,Золото,Gold,роман,1892,Северный вестник,0,,социально-психологический,рабочие,3 лицо,социально-психологический,социально-психологический,NOUN,1,0,,,,,
"Зарин, Андрей Ефимович",мужской,0,Дочь пожарного,The Fireman's Daughter,роман,1892,Отд. изд.,1,Санкт-Петербург,культурно-исторические,мещане,,исторический,исторический,NOUN ADJF,2,0,,,,,
"Елец, Юлий Лукьянович",мужской,0,Болезнь века,The Malady of the Age,Роман в 3-х частях,1892,Отд. изд.,1,Санкт-Петербург,документальный,"дворяне, военные",3 лицо,исторический,исторический,NOUN NOUN,2,0,,,,,
"Леман, Анатолий Иванович",мужской,0,Порча жизни,The Corruption of Life,Роман,1892,Домашняя библиотека,1,Санкт-Петербург,,"разночинцы, купцы",,,,NOUN NOUN,2,0,,,,,
"Дубровина, Екатерина Оскаровна",женский,0,Из тьмы веков,Out of the Darkness of Ages,Роман,1892,Отд. изд.,1,Санкт-Петербург,исторический роман,,,исторический,исторический,PREP NOUN NOUN,3,0,,,,,
"Бажин, Николай Федотович",мужской,0,Итоги,The Results,роман,1892,Наблюдатель,0,,социальный роман,интеллигенция,,социальный,социальный,NOUN,1,0,,,,,
"Голохвастов, К.К.",мужской,0,Рыцари степей,Knights of the Steppes,Повесть о запорожском гетмане Иване Свирговском и молдавском князе Ивоне,1892,Отд. изд.,1,Санкт-Петербург,исторический,военные,,исторический,исторический,NOUN NOUN,2,0,,,,,
"Иогель/Йогель, Михаил Константинович",мужской,0,Призраки,Phantoms,Роман,1892,Семья,1,Москва,,,,,,NOUN,1,0,,,,,
"Павлов, Н.И.",мужской,0,В смутные годы,In Troubled Years,роман,1892,Русский вестник,0,,,,,,,PREP ADJF NOUN,3,0,,,,,
"Шрекник, Евгений Федорович",мужской,0,Соперники,The Rivals,Исторический роман из времен царствования Василия Шуйского,1892,Отд. изд.,1,Санкт-Петербург,исторический,аристократия прошлого,3 лицо,исторический,исторический,NOUN,1,0,,,,,
"Рыскин, Сергей Федорович",мужской,0,"Купленный митрополит, или Рогоженские миллионы","The Bought Metropolitan, or The Rogozhsky Millions",роман из истории раскола,1892,Русский листок,1,Москва,социально-психологический; раскольники,раскольники,3 лицо,социально-психологический,социально-психологический,PRTF NOUN CONJ ADJF NOUN,5,0,,,,,
"Пономарев, Иван Николаевич",мужской,0,Предсмертное проклятие,A Deathbed Curse,Роман,1892,Петербургская газета,1,Санкт-Петербург,уголовный,,,уголовный,криминальный,ADJF NOUN,2,0,,,,,
"Цеханович, Александр Николаевич",мужской,0,Вокруг миллиона,Around a Million,Роман А. Цехановича,1892,"Романы оригинальные и переводные. Бесплатное прил. к газ. ,,Луч“",0,,,,3 лицо,,,ADVB NOUN,2,0,,,,,
"Соловьев, Всеволод Сергеевич",мужской,0,Великий Розенкрейцер,The Great Rosicrucian,"Роман XVIII в., в 3 ч., с эпилогом Окончание ром. «Волхвы»",1892,Отд. изд.,1,Санкт-Петербург,"исторический роман, xviii в.","императрица, цари",3 лицо,исторический,исторический,ADJF NOUN,2,0,,,,,
"Мачтет, Григорий Александрович",мужской,0,На заре,At Dawn,Роман,1892,Русская мысль,0,,социально-психологический,революционеры,3 лицо,социально-психологический,социально-психологический,PREP NOUN,2,0,,,,,
"Гейнце, Николай Эдуардович",мужской,0,Женский яд,Woman's Poison,"роман-быль из московско-петербургской жизни, в 2-х частях, с прологом и эпилогом",1892,Отд. изд.,1,Санкт-Петербург,уголовно-бытовой,разночинцы,3 лицо,уголовный,криминальный,ADJF NOUN,2,0,,,,,
"Пономарев, Иван Николаевич",мужской,0,По кровавым следам,On Bloody Tracks,Уголовный роман,1892,Отд. изд.,1,Санкт-Петербург,уголовный,,,уголовный,криминальный,PREP ADJF NOUN,3,0,,,,,
"Желиховская, Вера Петровна",женский,0,На синеморских буграх,On the Blue-Sea Hills,Роман,1892,Нива,1,Санкт-Петербург,социально-психологический,"разночинцы, народности и этнические группы",3 лицо,социально-психологический,социально-психологический,PREP ADJF NOUN,3,0,,,,,
"Тютчев, Федор Федорович",мужской,0,Кто прав?,Who Is Right?,роман,1892,Отд. изд.,1,Санкт-Петербург,,,1 лицо,,,NPRO NOUN,2,0,социально-психологический,идеологический,нравоописательный,,
"Суворин, Алексей Сергеевич",мужской,0,В конце века. Любовь,At the End of the Century: Love,роман,1892,Новое время,0,,,,,,,PREP NOUN NOUN NOUN,4,0,,,,,
"Соколов, Александр Алексеевич",мужской,1,Скрытое преступление,A Hidden Crime,Роман,1892,Отд. изд.,1,Санкт-Петербург,уголовный,,,уголовный,криминальный,ADJF NOUN,2,0,,,,,
"Ясинский, Иероним Иеронимович",мужской,0,Петербургские туманы,The Fogs of Petersburg,роман,1892,Наблюдатель,0,,,,,,,ADJF NOUN,2,0,,,,,
"Льдов, Константин",мужской,1,Лицедеи,The Players,Роман,1892,Отд. изд.,1,Санкт-Петербург,социально-психологический,разночинцы,3 лицо,социально-психологический,социально-психологический,NOUN,1,0,,,,,
"Салиас, Евгений Андреевич",мужской,1,Новая Сандрильона,The New Cinderella,Роман (из современных французских нравов),1892,Русское обозрение,0,,любовный,"разночинцы, военные",3 лицо,любовный,любовный,ADJF NOUN,2,0,любовный,социально-психологический,,,
"Полевой, Петр Николаевич",мужской,0,Где Бог и правда?,Where Is God and Where Is Truth?,историческая повесть,1892,Отд. изд.,1,Санкт-Петербург,,,,,,ADVB NOUN CONJ PRCL,4,0,,,,,
"Басанин, Марк",женский,1,Клуб Козицкого дворянства,The Club of the Kozitsky Nobility,,1892,Исторический вестник,0,,антинигилистический роман,"разночинцы, студенты,",3 лицо,антинигилистический,социальный,NOUN ADJF NOUN,3,0,,,,,
"Крыжановская (Рочестер), Вера Ивановна",женский,0,Два сфинкса,Two Sphinxes,Роман В.И. Крыжановской,1892,Отд. изд.,1,Санкт-Петербург,исторический,древний Египет,3 лицо,исторический,исторический,NUMR NOUN,2,0,исторический,мистический,любовный,психологический,оккультный
"Салиас, Евгений Андреевич",мужской,1,Служитель Бога,The Servant of God,Исторический роман графа Е.А. Салиаса,1892,Нива,1,Санкт-Петербург,исторический,"духовенство, аристократия прошлого",3 лицо,исторический,исторический,NOUN NOUN,2,0,исторический,религиозный,философский,,
"Соколова, Александра Ивановна",женский,0,Спетая песня,A Song That Has Been Sung,Роман. Из записок старого следователя,1892,Отд. изд.,1,Москва,уголовный,,,уголовный,криминальный,PRTF NOUN,2,0,,,,,
"Боборыкин, Петр Дмитриевич",мужской,0,Василий Теркин,Vasily Tyorkin,роман в 3-х частях,1892,Вестник Европы,0,,соц.-психологический,молодая буржуазия,3 лицо,социально-психологический,социально-психологический,NOUN NOUN,2,0,,,,,
"Вашков, Иван Андреевич",мужской,0,Среди чужих,Among Strangers,Повесть для детей и юношества,1892,Московский листок,1,Москва,,,,,,PREP NOUN,2,0,,,,,
"Сафонов, Сергей Александрович",мужской,0,Немецкий прибой,The German Surf,Роман из современной русской жизни,1892,Отд. изд.,1,Санкт-Петербург,"фельетонный, социально-психологический","рабочие, народности и этнические группы",3 лицо,фельетонный,юмористический,ADJF NOUN,2,0,,,,,
"Полевой, Петр Николаевич",мужской,0,На рубеже поколений,On the Border of Generations,роман,1892,Московский листок,0,,исторический,,,исторический,исторический,PREP NOUN NOUN,3,0,,,,,
"Ракшанин, Николай Осипович",мужской,1,Золотой дождь,Golden Rain,Роман,1892,Петербургский листок,0,,детективно-психологический,,,детективный,криминальный,ADJF NOUN,2,0,,,,,
"Ракшанин, Николай Осипович",мужской,1,Чужой грех,Another's Sin,Роман,1892,Новости дня,1,Москва,детективный,,,детективный,криминальный,ADJF NOUN,2,0,,,,,
"Ракшанин, Николай Осипович",мужской,1,Страшное дело,A Terrible Affair,Роман,1892,Петербургский листок,1,Санкт-Петербург,детективный,,,детективный,криминальный,ADJF NOUN,2,0,,,,,
"Безобразов, Павел Владимирович",мужской,0,Дед и внук,Grandfather and Grandson,роман,1893,Труд. Вестник литературы и науки,1,Санкт-Петербург,семейная хроника,,3 лицо,семейный,семейный,NOUN CONJ NOUN,3,0,,,,,
"Гейнце, Николай Эдуардович",мужской,0,Аракчеев,Arakcheev,роман,1893,Отд. изд.,1,Санкт-Петербург,исторический,"аристократия прошлого, легендарные исторические фигуры,",3 лицо,исторический,исторический,NOUN,1,0,исторический,биографический,политический,психологический,
"Прохоров-Риваль, Владимир Алексеевич",мужской,1,Судьба,Fate,Роман В. Риваля,1893,Отд. изд.,1,Москва,социально-психологический,разночинцы,,социально-психологический,социально-психологический,NOUN,1,0,,,,,
"Стахеев, Дмитрий Иванович",мужской,0,Неугасающий свет,The Undying Light,Роман,1893,Русский вестник,0,,социально-психологический,купцы,,социально-психологический,социально-психологический,ADJF NOUN,2,0,,,,,
"Рыскин, Сергей Федорович",мужской,0,"Загадочный самозванец, или Похождения „Опоньского владыки""","The Enigmatic Pretender, or The Adventures of the Lord of Opon",Роман,1893,Русский листок,1,Москва,,,,,,ADJF NOUN CONJ NOUN ADJF NOUN,6,0,,,,,
"Рыскин, Сергей Федорович",мужской,0,Московские трущобы,The Slums of Moscow,Роман,1893,Русский листок,1,Москва,социально-психологический,"купцы, разночинцы",,социально-психологический,социально-психологический,ADJF NOUN,2,0,,,,,
"Аверкиев, Дмитрий Васильевич",мужской,0,Художник Беспалов и нотариус Полещиков,The Artist Bespalov and the Notary Poleshchikov,комический роман,1893,Русское обозрение,0,,"юмристический роман, художники, нотариусы","художники, рабочие, семейная пара",3 лицо,,,NOUN NOUN CONJ NOUN NOUN,5,0,,,,,
"Ясинский, Иероним Иеронимович",мужской,0,Лицемеры,The Hypocrites,роман,1893,Наблюдатель,0,,социально-психологический,дворяне,3 лицо,социально-психологический,социально-психологический,NOUN,1,0,,,,,
"Луговой, Алексей Алексеевич",мужской,1,Добей его! (Pollice verso),Finish Him Off! (Pollice Verso),Параллели,1893,Отд. изд.,1,Москва,"исторический, социально-психологический",разночинцы,3 лицо,исторический,исторический,VERB NPRO NUMR NUMR,4,0,исторический,социально-психологический,философский,,
"Тихонов, Владимир Алексеевич",мужской,0,Красота,Beauty,Повесть Вл. А. Тихонова,1893,Север,0,,,,3 лицо,,,NOUN,1,0,,,,,
"Ашешов, Николай Павлович",мужской,0,Бурное болото,The Stormy Swamp,Роман,1893,Самарская газета,0,,социально-психологический,революционеры,,социально-психологический,социально-психологический,ADJF NOUN,2,0,,,,,
"Станюкович, Константин Михайлович",мужской,0,Откровенные,The Candid Ones,Роман в двух частях,1893,Русская жизнь,0,,социальный роман,"19 век, чиновник, быт",3 лицо,социальный,социальный,ADJF,1,0,,,,,
"Карабчевский, Николай Платонович",мужской,0,Господин Арсков,Mister Arskov,Повесть,1893,Вестник Европы,0,,"социально-психологический, философский",разночинцы,3 лицо,социально-психологический,социально-психологический,NOUN NOUN,2,0,,,,,
"Зарин, Андрей Ефимович",мужской,0,Серые герои,Grey Heroes,Роман,1893,Отд. изд.,1,Санкт-Петербург,социально-психологический,"мещане, военные",3 лицо,социально-психологический,социально-психологический,ADJF NOUN,2,0,,,,,
"Цеханович, Александр Николаевич",мужской,0,В больнице,In the Hospital,Роман,1893,"Романы оригинальные и переводные. Бесплатное прил. к газ. ,,Луч“",0,,,,3 лицо,,,PREP NOUN,2,0,,,,,
"Ахшарумов, Николай Дмитриевич",мужской,0,К чему?,What For?,Роман,1893,Наблюдатель,0,,,,,,,PREP NPRO,2,0,,,,,
"Баранцевич, Казимир Станиславович",мужской,0,Семейный очаг,The Family Hearth,Роман,1893,Северный вестник,0,,семейная хроника,дворяне,3 лицо,семейный,семейный,ADJF NOUN,2,0,семейный,социально-психологический,бытовой,,
"Окрейц, Станислав Станиславович",мужской,0,Мыканье,Wanderings,na,1893,Отд. изд.,1,Санкт-Петербург,социально-психологический,,,социально-психологический,социально-психологический,NOUN,1,0,,,,,
"Полевой, Петр Николаевич",мужской,0,Под неотразимой десницей,Under the Irresistible Right Hand,Роман,1893,Исторический вестник,1,Санкт-Петербург,исторический,"аристократия прошлого, легендарные исторические фигуры",3 лицо,исторический,исторический,PREP ADJF NOUN,3,0,,,,,
"Крыжановская (Рочестер), Вера Ивановна",женский,0,Сим победиши!,By This Sign Conquer!,Роман,1893,Отд. изд.,1,Санкт-Петербург,исторический,легендарные исторические фигуры,,исторический,исторический,NOUN NOUN,2,0,,,,,
"Цеханович, Александр Николаевич",мужской,0,Петербургская Нана,The Petersburg Nana,Роман А. Цехановича,1893,Петербургская газета,1,Санкт-Петербург,,,3 лицо,,,ADJF NOUN,2,0,,,,,
"Полежаев, Петр Васильевич",мужской,0,Тузы и двойки,Aces and Deuces,Листки из столичной хроники 1780,1893,Отд. изд.,1,Санкт-Петербург,"исторический, авантюрист",,,исторический,исторический,NOUN CONJ NOUN,3,0,,,,,
"Полевой, Петр Николаевич",мужской,0,Маринка-безбожница,Marinka the Godless,Исторический роман XVII-го столетия,1893,Отд. изд.,1,Санкт-Петербург,исторический,,,исторический,исторический,NOUN,1,0,,,,,
"Шрекник, Евгений Федорович",мужской,0,Христофор Колумб,Christopher Columbus,Оригинальный исторический роман из эпохи открытия Америки,1893,Отд. изд.,1,Санкт-Петербург,исторический роман; открытие америки,исторический персонаж,,исторический,исторический,NOUN NOUN,2,0,,,,,
"Мамин-Сибиряк, Дмитрий Наркисович",мужской,1,Весенние грозы,Spring Storms,Роман,1893,Мир божий,0,,"роман воспитания, семейная хроника",чиновники,3 лицо,воспитания,воспитания,ADJF NOUN,2,0,роман воспитания,семейный,социально-психологический,,
"Засодимский, Павел Владимирович",мужской,0,Грех,Sin,роман,1893,Русское богатство,0,,психологический,,,психологический,психологический,NOUN,1,0,,,,,
"Бажин, Николай Федотович",мужской,0,Ночь,Night,роман,1893,Наблюдатель,0,,социально-психологический,,,социально-психологический,социально-психологический,NOUN,1,0,,,,,
"Цеханович, Александр Николаевич",мужской,0,Выходец из могилы,The One Who Rose from the Grave,"Роман А. Цехановича (Продолжение романа ""Русский Ракамболь"")",1893,"Романы оригинальные и переводные. Бесплатное прил. к газ. ,,Луч“",0,,,,3 лицо,,,NOUN PREP NOUN,3,0,,,,,
"Крыжановская (Рочестер), Вера Ивановна",женский,0,Торжище брака,The Marriage Marketplace,роман,1893,Отд. изд.,1,Санкт-Петербург,роман,исторический персонаж,3 лицо,,,NOUN NOUN,2,0,социально-психологический,нравоописательный,любовный,,
"Потапенко, Игнатий Николаевич",мужской,0,Звезда,The Star,Роман,1893,Нива,1,Санкт-Петербург,социально-психологический,дворяне,3 лицо,социально-психологический,социально-психологический,NOUN,1,0,,,,,
"Волконский, Михаил Николаевич",мужской,0,Воля судьбы,The Will of Fate,Исторический роман в 3 ч.,1893,Нива,1,Санкт-Петербург,"исторический, авантюрный","аристократия прошлого, легендарные исторические фигуры,",3 лицо,исторический,исторический,NOUN NOUN,2,0,,,,,
"Голохвастов, К.К.",мужской,0,Али-паша Скутарийский,Ali Pasha of Shkodra,Ист. повесть из времен восстания славян против тур. владычества,1893,Отд. изд.,1,Санкт-Петербург,исторический,"военные, легендарные исторические фигуры",,исторический,исторический,NOUN ADJF,2,0,,,,,
"Михеев, Василий Михайлович",мужской,0,Золотые россыпи,Gold Diggings,Роман в 2 ч.,1893,Артист,1,Москва,социально-психологический,рабочие,3 лицо,социально-психологический,социально-психологический,NOUN NOUN,2,0,,,,,
"Крыжановская (Рочестер), Вера Ивановна",женский,0,Месть еврея,The Jew's Revenge,Роман в 2 ч.,1893,Отд. изд.,1,Санкт-Петербург,любовный,дворяне,3 лицо,любовный,любовный,NOUN NOUN,2,0,любовный,социально-психологический,идеологический,,
"Шеллер-Михайлов, Александр Константинович",мужской,1,Зачумленные,The Plague-Stricken,Роман,1893,Живописное обозрение,0,,,,,,,NOUN,1,0,,,,,
"Шеллер-Михайлов, Александр Константинович",мужской,1,Совесть,Conscience,Роман,1893,Наблюдатель,0,,"философский, социально-психологический","духовенство, дворяне",3 лицо,философский,философский,NOUN,1,0,,,,,
"Лунский, Евгений",женский,1,Ошибки и искупление,Mistakes and Atonement,Роман,1893,Колосья,1,Санкт-Петербург,"любовный, социально-психологический",,,любовный,любовный,NOUN CONJ NOUN,3,0,,,,,
"Голохвастов, К.К.",мужской,0,Матрос 30-го Черноморского экипажа Петр Кошка и другие доблестные защитники Севастополя,Sailor Pyotr Koshka of the 30th Black Sea Crew and Other Valiant Defenders of Sevastopol,К. Голохвастова,1893,Отд. изд.,1,Санкт-Петербург,исторический,"военные, исторические фигуры",3 лицо,исторический,исторический,NOUN NUMR ADJF NOUN NOUN NOUN CONJ ADJF ADJF NOUN NOUN,11,0,исторический,военный,биографический,,
"Соловьев, Всеволод Сергеевич",мужской,0,Злые вихри,Evil Whirlwinds,роман в 2-х частях,1893,Русское обозрение,0,,"семейный, социально-психологический; разночинцы, музыкант",,3 лицо,семейный,семейный,ADJF NOUN,2,0,,,,,
"Леман, Анатолий Иванович",мужской,0,Старая скрипка,The Old Violin,Повесть из быта музыкально-инструментальных мастеров-артистов,1893,Отд. изд.,1,Санкт-Петербург,,,,,,ADJF NOUN,2,0,,,,,
"Соловьев, Всеволод Сергеевич",мужской,0,Жених царевны,The Tsarevna's Suitor,Роман-хроника XVII в. в 2 ч,1893,Отд. изд.,1,Санкт-Петербург,исторический,"аристократия прошлого, легендарные исторические фигуры",3 лицо,исторический,исторический,NOUN NOUN,2,0,исторический,любовный,авантюрный,политический,
"Шелонский, Николай Николаевич",мужской,0,За крест и родину,For the Cross and the Fatherland,Роман из эпохи борьбы за освобождение Греции: в 3 ч.,1893,Отд. изд.,1,Москва,исторический,,,исторический,исторический,PREP NOUN CONJ NOUN,4,0,,,,,
"Салиас, Евгений Андреевич",мужской,1,Крутоярская царевна,The Princess of Krutoyarsk,Историческая повесть,1893,Отд. изд.,1,Москва,исторический,"дворяне, военные",3 лицо,исторический,исторический,ADJF NOUN,2,0,исторический,любовный,авантюрный,,
"Головин (Орловский), Константин Федорович",мужской,1,Сильный человек,A Strong Man,Роман,1893,Нива,1,Санкт-Петербург,социально-психологический,дворяне,1 лицо,социально-психологический,социально-психологический,ADJF NOUN,2,0,,,,,
"Иогель/Йогель, Михаил Константинович",мужской,0,Мученики мира,Martyrs of the World,Роман из жизни ваших знакомых,1893,Отд. изд.,1,Москва,"социально-психологический, философский",,,социально-психологический,социально-психологический,NOUN NOUN,2,0,,,,,
"Иванов, Ил.",мужской,0,Медальон,The Medallion,Роман,1893,Новости дня,1,Москва,,,,,,NOUN,1,0,,,,,
"Соловьев, Всеволод Сергеевич",мужской,0,Царское посольство,The Tsar's Embassy,Исторический роман XVII века: в 3 ч.,1893,Отд. изд.,1,Санкт-Петербург,исторический,"исторические личности, поп",3 лицо,исторический,исторический,ADJF NOUN,2,0,исторический,политический,приключенческий,авантюрный,
"Терпигорев, Сергей Николаевич",мужской,0,По старому руслу,Along the Old Channel,Роман С.Н. Терпигорева,1894,Родина,0,,крестьяне,крестьяне,3 лицо,,,PREP NOUN NOUN,3,0,,,,,
"Ясинский, Иероним Иеронимович",мужской,0,Горный ручей,The Mountain Stream,роман,1894,Наблюдатель,0,,из жизни критиков и журналистов,"критики, журналисты",3 лицо,бытоописательный,описательный,ADJF NOUN,2,0,,,,,
"Павлов, Н.И.",мужской,0,Развязка,The Denouement,Роман,1894,Русский вестник,0,,,,1 лицо,,,NOUN,1,0,,,,,
"Рыскин, Сергей Федорович",мужской,0,Чурбановские миллионы,The Churbanov Millions,Уголовный роман,1894,Петербургский листок,0,,социально-психологический; старообрядцы,,3 лицо,социально-психологический,социально-психологический,ADJF NOUN,2,0,,,,,
"Салиас, Евгений Андреевич",мужской,1,Via facti,Via Facti,Исторический роман (1771-1773 гг.),1894,Исторический вестник,0,,"исторический, барская конфедерация, польша",,3 лицо,исторический,исторический,NUMR NUMR,2,0,,,,,
"Соколов, Александр Алексеевич",мужской,1,Отец Алексей из Заозерья,Father Aleksei from Beyond the Lake,Роман в 3 ч. Александра Соколова,1894,Отд. изд.,1,Санкт-Петербург,сельский священник,сельский священник,,,,NOUN NOUN PREP NOUN,4,0,,,,,
"Пономарев, Иван Николаевич",мужской,0,Защитник угнетенных,The Defender of the Oppressed,Роман в двух частях,1894,Отд. изд.,1,Санкт-Петербург,уголовный,,3 лицо,уголовный,криминальный,NOUN PRTF,2,0,,,,,
"Рыскин, Сергей Федорович",мужской,0,Молодость Петра Великого,The Youth of Peter the Great,Исторический роман,1894,Русский листок,0,,исторический,,3 лицо,исторический,исторический,NOUN NOUN NOUN,3,0,,,,,
"Романов, Вадим Владимирович",мужской,0,Из недалекого прошлого,From the Recent Past,Роман в трех частях,1894,Русский вестник,0,,"беллетристика, дочь купца-татрина, дворяне","дочь купца-татрина, дворяне",3 лицо,,,PREP ADJF NOUN,3,0,,,,,
"Рыскин, Сергей Федорович",мужской,0,"Раскольничьи ""мощи""",Schismatic 'Relics',Тайны лже-архиерейского подворья,1894,Петербургский листок,0,,социально-психологический,старообрядцы,3 лицо,социально-психологический,социально-психологический,ADJF NOUN,2,0,,,,,
"Стахеев, Дмитрий Иванович",мужской,0,Горы золота,Mountains of Gold,Роман,1894,Русский вестник,0,,роман,"историческая личность, биография",3 лицо,,,NOUN NOUN,2,0,,,,,
"Цеханович, Александр Николаевич",мужской,0,Страшное дело,A Terrible Affair,Роман,1894,Петербургский листок,0,,,,3 лицо,,,ADJF NOUN,2,0,детективный,социально-психологический,уголовный,,
"Немирович-Данченко, Василий Иванович",мужской,0,Мгла,The Haze,Роман,1894,Артист,1,Москва,"социально-психологический, дворяне","усадьба, Москва, дворяне",3 лицо,социально-психологический,социально-психологический,NOUN,1,0,,,,,
"Соколов, Александр Алексеевич",мужской,1,Привязанный к боярышне,Devoted to the Boyar's Daughter,роман в 2 частях,1894,Отд. изд.,1,Санкт-Петербург,исторический,,,исторический,исторический,PRTF PREP NOUN,3,0,,,,,
"Мамин-Сибиряк, Дмитрий Наркисович",мужской,1,Без названия,Untitled,Роман,1894,Мир божий,0,,"утопический, интеллигенция",интеллигенция,3 лицо,утопический,утопический,PREP NOUN,2,0,утопический,идеологический,философский,,
"Красницкий, Александр Иванович",мужской,0,Петербургские бандиты,The Petersburg Bandits,Роман А. Лаврова,1894,Родина,0,,,,3 лицо,,,ADJF NOUN,2,0,,,,,
"Крыжановская (Рочестер), Вера Ивановна",женский,0,Рекенштейны,The Reckensteins,Роман,1894,Отд. изд.,1,Санкт-Петербург,социальный роман,"быт, общество",3 лицо,социальный,социальный,NOUN,1,0,социально-психологический,семейный,нравоописательный,,
"Летнев, П.",женский,1,На смену прошлого,In Place of the Past,,1894,Отд. изд.,0,,"социальный, буржуазия",,,социальный,социальный,PREP NOUN NOUN,3,0,,,,,
"Льдов, Константин",мужской,1,Саранча,Locusts,Роман,1894,Отд. изд.,1,Санкт-Петербург,роман о литературной среде,"петербург, общество, творчество, литературная среда",3 лицо,,,NOUN,1,0,,,,,
"Каменская, Мария Федоровна",женский,0,Бабушкин внук,Grandmother's Grandson,Роман в 3-х частях М. Ф. Каменской,1894,Нива,0,,,,3 лицо,,,NOUN NOUN,2,0,,,,,
"Дубровина, Екатерина Оскаровна",женский,0,Бескровная месть,Bloodless Vengeance,Исторический роман,1894,Отд. изд.,1,Санкт-Петербург,исторический роман,,,исторический,исторический,ADJF NOUN,2,0,,,,,
"Дан, Фёдор Ильич",мужской,0,Юлиан Отступник,Julian the Apostate,Исторический роман,1894,Наблюдатель,0,,исторический,,3 лицо,исторический,исторический,NOUN NOUN,2,0,,,,,
"Летнев, П.",женский,1,Без воли,Without Will,повесть,1894,Книжки Недели,0,,исторический,,,исторический,исторический,PREP NOUN,2,0,,,,,
"Гринев, Сергей Апполонович",мужской,0,Повстанцы,The Insurgents,Роман из времени польского восстания 1863 г.,1894,Отд. изд.,1,Киев,исторический роман; польское восстание 1863 г.,,,исторический,исторический,NOUN,1,0,,,,,
"Гейнце, Николай Эдуардович",мужской,0,Тайна высокого дома,The Secret of the Tall House,Роман из сибирской жизни в 2 частях,1894,Отд. изд.,1,Санкт-Петербург,"детективный, социально-психологический","криминальный мир, купцы/промышленники",3 лицо,детективный,криминальный,NOUN ADJF NOUN,3,0,детективный,социально-психологический,авантюрный,,
"Боборыкин, Петр Дмитриевич",мужской,0,Перевал,The Mountain Pass,роман,1894,Вестник Европы,1,Санкт-Петербург,соц.-психологический,,,социально-психологический,социально-психологический,NOUN,1,0,,,,,
"Гнедич, Петр Петрович",мужской,0,Китайские тени,Chinese Shadows,Роман,1894,Русский вестник,1,Санкт-Петербург,исторический роман,"история, пароход, дворяне",3 лицо,исторический,исторический,ADJF VERB,2,0,,,,,
"Бефани, Василий Павлович",мужской,0,Жертвы страсти,Victims of Passion,Роман из столичной жизни,1894,Петербургский листок,0,,любовный,,,любовный,любовный,NOUN NOUN,2,0,,,,,
"Бефани, Василий Павлович",мужской,0,Аракчеевец,Arakcheev's Man,роман,1894,Петербургский листок,0,,"исторический, любовный",,,исторический,исторический,NOUN,1,0,,,,,
"Буренин, Виктор Павлович",мужской,0,"Пипа и Пуся, или Горе от любви","Pipa and Pusya, or Woe from Love",роман,1894,Отд. изд.,1,Санкт-Петербург,"памфлет, сатира",,3 лицо,сатирический,юмористический,NOUN CONJ VERB CONJ ADVB PREP NOUN,7,0,,,,,
"Арсеньев, Александр Васильевич",мужской,0,Жестокое испытание,A Cruel Trial,роман,1894,Родина,0,,исторический роман,,,исторический,исторический,ADJF NOUN,2,0,,,,,
"Крыжановская (Рочестер), Вера Ивановна",женский,0,Царица Хатасу,Queen Hatshepsut,Роман,1894,Отд. изд.,1,Санкт-Петербург,"исторический, древний египет",царицы,3 лицо,исторический,исторический,NOUN NOUN,2,0,исторический,экзотический,авантюрный,философский,
"Басанин, Марк",женский,1,Ильинское наследство. Сибирский гость,The Ilyin Inheritance: The Guest from Siberia,роман,1894,Отд. изд.,1,Санкт-Петербург,антинигилистический роман,,,антинигилистический,социальный,ADJF NOUN ADJF NOUN,4,0,,,,,
"Мамин-Сибиряк, Дмитрий Наркисович",мужской,1,Черты из жизни Пепко,Features from the Life of Pepko,Роман,1894,Русское богатство,0,,автобиографический,"Петербург, чахонка",1 лицо,автобиографический,биографический,NOUN PREP NOUN ADVB,4,0,социально-психологический,роман воспитания,,,
"Бажин, Николай Федотович",мужской,0,Жизнь сызнова,Life Anew,роман,1894,Наблюдатель,0,,"социальный роман, интеллигенция",интеллигенция,,социальный,социальный,NOUN ADVB,2,0,,,,,
"Крыжановская (Рочестер), Вера Ивановна",женский,0,Геркуланум,Herculaneum,Роман римской эпохи,1894,Отд. изд.,1,Санкт-Петербург,"исторический, любовный, древний рим",,,исторический,исторический,NOUN,1,0,,,,,
"Мердер, Надежда Ивановна",женский,1,Танькина карьера,Tanka's Career,Роман из быта петербургской прислуги,1894,Русское обозрение,0,,"социально-психологический, дворяне","крестьянка, прислуга, проститутув",3 лицо,социально-психологический,социально-психологический,ADJF NOUN,2,0,,,,,
"Головин (Орловский), Константин Федорович",мужской,1,На весах,On the Scales,Роман,1894,Русский вестник,1,Санкт-Петербург,,,3 лицо,,,PREP NOUN,2,0,,,,,
"Головин (Орловский), Константин Федорович",мужской,1,Погром,The Pogrom,Роман,1894,Русское обозрение,1,Санкт-Петербург,,,3 лицо,,,NOUN,1,0,,,,,
"Безобразов, Павел Владимирович",мужской,0,Жених двух невест,The Groom of Two Brides,роман,1894,Отд. изд.,1,Москва,роман,философский,3 лицо,,,NOUN NUMR NOUN,3,0,,,,,
"Голохвастов, К.К.",мужской,0,Шамиль,Shamil,Повесть из времен покорения Кавказа,1894,Отд. изд.,1,Санкт-Петербург,"исторический, казаки","история, война, Кавказ",1 лицо,исторический,исторический,NOUN,1,0,,,,,
"Нагродская, Евдокия Аполлоновна",женский,0,Дочь дьявола,The Devil's Daughter,na,1894,"Сын отечества, еженед. прил.",0,,"мистический, аристократы",,,мистический,фантастический,NOUN NOUN,2,0,,,,,
"Летнев, П.",женский,1,В наше смутное время,In Our Troubled Times,Роман в 3 ч.,1895,Отд. изд.,1,Киев,"социальный, буржуазия",,,социальный,социальный,PREP ADJF ADJF NOUN,4,0,,,,,
"Писемский, Алексей Феофилактович",мужской,0,Люди сороковых годов,The Men of the Forties,Роман в пяти частях,1895,Отд. изд. (СС),0,,исторический роман,дворяне,3 лицо,исторический,исторический,NOUN ADJF NOUN,3,0,,,,,
"Апраксин, Александр Дмитриевич",мужской,0,Больное место,A Sore Spot,Роман А.Д. Апраксина,1895,Отд. изд.,1,Москва,обнищание крестьянства,"Петербург, дворяне, крестьяне",3 лицо,социальный,социальный,ADJF NOUN,2,0,,,,,
"Гейнце, Николай Эдуардович",мужской,0,Коронованный рыцарь (Тайны Таврического сада),The Crowned Knight (Secrets of the Tauride Garden),Историч. роман из времен царствования имп. Павла I : В 3 ч.,1895,Отд. изд.,1,Санкт-Петербург,исторический,"аристократы, легендарные исторические фигуры",3 лицо,исторический,исторический,PRTF NOUN NOUN ADJF NOUN,5,0,исторический,авантюрный,политический,психологический,
"Севастьянов, Александр Николаевич",мужской,0,Любовь и деньги,Love and Money,Роман А. Н. Севастьянова,1895,Романы оригинальные и переводные,0,,криминальный,,3 лицо,криминальный,криминальный,NOUN CONJ NOUN,3,0,,,,,
"Гейнце, Николай Эдуардович",мужской,0,Новгородская вольница,The Free Men of Novgorod,Исторический роман из времен Иоанна III. В 2 частях,1895,Отд. изд.,1,Санкт-Петербург,исторический,аристократия прошлого,3 лицо,исторический,исторический,ADJF NOUN,2,0,исторический,авантюрный,политический,,
"Гейнце, Николай Эдуардович",мужской,0,Князь Тавриды,The Prince of Taurida,Исторический роман в трех частях,1895,Отд. изд.,1,Санкт-Петербург,исторический,аристократы,3 лицо,исторический,исторический,NOUN NOUN,2,0,,,,,
"Амфитеатров, Александр Валентинович",мужской,0,Жар-цвет,The Fern-Flower,Фантастический роман,1895,Север,1,Берлин,фантастический роман,"дворянин, покойница",1 лицо,фантастический,фантастический,NOUN,1,0,оккультный,мистический,психологический,любовный,фантастический
"Соколов, Александр Алексеевич",мужской,1,В недрах раскола,In the Depths of the Schism,роман в 2 частях,1895,Отд. изд.,1,Санкт-Петербург,раскольники,раскольники,,социальный,социальный,PREP NOUN NOUN,3,0,,,,,
"Литвин, Савелий Константинович",мужской,1,В лесах и подпольях,In the Forests and Underground,Исторический роман,1895,Отд. изд.,1,Санкт-Петербург,исторический роман,"дворяне, военные, евреи",3 лицо,исторический,исторический,PREP NOUN CONJ NOUN,4,0,,,,,
"Луговой, Алексей Алексеевич",мужской,1,Тенета,The Snare,Роман,1895,Артист; Северный курьер; Отд. изд.,0,,социально-психологический,дворяне,,социально-психологический,социально-психологический,NOUN,1,0,,,,,
"Гуревич, Любовь Яковлевна",женский,0,Плоскогорье,The Plateau,роман,1895,Северный Вестник,0,,социально-психологический,Интелигенция,3 лицо,социально-психологический,социально-психологический,NOUN,1,0,,,,,
"Фирсов, В.Н.",мужской,0,Две сестры,Two Sisters,Роман,1895,Русский вестник,0,,,,1 лицо,,,NUMR NOUN,2,0,,,,,
"Пазухин, Алексей Михайлович",мужской,0,Купленная невеста,The Bought Bride,Повесть,1895,Отд. изд.,1,Москва,"политический, любовный","дворяне, крестьяне",3 лицо,политический,социальный,PRTF NOUN,2,0,,,,,
"Соловьев, Всеволод Сергеевич",мужской,0,Цветы бездны,Flowers of the Abyss,Роман,1895,Русский вестник,0,,социально-психологический,дворяне разночинцы,3 лицо,социально-психологический,социально-психологический,NOUN NOUN,2,0,,,,,
"Мережковский, Дмитрий Сергеевич",мужской,0,Смерть богов. (Юлиан Отступник),The Death of the Gods (Julian the Apostate),Исторический роман в 2 частях,1895,Северный вестник,0,,"трилогия ""христос и антихрист"". исторический, религиозно-философский роман",легендарные исторические фигуры,3 лицо,философский,философский,NOUN NOUN NOUN NOUN,4,1,исторический,философский,религиозный,символистский,
"Голицын (Муравлин), Дмитрий Петрович",мужской,0,Поэзия,Poetry,,1895,Отд. изд.,1,Санкт-Петербург,социально-психологический,дворяне,3 лицо,социально-психологический,социально-психологический,NOUN,1,0,,,,,
"Мамин-Сибиряк, Дмитрий Наркисович",мужской,1,Хлеб,Bread,Роман,1895,Русская мысль,0,,социально-психологический,крестьяне,3 лицо,социально-психологический,социально-психологический,NOUN,1,0,,,,,
"Сологуб, Федор Кузьмич",мужской,1,Тяжелые сны,Bad Dreams,Роман,1895,Северный вестник,0,,"социально-психологический, декадентский;","разночинцы (учителя), дворяне",3 лицо,социально-психологический,социально-психологический,ADJF NOUN,2,1,,,,,
"Станюкович, Константин Михайлович",мужской,0,История одной жизни,The Story of a Life,Роман,1895,Мир Божий,0,,"роман о пролетариате, рабочих","господин, дворяне, Петербург, пролетариат, рабочие",3 лицо,социальный,социальный,NOUN ADJF NOUN,3,0,,,,,
"Животов, Николай Николаевич",мужской,0,Тайны двух клубов,The Mysteries of Two Clubs,Роман в 2-х частях с эпилогом,1895,Отд. изд.,1,Санкт-Петербург,детективный,,,детективный,криминальный,NOUN NUMR NOUN,3,0,,,,,
"Шеллер-Михайлов, Александр Константинович",мужской,1,Тернистый путь,A Thorny Path,Роман Михайлова (А. К. Шеллера),1895,Живописное обозрение,0,,,,3 лицо,,,ADJF NOUN,2,0,,,,,
"Старицкий, Михаил Петрович",мужской,0,Перед бурей,Before the Storm,Исторический роман из времен Хмельниччины,1895,Московский листок,0,,,,3 лицо,,,PREP VERB,2,0,исторический,политический,этнографический,,
"Светлов, Валериан Яковлевич",мужской,1,Золоченая богема,Gilded Bohemia,Роман из петербургской жизни,1895,Отд. изд.,1,Санкт-Петербург,социальный роман,"быт, общество",3 лицо,социальный,социальный,ADJF NOUN,2,0,,,,,
"Раменский, Н.",мужской,1,Братья-изгои,The Outcast Brothers,роман в 3 частях,1895,Отд. изд.,1,Москва,"соц.-психологический, воспитатель-гимназист","гимназия, быт, общество",3 лицо,социально-психологический,социально-психологический,NOUN,1,0,,,,,
"Басанин, Марк",женский,1,Конец «Голубятни»,The End of the 'Dovecote',,1895,Исторический вестник,0,,антинигилистический роман,"рабочие, разночинцы",3 лицо,антинигилистический,социальный,NOUN NOUN,2,0,,,,,
"Тхоржевский, Корнелий Владиславович",мужской,0,В боевых трудах и на покое,In Battle Labours and at Rest,,1895,Разведчик,0,,,,3 лицо,,,PREP NOUN NOUN CONJ PREP NOUN,6,0,,,,,
"Бажин, Николай Федотович",мужской,0,Злое дело,An Evil Deed,роман,1895,Наблюдатель,0,,"социальный роман, интеллигенция",интеллигенция,3 лицо,социальный,социальный,ADJF NOUN,2,0,,,,,
"Красницкий, Александр Иванович",мужской,0,В тумане тысячелетия,In the Fog of the Millennium,Исторический роман из эпохи образования русского государства,1895,"Ежемесячное приложение к ""Родине""",1,Санкт-Петербург,исторический роман,,3 лицо,исторический,исторический,PREP NOUN NOUN,3,0,исторический,,,,
"Волконский, Михаил Николаевич",мужской,0,Брат герцога,The Duke's Brother,Исторический роман графа М.Н. Волконского,1895,Нива,1,Санкт-Петербург,"историко-авантюрный роман, неофициальная история",,3 лицо,исторический,исторический,NOUN NOUN,2,0,,,,,
"Ромер, Федор Эмильевич",мужской,0,Нерешенные задачи,Unsolved Problems,Роман в 4-х частях,1895,Новое слово,0,,соц.-психологический,"молодые, атеистично настроенные революционеры",3 лицо,социально-психологический,социально-психологический,ADJF NOUN,2,0,,,,,
"Рыскин, Сергей Федорович",мужской,0,Греховодники,The Sinners,Тайны лжепоповщины,1895,Петербургский листок,0,,социально-психологический; старообрядцы,,3 лицо,социально-психологический,социально-психологический,NOUN,1,0,,,,,
"Боборыкин, Петр Дмитриевич",мужской,0,Ходок,The Petitioner,Роман в 3 частях,1895,Вестник Европы,0,,соц.-психологический,дворяне,3 лицо,социально-психологический,социально-психологический,NOUN,1,0,,,,,
"Марков, Владислав Львович",мужской,0,Мечты и жизнь,Dreams and Life,Роман,1895,Русское обозрение,0,,,,3 лицо,,,NOUN CONJ NOUN,3,0,,,,,
"Морозов, Михаил Абрамович",мужской,0,В потемках,In the Dark,роман,1895,Отд. изд.,1,Санкт-Петербург,"социально-психологический, автобиография, купечество",,,социально-психологический,социально-психологический,PREP NOUN,2,0,,,,,
"Немирович-Данченко, Василий Иванович",мужской,0,Горные орлы,Mountain Eagles,Исторический роман из времен Кавказской войны,1895,Отд. изд.,1,Санкт-Петербург,"исторический, лезгины, военные",,3 лицо,исторический,исторический,ADJF NOUN,2,0,,,,,
"Немирович-Данченко, Василий Иванович",мужской,0,Забытая крепость,The Forgotten Fortress,Исторический роман из времен Кавказской войны,1895,Отд. изд.,1,Санкт-Петербург,"исторический, военные","история, Александр Македонский",3 лицо,исторический,исторический,ADJF NOUN,2,0,,,,,
"Гейнце, Николай Эдуардович",мужской,0,По трупам,Over Dead Bodies,Соврем. уголов. роман : В 2 частях,1895,Отд. изд.,1,Санкт-Петербург,уголовно-бытовой,,,уголовный,криминальный,PREP NOUN,2,0,,,,,
"Круглов, Александр Васильевич",мужской,0,Немудреное счастье,Simple Happiness,Роман в 2 ч,1895,Отд. изд.,1,Санкт-Петербург,социально-психологический,"мещане, мелкие чиновники",,социально-психологический,социально-психологический,ADJF NOUN,2,0,,,,,
"Немирович-Данченко, Василий Иванович",мужской,0,Старый дом (Мертвая ткань),The Old House (Dead Tissue),,1895,Отд. изд.,1,Москва,социально-психологический,дворяне,3 лицо,социально-психологический,социально-психологический,ADJF NOUN ADJF NOUN,4,0,,,,,
"Мордовцев, Даниил Лукич",мужской,0,Богиня Изида-сваха,The Goddess Isis the Matchmaker,,1895,Отд. изд.,1,Санкт-Петербург,"исторический, богиня",история,3 лицо,исторический,исторический,NOUN NOUN,2,0,,,,,
"Цеханович, Александр Николаевич",мужской,0,В дебрях таинственного,In the Depths of the Mysterious,Роман А. Цехановича,1895,Петербургская газета,0,,,,3 лицо,,,PREP NOUN ADJF,3,0,,,,,
"Цеханович, Александр Николаевич",мужской,0,Темный Петербург,Dark Petersburg,Роман,1895,"Романы оригинальные и переводные. Бесплатное прил. к газ. ,,Луч“",0,,,,,,,ADJF NOUN,2,0,,,,,
"Зарин, Андрей Ефимович",мужской,0,Под корень,To the Root,Роман,1895,Отд. изд.,1,Санкт-Петербург,культурно-исторические,"мещане,рабочие",3 лицо,исторический,исторический,PREP NOUN,2,0,,,,,
"Цеханович, Александр Николаевич",мужской,0,Кровавый туз,The Bloody Ace,Роман А. Цехановича,1895,Петербургская газета,0,,,,3 лицо,,,ADJF NOUN,2,0,,,,,
"Красницкий, Александр Иванович",мужской,0,Матсмайские пленники,The Captives of Matsmai,Исторический роман,1896,Отд. изд.,1,Москва,исторический роман,,3 лицо,исторический,исторический,ADJF NOUN,2,0,,,,,
"Бажин, Николай Федотович",мужской,0,Трус,The Coward,Роман Н. Ф. Бажина,1896,Наблюдатель,0,,социальный роман,интеллигенция,3 лицо,социальный,социальный,NOUN,1,0,,,,,
"Баранцевич, Казимир Станиславович",мужской,0,Борцы,The Fighters,Роман,1896,Русское богатство,0,,бытописательный роман,военные,3 лицо,бытоописательный,описательный,NOUN,1,0,,,,,
"Животов, Николай Николаевич",мужской,0,Цыган Яшка,Yashka the Gypsy,роман в 3 частях,1896,Отд. изд.,1,Санкт-Петербург,детективный,"купцы, цыгане",,детективный,криминальный,NOUN NOUN,2,0,,,,,
"Мамин-Сибиряк, Дмитрий Наркисович",мужской,1,По новому пути,On a New Path,Роман Д. Мамина-Сибиряка,1896,Мир божий,0,,социально-психологический,курсистка,3 лицо,социально-психологический,социально-психологический,PREP ADJF NOUN,3,0,,,,,
"Крыжановская (Рочестер), Вера Ивановна",женский,0,Варфоломеевская ночь,St Bartholomew's Night,Роман в 3 ч.,1896,Отд. изд.,1,Санкт-Петербург,"исторический, средневековье",,,исторический,исторический,ADJF NOUN,2,0,,,,,
"Светлов, Валериан Яковлевич",мужской,1,Семья или сцена?,Family or the Stage?,Роман,1896,Отд. изд.,1,Санкт-Петербург,,актеры,,,,NOUN CONJ NOUN,3,0,,,,,
"Шаховская, Людмила Дмитриевна",женский,0,Кесарь Адриан,Emperor Hadrian,Исторический роман,1896,Отд. изд.,1,Москва,исторический,,,исторический,исторический,NOUN NOUN,2,0,,,,,
"Краснов, Петр Николаевич",мужской,0,Атаман Платов,Ataman Platov,Новый исторический роман в двух частях из времен отечественной войны. П. Н. Краснова,1896,Домашняя библиотека,0,,"историческая повесть, военная повесть, война 1812","дворяне, военные",3 лицо,исторический,исторический,NOUN NOUN,2,0,,,,,
"Светлов, Валериан Яковлевич",мужской,1,Призраки минувшего,Phantoms of the Past,Роман,1896,Отд. изд.,1,Санкт-Петербург,,,,,,NOUN ADJF,2,0,,,,,
"Баранцевич, Казимир Станиславович",мужской,0,"Вавилонская башня. История возникновения, существования и падения одного фантастического общества","The Tower of Babel: The History of the Rise, Existence, and Fall of a Fantastic Society",Юмористический роман в 2-х частях,1896,Отд. изд.,1,Москва,юмористический роман,"дворяне, разночинцы, крестьяне",3 лицо,юмористический,юмористический,ADJF NOUN NOUN NOUN NOUN CONJ NOUN ADJF ADJF NOUN,10,0,,,,,
"Пазухин, Алексей Михайлович",мужской,0,Московский коршуны,The Moscow Kites,Роман,1896,Отд. изд.,1,Москва,социально-психологический,аристократы,3 лицо,социально-психологический,социально-психологический,ADJF NOUN,2,0,,,,,
"Пазухин, Алексей Михайлович",мужской,0,На обрывах Поволжья,On the Cliffs of the Volga Region,Роман А. Пазухина,1896,Отд. изд.,1,Москва,уголовный роман,,,уголовный,криминальный,PREP NOUN NOUN,3,0,,,,,
"Потапенко, Игнатий Николаевич",мужской,0,Не герой,No Hero,Роман в двух частях,1896,Отд. изд.,1,Москва,социально-психологический,разночинцы,3 лицо,социально-психологический,социально-психологический,PRCL NOUN,2,0,,,,,
"Кондратьев, Иван Кузьмич",мужской,0,Бич Божий,The Scourge of God,Исторический роман из жизни славян IV-го и V-го столетий,1896,Отд. изд.,1,Москва,"приключенческий, ист.",гунны,3 лицо,приключенческий,приключенческий,NOUN ADJF,2,0,исторический,приключенческий,авантюрный,,
"Аничкова, Идалия Мечиславовна",женский,0,Рингильда,Ringhilda,Исторический роман тринадцатого столетия,1896,Отд. изд.,1,Санкт-Петербург,"исторический, любовный","духовенство/священники, дворяне",3 лицо,исторический,исторический,NOUN,1,0,исторический,любовный,авантюрный,,
"Череванский, Владимир Павлович",мужской,0,Любовь под боевым огнем,Love under Fire,Историческая хроника,1896,Отд. изд.,1,Санкт-Петербург,,,,,,NOUN PREP NOUN NOUN,4,0,,,,,
"Боборыкин, Петр Дмитриевич",мужской,0,Княгиня,The Princess,Роман в 2 частях,1896,Вестник Европы,0,,соц.-психологический,дворяне,3 лицо,социально-психологический,социально-психологический,NOUN,1,0,,,,,
"Красницкий, Александр Иванович",мужской,0,Столичные тайны,Secrets of the Capital,na,1896,Отд. изд.,1,Санкт-Петербург,уголовный роман,,,уголовный,криминальный,ADJF NOUN,2,0,,,,,
"Ельцова, К.",женский,1,В чужом гнезде,In Another's Nest,Роман,1896,Новое слово,0,,социально-психологический,дворяне,3 лицо,социально-психологический,социально-психологический,PREP NOUN NOUN,3,0,,,,,
"Зарин, Андрей Ефимович",мужской,0,Ложный след,A False Trail,Роман,1896,Отд. изд.,1,Санкт-Петербург,детективный,мещане,3 лицо,детективный,криминальный,ADJF NOUN,2,0,,,,,
"Крушеван, Павел Александрович",мужской,1,Дело Артабанова,The Artabanov Affair,,1896,Отд. изд.,1,Москва,криминально-психологический,аристократы,,криминальный,криминальный,NOUN ADJS,2,0,,,,,
"Хрущев-Сокольников, Гавриил Александрович",мужской,0,Москва без маски,Moscow Unmasked,Роман Г.А. Хрущова-Сокольникова.,1896,Отд. изд.,1,Санкт-Петербург,,дворяне,3 лицо,,,NOUN PREP NOUN,3,0,,,,,
"Животов, Николай Николаевич",мужской,0,Макарка-Душегуб,Makarka the Murderer,Роман из петербургской жизни,1896,Отд. изд.,1,Санкт-Петербург,детективный,разночинцы,3 лицо,детективный,криминальный,NOUN,1,0,детективный,уголовный,авантюрный,,
"Животов, Николай Николаевич",мужской,0,Леший барин,The Wood-Goblin Squire,роман в 2 частях,1896,Отд. изд.,1,Санкт-Петербург,детективный,,,детективный,криминальный,NOUN NOUN,2,0,,,,,
"Потапенко, Игнатий Николаевич",мужской,0,Один,Alone,Роман,1896,Отд. изд.,1,Москва,социально-психологический,"дворяне, крестьяне, разночинцы",3 лицо,социально-психологический,социально-психологический,ADJF,1,0,,,,,
"Кондратьев, Иван Кузьмич",мужской,0,Раскольничьи гнезда,Schismatic Nests,Исторический роман-хроника,1896,Отд. изд.,1,Москва,"приключенческий, ист., детективный,","военные, раскольники, аристократия прошлого",3 лицо,приключенческий,приключенческий,ADJF NOUN,2,0,,,,,
"Светлов, Валериан Яковлевич",мужской,1,Белые цветы,White Flowers,Оригинальный роман из времен французской революции,1896,Отд. изд.,1,Москва,,,,,,NOUN NOUN,2,0,,,,,
"Рышков, Виктор Александрович",мужской,0,В паутине,In the Web,Землевладельч. эпопея,1896,Отд. изд.,1,Москва,,,,,,PREP NOUN,2,0,,,,,
"Старицкий, Михаил Петрович",мужской,0,Буря,The Storm,Исторический роман из времен Хмельниччины,1896,Московский листок,0,,,,3 лицо,,,NOUN,1,0,исторический,политический,этнографический,,
"Алексеев, Николай Николаевич",мужской,0,Татарский отпрыск,The Tatar Scion,Исторический роман в четырех частях,1896,Отд. изд.,1,Санкт-Петербург,исторический роман,аристократия прошлого,3 лицо,исторический,исторический,ADJF NOUN,2,0,,,,,
"Мордовцев, Даниил Лукич",мужской,0,Железом и кровью,By Iron and Blood,Роман из истории завоевания Кавказа при Еромолове,1896,Отд. изд.,1,Санкт-Петербург,"исторический, военные","военные, народности и этнические группы",3 лицо,исторический,исторический,NOUN CONJ NOUN,3,0,,,,,
"Стахеев, Дмитрий Иванович",мужской,0,Духа не угашайте,Quench Not the Spirit,Роман,1896,Русский вестник,0,,,купечество,3 лицо,,,NOUN PRCL VERB,3,0,,,,,
"Немирович-Данченко, Василий Иванович",мужской,0,Драма за сценой,A Drama behind the Scenes,Повесть,1896,Русская мысль,0,,социально-психологический,актеры,3 лицо,социально-психологический,социально-психологический,NOUN PREP NOUN,3,0,,,,,
"Ясинский, Иероним Иеронимович",мужской,0,Юрьева могила,Yuriev's Grave,роман,1896,Свет,0,,,,,,,NOUN NOUN,2,0,,,,,
"Мордовцев, Даниил Лукич",мужской,0,Свету больше!,More Light!,исторический роман,1896,Отд. изд.,1,Санкт-Петербург,исторический,"бояре, царская семья",3 лицо,исторический,исторический,NOUN COMP,2,0,,,,,
"Александров, Виктор",мужской,0,Без исхода,Without a Way Out,Роман в 2 частях,1896,Отд. изд.,1,Санкт-Петербург,детективный,,,детективный,криминальный,PREP NOUN,2,0,,,,,
"Волконский, Михаил Николаевич",мужской,0,Кольцо императрицы,The Empress's Ring,Исторический роман эпохи XVIII столетия,1896,Нива,0,,"историко-авантюрный роман, неофициальная история",аристократия прошлого,3 лицо,исторический,исторический,NOUN NOUN,2,0,,,,,
"Гейнце, Николай Эдуардович",мужской,0,Герой конца века,A Hero of the End of the Century,Роман-хроника в трех частях,1896,Отд. изд.,1,Санкт-Петербург,"любовный, исторический, уголовно-бытовой",аристократы,3 лицо,любовный,любовный,NOUN NOUN NOUN,3,0,,,,,
"Гейнце, Николай Эдуардович",мужской,0,Под гнетом страсти,Under the Weight of Passion,Роман в 3-х ч,1896,Отд. изд.,1,Санкт-Петербург,"любовный, уголовно-бытовой","криминальный мир, дворяне, разночинцы",1 лицо,любовный,любовный,PREP NOUN NOUN,3,0,любовный,уголовный,авантюрный,нравоописательный,светский
"Гейнце, Николай Эдуардович",мужской,0,Генералиссимус Суворов,Generalissimus Suvorov,Исторический роман XVIII столетия : В 3-х частях,1896,Отд. изд.,1,Санкт-Петербург,исторический,"аристократы,военные",3 лицо,исторический,исторический,NOUN NOUN,2,0,исторический,биографический,военный,,
"Ясинский, Иероним Иеронимович",мужской,0,Нечистая сила,The Evil Force,роман,1896,Родина,0,,,,3 лицо,,,ADJF NOUN,2,0,,,,,
"Мордовцев, Даниил Лукич",мужской,0,Ирод,Herod,Исторический роман,1897,Отд. изд.,1,Санкт-Петербург,исторический роман,аристократия прошлого,3 лицо,исторический,исторический,NOUN,1,0,исторический,религиозный,психологический,,
"Мещерский, Владимир Петрович",мужской,0,Мужчины петербуржского большого света,Men of Petersburg High Society,na,1897,Отд. изд.,1,Санкт-Петербург,сатирический роман,,,сатирический,юмористический,NOUN ADJF ADJF NOUN,4,0,,,,,
"Окрейц, Станислав Станиславович",мужской,0,Сквозь огонь и воду,Through Fire and Water,Роман,1897,Наблюдатель,0,,,,3 лицо,,,PREP NOUN CONJ NOUN,4,0,,,,,
"Северин, Н.",женский,1,Из далекого прошлого,From the Distant Past,Роман,1897,Русский вестник,0,,,,3 лицо,,,PREP ADJF NOUN,3,0,,,,,
"Мещерский, Владимир Петрович",мужской,0,Письма от отца к сыну (старого правоведа к новому) и сына (министра) к отцу,Letters from Father to Son (an Old Jurist to a Young One) and from Son (a Minister) to Father,(Из прошлого),1897,Отд. изд.,1,Санкт-Петербург,сатирический роман,,,сатирический,юмористический,NOUN PREP NOUN PREP NOUN NOUN NOUN PREP ADJF CONJ NOUN NOUN PREP NOUN,14,0,,,,,
"Салиас, Евгений Андреевич",мужской,1,Экзотики,Exotics,Роман в трех частях,1897,Вестник Европы,0,,любовный,дворяне,1 лицо,любовный,любовный,NOUN,1,0,,,,,
"Немирович-Данченко, Василий Иванович",мужской,0,Пекло,The Inferno,роман,1897,Одесские новости,1,Одесса,социально-психологический,рабочие,,социально-психологический,социально-психологический,NOUN,1,0,,,,,
"Дубровина, Екатерина Оскаровна",женский,0,Жертва трех честолюбий,A Victim of Three Ambitions,Исторический роман Е. О. Дубровиной в 2 частях,1897,Родина,1,Санкт-Петербург,исторический роман,аристократия прошлого,3 лицо,исторический,исторический,NOUN NUMR NOUN,3,0,,,,,
"Булыгин, Петр Павлович",мужской,0,Расплата,The Reckoning,Роман в трех частях,1897,Русское богатство,1,Санкт-Петербург,социально-психологический,дворяне,,социально-психологический,социально-психологический,NOUN,1,0,,,,,
"Апраксин, Александр Дмитриевич",мужской,0,Тяжкие миллионы,Burdensome Millions,,1897,Отд. изд.,1,Москва,уголовный,криминальный мир,3 лицо,уголовный,криминальный,ADJF NOUN,2,0,,,,,
"Крыжановский, Николай Андреевич",мужской,0,На берегу Черного моря,On the Shore of the Black Sea,Роман,1897,Русское обозрение,0,,любовный,духовенство\священники,1 лицо,любовный,любовный,PREP NOUN NOUN NOUN,4,0,,,,,
"Лухманова, Надежда Александровна",женский,0,В порыве страстей,In a Rush of Passions,,1897,Отд. изд.,1,Санкт-Петербург,любовный роман,,,любовный,любовный,PREP NOUN NOUN,3,0,,,,,
"Емельянов-Коханский, Александр Николаевич",мужской,0,Клеопатра,Cleopatra,,1897,Отд. изд.,1,Москва,,,,,,NOUN,1,0,,,,,
"Емельянов-Коханский, Александр Николаевич",мужской,0,Сумерки века,The Twilight of the Century,,1897,Отд. изд.,1,Москва,,,,,,NOUN NOUN,2,0,,,,,
"Апраксин, Александр Дмитриевич",мужской,0,Светлые дни,Bright Days,Роман А.Д. Апраксина,1897,Отд. изд.,1,Москва,"криминальный, социальный",дворяне,3 лицо,криминальный,криминальный,ADJF NOUN,2,0,,,,,
"Ольшанин, Дмитрий",мужской,0,Невменяемые,The Insane,Роман,1897,Русский вестник,0,,,,3 лицо,,,ADJF,1,0,,,,,
"Щепкина, Александра Владимировна",женский,0,Бояре Стародубские,The Boyars of Starodub,Исторический роман из времен царя Алексея Михайловича,1897,Отд. изд.,1,Москва,исторический,"военные, дворяне",3 лицо,исторический,исторический,NOUN ADJF,2,0,,,,,
"Животов, Николай Николаевич",мужской,0,Дочь трактирщика,The Innkeeper's Daughter,роман,1897,Отд. изд.,1,Санкт-Петербург,детективный,,,детективный,криминальный,NOUN NOUN,2,0,,,,,
"Гейнце, Николай Эдуардович",мужской,0,Первый русский самодержец,The First Russian Autocrat,Исторический роман в 2 частях,1897,Отд. изд.,1,Санкт-Петербург,исторический,аристократия прошлого,3 лицо,исторический,исторический,ADJF ADJF NOUN,3,0,,,,,
"Алексеев, Николай Николаевич",мужской,0,Среди бед,Amid Misfortunes,Исторический роман (1395-1407 гг.): В 2 ч,1897,Отд. изд.,1,Санкт-Петербург,исторический роман,,,исторический,исторический,PREP NOUN,2,0,,,,,
"Соколова, Александра Ивановна",женский,0,До седьмого колена,Unto the Seventh Generation,Роман,1897,Петербургский листок,0,,,,3 лицо,,,PREP ADJF NOUN,3,0,,,,,
"Потапенко, Игнатий Николаевич",мужской,0,Счастье поневоле,Happiness by Force,,1897,Отд. изд.,1,Москва,социально-психологический,выпускник института,3 лицо,социально-психологический,социально-психологический,NOUN ADVB,2,0,,,,,
"Гейнце, Николай Эдуардович",мужской,0,Тайна любви,The Secret of Love,Роман в 3-х частях,1897,Отд. изд.,1,Санкт-Петербург,любовный,,3 лицо,любовный,любовный,NOUN NOUN,2,0,любовный,социально-психологический,бытовой,,
"Прохоров-Риваль, Владимир Алексеевич",мужской,1,Искра счастья,A Spark of Happiness,Роман,1897,Русский листок,0,,"социальный, биржевики",,3 лицо,социальный,социальный,NOUN NOUN,2,0,,,,,
"Ясинский, Иероним Иеронимович",мужской,0,Нежеланные дети,Unwanted Children,Роман И.И. Ясинского (Максима Белинского) : В 3 ч.,1897,Отд. изд.,1,Санкт-Петербург,,,,,,ADJF NOUN,2,0,,,,,
"Фёдоров, Александр Митрофанович",мужской,0,Степь сказалась,The Steppe Spoke,Новый роман А. М. Федорова,1897,Живописное обозрение,0,,,,3 лицо,,,NOUN VERB,2,0,,,,,
"Немирович-Данченко, Василий Иванович",мужской,0,На пути к счастью,On the Way to Happiness,Роман в двух частях,1897,Нива,0,,,,3 лицо,,,PREP NOUN PREP NOUN,4,0,социально-психологический,любовный,нравоописательный,,
"Гнедич, Петр Петрович",мужской,0,Ноша мира сего,The Burden of This World,Роман,1897,Книжки Недели,0,,социально-психологический,разночинцы,1 лицо,социально-психологический,социально-психологический,NOUN NOUN ADJF,3,0,,,,,
"Алексеев, Николай Николаевич",мужской,0,Преступный путь,The Path of Crime,Роман в 3 частях,1897,Отд. изд.,1,Санкт-Петербург,детективный,,,детективный,криминальный,ADJF NOUN,2,0,,,,,
"Старицкий, Михаил Петрович",мужской,0,У пристани,At the Wharf,Исторический роман из времен Хмельниччины,1897,Московский листок,0,,,,3 лицо,,,PREP NOUN,2,0,социально-психологический,семейный,бытовой,,
"Пружанский, Николай Осипович",мужской,1,Новый Моисей,The New Moses,Роман в двух частях из современной русско-еврейской жизни,1897,Отд. изд.,1,Санкт-Петербург,социально-психологический,народности и этнические группы,3 лицо,социально-психологический,социально-психологический,ADJF NOUN,2,0,,,,,
"Станюкович, Константин Михайлович",мужской,0,Жрецы,The Priests,,1897,Русское богатство,0,,университетская среда,"студенты университета, преподаватели",3 лицо,,,NOUN,1,0,,,,,
"Красницкий, Александр Иванович",мужской,0,Роковые миллионы,Fatal Millions,Роман,1897,Отд. изд.,1,Санкт-Петербург,детективный роман,,,детективный,криминальный,ADJF NOUN,2,0,,,,,
"Волконский, Михаил Николаевич",мужской,0,Записки прадеда,A Great-Grandfather's Notes,Роман,1897,Родина,1,Санкт-Петербург,исторический авантюрный роман,,3 лицо,исторический,исторический,NOUN NOUN,2,0,исторический,авантюрный,семейный,,
"Мордовцев, Даниил Лукич",мужской,0,Прометеево потомство,The Progeny of Prometheus,Роман из истории последних дней независимости Абхазии в трех частях,1897,Отд. изд.,1,Санкт-Петербург,исторический,народности и этнические группы,3 лицо,исторический,исторический,NOUN NOUN,2,0,,,,,
"Боборыкин, Петр Дмитриевич",мужской,0,По-другому,Differently,Роман в 2 частях,1897,Вестник Европы,0,,соц.-психологический,,3 лицо,социально-психологический,социально-психологический,ADVB,1,0,,,,,
"Бажин, Николай Федотович",мужской,0,В начале жизни,At the Beginning of Life,роман,1897,Наблюдатель,0,,социальный роман,интеллегенция,3 лицо,социальный,социальный,PREP NOUN NOUN,3,0,,,,,
"Немирович-Данченко, Василий Иванович",мужской,0,Волчья сыть,Wolfs-Bane,Роман в трех частях,1897,Отд. изд.,1,Санкт-Петербург,социально-психологический,дельцы,1 лицо,социально-психологический,социально-психологический,ADJF NOUN,2,0,социально-психологический,бытовой,идеологический,,
"Шелонский, Николай Николаевич",мужской,0,Севастополь в осаде,Sevastopol under Siege,Роман-хроника,1898,Отд. изд.,1,Москва,"исторический, военные",,,исторический,исторический,NOUN PREP NOUN,3,0,,,,,
"Шелонский, Николай Николаевич",мужской,0,Братья Святого Креста,The Brothers of the Holy Cross,Роман,1898,Отд. изд.,1,Москва,"исторический, фантастика, авантюрный","народности и этнические группы (древние египтяне, ассасины, крестоносцы)",3 лицо,исторический,исторический,NOUN ADJF NOUN,3,0,исторический,фантастический,авантюрный,мистический,
"Волконский, Михаил Николаевич",мужской,0,Мертвые и живые,The Dead and the Living,Роман,1898,Русский вестник,0,,социально-психологический роман,,3 лицо,социально-психологический,социально-психологический,NOUN CONJ NOUN,3,0,,,,,
"Назарьева, Капитолина Валериановна",женский,0,Дорогой ценой,At a Dear Price,Роман,1898,Отд. изд.,1,Санкт-Петербург,соц.-психологический,"разночинцы, врачи",,социально-психологический,социально-психологический,ADVB NOUN,2,0,,,,,
"Светлов, Валериан Яковлевич",мужской,1,Пустынное сердце,A Desolate Heart,,1898,Русская мысль,0,,социально-психологический,военные,3 лицо,социально-психологический,социально-психологический,ADJF NOUN,2,0,социально-психологический,философский,идеологический,,
"Лебедев, М.",мужской,0,"За Богом молитва, за царем служба не пропадают",Prayer to God and Service to the Tsar Are Never in Vain,Исторический роман-хроника из эпохи отечественной войны (1812 г.),1898,Отд. изд.,1,Санкт-Петербург,исторический роман,,,исторический,исторический,PREP NOUN NOUN PREP NOUN NOUN PRCL VERB,8,0,,,,,
"Полевой, Петр Николаевич",мужской,0,На роковом просторе,On the Fateful Expanse,,1898,Отд. изд.,1,Санкт-Петербург,исторический,,,исторический,исторический,PREP ADJF NOUN,3,0,,,,,
"Красницкий, Александр Иванович",мужской,0,Гроза Византии,The Scourge of Byzantium,,1898,Отд. изд.,1,Санкт-Петербург,исторический роман,,3 лицо,исторический,исторический,NOUN NOUN,2,0,исторический,военный,авантюрный,политический,
"Шаховская, Людмила Дмитриевна",женский,0,Лев-победитель,The Victorious Lion,Первый в русской литературе исторический роман из абиссинской жизни,1898,Отд. изд.,1,Санкт-Петербург,исторический роман,,,исторический,исторический,NOUN,1,0,,,,,
"Животов, Николай Николаевич",мужской,0,Подложный жених,The False Suitor,роман в 3 частях,1898,Отд. изд.,1,Санкт-Петербург,детективный,,,детективный,криминальный,ADJF NOUN,2,0,,,,,
"Апраксин, Александр Дмитриевич",мужской,0,"325,000 рублей","325,000 Roubles",роман,1898,Отд. изд.,1,Москва,уголовный роман,банковский служащий,3 лицо,уголовный,криминальный,NUMR NOUN,2,0,,,,,
"Тихонов, Владимир Алексеевич",мужской,0,В деревне (Пустоцвет),In the Country (Barren Blossom),Роман,1898,Новое время,0,,,,,,,PREP NOUN NOUN,3,0,,,,,
"Потапенко, Игнатий Николаевич",мужской,0,Записки молодого человека,Notes of a Young Man,,1898,Отд. изд.,1,Москва,"социально-психологический, любовный","разночинцы, купцы/промышленники",1 лицо,социально-психологический,социально-психологический,NOUN ADJF NOUN,3,0,,,,,
"Потапенко, Игнатий Николаевич",мужской,0,Живая жизнь,Living Life,Роман,1898,Отд. изд.,1,Москва,социально-психологический,разночинец (ученик),3 лицо,социально-психологический,социально-психологический,ADJF NOUN,2,0,,,,,
"Потапенко, Игнатий Николаевич",мужской,0,Два счастья,Two Fortunes,Роман в трех частях,1898,Отд. изд.,1,Москва,социально-психологический,дворяне,3 лицо,социально-психологический,социально-психологический,NUMR NOUN,2,0,,,,,
"Немирович-Данченко, Василий Иванович",мужской,0,Великий старик,The Great Old Man,Роман,1898,Отд. изд.,1,Санкт-Петербург,социально-психологический,разночинцы,3 лицо,социально-психологический,социально-психологический,ADJF NOUN,2,0,,,,,
"Боборыкин, Петр Дмитриевич",мужской,0,Тяга,The Pull,Роман в 2 частях,1898,Вестник Европы,0,,социально-психологический,,3 лицо,социально-психологический,социально-психологический,NOUN,1,0,,,,,
И.Р.,na,1,Любовь победила,Love Conquered,Роман в 2 частях,1898,Русский вестник,0,,,,1 лицо,,,NOUN VERB,2,0,,,,,
"Потапенко, Игнатий Николаевич",мужской,0,Через любовь,Through Love,Роман И. Н. Потапенко,1898,Нива,0,,,,3 лицо,,,PREP NOUN,2,0,,,,,
"Фёдоров, Александр Митрофанович",мужской,0,Наследство,The Inheritance,Роман,1898,Отд. изд.,1,Санкт-Петербург,,,3 лицо,,,NOUN,1,0,,,,,
"Немирович-Данченко, Василий Иванович",мужской,0,На пути к вечности,On the Road to Eternity,Роман,1898,Нива,0,,социально-психологический,"дворяне, разночинцы",3 лицо,социально-психологический,социально-психологический,PREP NOUN PREP NOUN,4,0,,,,,
"Ромер, Федор Эмильевич",мужской,0,Под разными флагами,Under Different Flags,Роман в трех частях,1898,Русское обозрение,0,,"соц.-психологический, молодые, атеистично настроенные революционеры",,3 лицо,социально-психологический,социально-психологический,PREP ADJF NOUN,3,0,,,,,
"Беляев, Иван Степанович",мужской,0,Искушение,Temptation,Исторический роман XVIII века,1898,Отд. изд.,1,Москва,"исторический роман, xviii в.",,,исторический,исторический,NOUN,1,0,,,,,
"Кондратьев, Иван Кузьмич",мужской,0,Трифон-Сокольник,Trifon the Falconer,Историческая быль XVI столетия в двух частях с эпилогом,1898,Отд. изд.,1,Москва,исторический,,,исторический,исторический,NOUN,1,0,,,,,
"Потапенко, Игнатий Николаевич",мужской,0,Слово и дело,Word and Deed,Отрывок из воспоминаний,1898,Отд. изд.,1,Санкт-Петербург,социально-психологический,"аристократия прошлого, (разноцинцы, институтки?)",3 лицо,социально-психологический,социально-психологический,NOUN CONJ NOUN,3,0,социально-психологический,идеологический,нравоописательный,,
"Вроцкий, Н.А.",мужской,1,Под ударами судьбы,Under the Blows of Fate,Роман,1898,Отд. изд.,1,Санкт-Петербург,мелодраматический,,,мелодраматический,любовный,PREP NOUN NOUN,3,0,,,,,
"Невежин, Пётр Михайлович",мужской,0,Приманка,The Lure,Роман,1898,Отд. изд.,1,Москва,социально-психологический,разночинцы,3 лицо,социально-психологический,социально-психологический,NOUN,1,0,,,,,
"Светлов, Валериан Яковлевич",мужской,1,Уголок Колхиды,A Corner of Colchis,Роман,1898,Отд. изд.,1,Санкт-Петербург,семейно-бытовой,,,семейный,семейный,NOUN NOUN,2,0,,,,,
"Алексеев, Николай Николаевич",мужской,0,Розы и тернии,Roses and Thorns,Исторический роман в двух частях,1898,Отд. изд.,1,Санкт-Петербург,исторический роман,"аристократия прошлого, крестьяне",3 лицо,исторический,исторический,NOUN CONJ NOUN,3,0,исторический,любовный,социально-психологический,,
"Полевой, Петр Николаевич",мужской,0,Бесово отродье,The Devil's Spawn,Историческая повесть для юношества,1898,Московский листок,0,,исторический,,3 лицо,исторический,исторический,NOUN,2,0,,,,,
"Гейнце, Николай Эдуардович",мужской,0,Современный самозванец,A Modern Pretender,Роман-хроника в 3-х частях,1898,Отд. изд.,1,Санкт-Петербург,"уголовный, любовный",криминальный мир,3 лицо,уголовный,криминальный,ADJF NOUN,2,0,уголовный,любовный,авантюрный,,
"Янов, А.Д.",мужской,1,Директор-Прошка,Director Proshka,"(хроника сада ""Альгамбра"") Роман в 3-х частях из увеселительной жизни Петербурга. А. Д. Янова.",1898,Петербургский листок,0,,"криминальный, уголовники",,3 лицо,криминальный,криминальный,NOUN,1,0,,,,,
"Пазухин, Алексей Михайлович",мужской,0,После грозы,After the Thunderstorm,Роман,1898,Отд. изд.,1,Москва,социально-психологический,купцы/промышленники,3 лицо,социально-психологический,социально-психологический,PREP NOUN,2,0,,,,,
"Сизова, А.К.",женский,0,Ксения Годунова,Ksenia Godunova,Исторический роман,1898,Литературные Вечера Нового Мира,0,,исторический роман,"аристократия прошлого, легендарные исторические фигуры",3 лицо,исторический,исторический,NOUN NOUN,2,0,исторический,биографический,психологический,политический,
"Вербицкая, Анастасия Алексеевна",женский,0,Вавочка,Vavochka,Повесть в 3-х частях,1898,Жизнь,1,Санкт-Петербург,,,3 лицо,,,NOUN,1,0,,,,,
"Луговой, Алексей Алексеевич",мужской,1,Возврат,The Return,Роман колеблющихся настроений,1898,Русская мысль,0,,социально-психологический,,,социально-психологический,социально-психологический,NOUN,1,0,,,,,
"Янов, А.Д.",мужской,1,Из-за денег,For the Sake of Money,Роман из петербургской жизни в 3-х частях. А. Д. Янова.,1898,Петербургский листок,0,,"криминальный, уголовники",,3 лицо,криминальный,криминальный,PREP NOUN,2,0,,,,,
"Пазухин, Алексей Михайлович",мужской,0,Тайна Воробьевых гор,The Secret of the Sparrow Hills,Повесть,1898,Отд. изд.,1,Москва,"социально-психологический, купцы",купцы,3 лицо,социально-психологический,социально-психологический,NOUN NOUN NOUN,3,0,,,,,
"Сергеенко, Петр Алексеевич",мужской,0,Дэзи,Daisy,Роман,1898,Отд. изд.,1,Москва,,,,,,NOUN,1,0,,,,,
"Гейнце, Николай Эдуардович",мужской,0,Власть женщины,The Power of a Woman,Повесть,1898,Отд. изд.,1,Санкт-Петербург,любовный,аристократия прошлого (князь),3 лицо,любовный,любовный,NOUN NOUN,2,0,,,,,
"Пазухин, Алексей Михайлович",мужской,0,Драма на Волге,A Drama on the Volga,Роман,1898,Отд. изд.,1,Москва,социально-психологический,аристократия прошлого (купцы),,социально-психологический,социально-психологический,NOUN PREP NOUN,3,0,,,,,
"Микулич, В.",женский,1,Мимочка,Mimochka,Очерк,1898,Северный вестник,0,,социально-психологический,дворяне,3 лицо,социально-психологический,социально-психологический,NOUN,1,0,социально-психологический,бытовой,,,
"Гейнце, Николай Эдуардович",мужской,0,Людоедка,The Cannibal Woman,Исторический роман XVIII в. : В 3 частях,1898,Отд. изд.,1,Санкт-Петербург,уголовно-бытовой,"духовенство/священники, аристократия прошлого, легендарные исторические фигуры",3 лицо,уголовный,криминальный,NOUN,1,0,уголовный,бытовой,социально-психологический,,
"Старицкий, Михаил Петрович",мужской,0,Молодость Мазепы,Mazepa's Youth,роман,1898,Московский листок,0,,,,3 лицо,,,NOUN NOUN,2,0,исторический,биографический,авантюрный,этнографический,
"Степняк-Кравчинский, Сергей Михайлович",мужской,1,Андрей Кожухов,Andrei Kozhukhov,Роман,1898,Отд. изд.,1,Женева,роман о нигилисте,,3 лицо,антинигилистический,социальный,NOUN NOUN,2,0,идеологический,политический,социально-психологический,,
"Северин, Н.",женский,1,Коржинские коршуны,The Korzhinsky Kites,Роман-хроника,1898,Отд. изд.,1,Санкт-Петербург,"социально-психологический, дворяне",,,социально-психологический,социально-психологический,ADJF NOUN,2,0,,,,,
"Соколов, Александр Алексеевич",мужской,1,Под властью тьмы,Under the Power of Darkness,Уголовный роман,1898,Отд. изд.,1,Санкт-Петербург,уголовный,,,уголовный,криминальный,PREP NOUN NOUN,3,0,,,,,
"Соколов, Александр Алексеевич",мужской,1,Сожженные степи,The Burned Steppes,Исторический роман,1899,Отд. изд.,1,Санкт-Петербург,исторический,,,исторический,исторический,PRTF NOUN,2,0,,,,,
"Потапенко, Игнатий Николаевич",мужской,0,Светлый луч,A Bright Ray,Роман,1899,Отд. изд.,1,Санкт-Петербург,"социально-психологический, любовный",разночинцы,3 лицо,социально-психологический,социально-психологический,ADJF NOUN,2,0,,,,,
"Вербицкая, Анастасия Алексеевна",женский,0,Освободилась,She Freed Herself,Роман в 3 частях,1899,Мир божий,0,,,,,,,VERB,1,0,,,,,
"Крыжановская (Рочестер), Вера Ивановна",женский,0,Железный канцлер древнего Египта,The Iron Chancellor of Ancient Egypt,Роман в двух частях,1899,Наблюдатель,0,,исторический,народности и этнические группы,3 лицо,исторический,исторический,ADJF NOUN ADJF NOUN,4,0,исторический,авантюрный,экзотический,мистический,
"Пазухин, Алексей Михайлович",мужской,0,Три счастья,Three Fortunes,Роман,1899,Отд. изд.,1,Москва,,,,,,NUMR NOUN,2,0,,,,,
"Потапенко, Игнатий Николаевич",мужской,0,Встреча,The Encounter,Роман,1899,Русская мысль,0,,"социально-психологический, студенты",,,социально-психологический,социально-психологический,NOUN,1,0,,,,,
"Мордовцев, Даниил Лукич",мужской,0,Державный плотник,The Sovereign Carpenter,Исторический роман,1899,Отд. изд.,1,Санкт-Петербург,исторический,легендарные исторические фигуры,3 лицо,исторический,исторический,ADJF NOUN,2,0,исторический,биографический,политический,,
"Пазухин, Алексей Михайлович",мужской,0,Медовый месяц,The Honeymoon,Роман,1899,Отд. изд.,1,Москва,социально-психологический,купцы/промышленники,3 лицо,социально-психологический,социально-психологический,ADJF NOUN,2,0,,,,,
"Пазухин, Алексей Михайлович",мужской,0,Дисконтер,The Moneylender,Роман,1899,Отд. изд.,1,Москва,социально-психологический,"дворяне, разночинцы",3 лицо,социально-психологический,социально-психологический,NOUN,1,0,,,,,
"Немирович-Данченко, Василий Иванович",мужской,0,Старые письма,Old Letters,Роман,1899,Отд. изд.,1,Санкт-Петербург,социально-психологический,разночинцы,1 лицо,социально-психологический,социально-психологический,NOUN NOUN,2,0,,,,,
"Караскевич-Ющенко, Стефания Стефановна",женский,0,Неготовыми дорогами,By Unfinished Roads,Роман в четырех частях,1899,Ежемесячн лит приложение к Живописному обозрению,0,,в романе будет затрагиваться женский вопрос,,3 лицо,женский,женский,ADJF NOUN,2,0,,,,,
"Станюкович, Константин Михайлович",мужской,0,Равнодушные,The Indifferent,Роман,1899,Мир Божий,0,,социально-психолгический (против разложения семьи и свободных браков),"купцы/промышленники, рабочие",3 лицо,социально-психологический,социально-психологический,ADJF,1,0,социально-психологический,семейный,нравоописательный,,
"Осипов, А.А.",мужской,0,Наместник,The Governor,Исторический роман из времен XVI века,1899,Русский вестник,0,,исторический,,,исторический,исторический,NOUN,1,0,,,,,
"Старицкий, Михаил Петрович",мужской,0,Руина,The Ruin,Исторический роман конца XVII века,1899,Московский листок,0,,,,3 лицо,,,NOUN,1,0,,,,,
"Волконский, Михаил Николаевич",мужской,0,Одержимые,The Possessed,Роман,1899,Русский вестник,0,,социально-психологический роман,,3 лицо,социально-психологический,социально-психологический,ADJF,1,0,,,,,
"Невежин, Пётр Михайлович",мужской,0,Знаменитость,The Celebrity,Роман,1899,Отд. изд.,1,Москва,"социально-психологический, музыканты",,,социально-психологический,социально-психологический,NOUN,1,0,,,,,
"Толстой, Лев Николаевич",мужской,0,Воскресение,Resurrection,Роман графа Л. Н. Толстого,1899,Нива,0,,"социально-психологический, уголовный","дворяне, криминальный мир, разночинцы",3 лицо,социально-психологический,социально-психологический,NOUN,1,1,социально-психологический,уголовный,философский,религиозный,
"Гейнце, Николай Эдуардович",мужской,0,В чаду измены,In the Fumes of Betrayal,Исторический роман конца XVII столетия в трех частях,1899,Отд. изд.,1,Санкт-Петербург,,,,,,PREP NOUN NOUN,3,0,,,,,
"Мамин-Сибиряк, Дмитрий Наркисович",мужской,1,Падающие звезды,Falling Stars,Рассказ,1899,Русское богатство,0,,"любовный, социально-психологический",разночинцы,3 лицо,любовный,любовный,PRTF NOUN,2,0,любовный,социально-психологический,бытовой,,
"Вроцкий, Н.А.",мужской,1,Каждому свое,To Each His Own,Роман в трех частях,1899,Отд. изд.,1,Санкт-Петербург,мелодраматический,,,мелодраматический,любовный,ADJF ADJF,2,0,,,,,
"Гнедич, Петр Петрович",мужской,0,Туманы,The Fogs,Роман,1899,Книжки Недели,0,,социально-психологический,разночинцы,3 лицо,социально-психологический,социально-психологический,NOUN,1,0,,,,,
"Максимов, Александр Яковлевич",мужской,0,Роковой поцелуй,The Fatal Kiss,,1899,Отд. изд.,1,Санкт-Петербург,"политический, социально-психологический",,,политический,социально-психологический,ADJF NOUN,2,0,,,,,
"Максимов, Александр Яковлевич",мужской,0,В погоню за свободным трудом,In Pursuit of Free Labour,Роман в двух частях,1899,Отд. изд.,1,Санкт-Петербург,"криминальный, политический, русские социалисты, американские работорговцы",,,криминальный,криминальный,PREP NOUN PREP ADJF NOUN,5,0,,,,,
"Горький, Максим",мужской,1,Фома Гордеев,Foma Gordeyev,,1899,Жизнь,0,,социально-психологический,"разночинцы (капиталисты, буржуа?)",3 лицо,социально-психологический,социально-психологический,NOUN NOUN,2,1,социально-психологический,идеологический,нравоописательный,,
"Боборыкин, Петр Дмитриевич",мужской,0,Куда идти?,Where to Go?,Роман в 2 частях,1899,Вестник Европы,0,,психологический,,,психологический,психологический,NOUN INFN,2,0,,,,,
"Кондратьев, Иван Кузьмич",мужской,0,Лютая година,The Fierce Year,Историческая повесть в двух частях с прологом и эпилогом,1899,Отд. изд.,1,Москва,исторический,,,исторический,исторический,ADJF NOUN,2,0,,,,,
"Дмитриев, Дмитрий Савватиевич",мужской,0,Иван Мазепа,Ivan Mazepa,Исторический роман времен Петра I,1899,Отд. изд.,1,Москва,"исторический, военные",,,исторический,исторический,NOUN NOUN,2,0,,,,,
"Дмитриев, Дмитрий Савватиевич",мужской,0,Государева невеста,The Tsar's Bride,Роман Д. Дмитриева,1899,Отд. изд.,1,Москва,"исторический, придворные",,,исторический,исторический,ADJF NOUN,2,0,,,,,
"Светлов, Валериан Яковлевич",мужской,1,Пути жизни,The Paths of Life,Роман в 2-х частях В. Я. Светлова,1899,Нива,0,,,,3 лицо,,,NOUN NOUN,2,0,,,,,
"Светлов, Валериан Яковлевич",мужской,1,Недостроенный храм,The Unfinished Temple,Флорентийский роман,1899,Отд. изд.,1,Санкт-Петербург,"исторический роман (италия, флоренция)","духовенство/священники, военные",3 лицо,исторический,исторический,ADJF NOUN,2,0,,,,,
"Светлов, Валериан Яковлевич",мужской,1,Обманы жизни,The Deceptions of Life,Роман в трех частях,1899,Отд. изд.,1,Санкт-Петербург,семейно-бытовой,,,семейный,семейный,NOUN NOUN,2,0,,,,,
"Лунин, Виктор Алексеевич",мужской,0,Таинственный монах,The Mysterious Monk,Исторический роман из времен царствования Петра I в двух частях,1899,Отд. изд.,1,Москва,исторический роман (времен петра i),"крестьяне, аристократия прошлого, легендарные исторические фигуры",3 лицо,исторический,исторический,ADJF NOUN,2,0,,,,,
"Лухманова, Надежда Александровна",женский,0,Инна Воронцова,Inna Vorontsova,Психологический роман в двух частях,1899,Отд. изд.,1,Санкт-Петербург,психологический роман,"дворяне, разночинцы",3 лицо,психологический,психологический,NOUN NOUN,2,0,,,,,
"Лухманова, Надежда Александровна",женский,0,Институтка,The Boarding-School Girl,Роман,1899,Возрождение,0,,"психол.-автобиографический роман, институтки пансиона",,3 лицо,психологический,психологический,NOUN,1,0,,,,,
"Алексеев, Николай Николаевич",мужской,0,Рабы и владыки,Slaves and Masters,Историческая повесть,1899,Литературные Вечера Нового Мира,0,,"исторический роман, социально-психологический (россия времен федора иоанновича)","крестьяне, разночинцы, аристократия прошлого",3 лицо,исторический,исторический,NOUN CONJ NOUN,3,0,,,,,
"Алексеев, Николай Николаевич",мужской,0,Лжецаревич,The False Tsarevich,Исторический роман в двух частях,1899,Отд. изд.,1,Санкт-Петербург,"исторический, авантюрный","аристократия прошлого, крестьяне",3 лицо,исторический,исторический,NOUN,1,0,,,,,
"Животов, Николай Николаевич",мужской,0,Пират Влас,Vlas the Pirate,роман в 2 частях,1899,Отд. изд.,1,Санкт-Петербург,,,,,,NOUN NOUN,2,0,,,,,
"Полевой, Петр Николаевич",мужской,0,Избранник божий,God's Chosen One,Историческая повесть,1899,Отд. изд.,1,Санкт-Петербург,"исторический, социально-психологический","крестьяне, легендарные исторические фигуры",3 лицо,исторический,исторический,NOUN ADJF,2,0,исторический,социально-психологический,религиозный,,
"Животов, Николай Николаевич",мужской,0,Живой покойник,The Living Dead Man,роман,1899,Отд. изд.,1,Санкт-Петербург,детективный,,,детективный,криминальный,NOUN NOUN,2,0,,,,,
"Сафонов, Сергей Александрович",мужской,0,Мура,Mura,Роман,1899,Торгово-промышленная газета,0,,социально-психологический,"чиновники, разночинцы",3 лицо,социально-психологический,социально-психологический,NOUN,1,0,,,,,
"Животов, Николай Николаевич",мужской,0,Разрытая могила,The Opened Grave,роман в 2 частях с прологом,1899,Отд. изд.,1,Санкт-Петербург,детективный,,,детективный,криминальный,PRTF NOUN,2,0,,,,,
"Салиас, Евгений Андреевич",мужской,1,Владимирские мономахи,The Vladimir Monomakhs,Роман в четырех частях,1899,Исторический вестник,0,,"исторический, социально-психологический (выксунские заводы?)","аристократия прошлого, революционеры",3 лицо,исторический,исторический,ADJF NOUN,2,0,исторический,социально-психологический,бытовой,,
"Дубровина, Екатерина Оскаровна",женский,0,Под натиском страсти,Under the Onslaught of Passion,Роман,1899,Отд. изд.,1,Санкт-Петербург,роман,,,,,PREP NOUN NOUN,3,0,,,,,
"Гейнце, Николай Эдуардович",мужской,0,В царстве приведений,In the Realm of Ghosts,Роман в трех частях,1899,Отд. изд.,1,Санкт-Петербург,"уголовной, социально-психологический","аристократия прошлого, разночинцы, криминальный мир",3 лицо,уголовный,криминальный,PREP NOUN NOUN,3,0,,,,,
"Северин, Н.",женский,1,Авантюристы,The Adventurers,Роман,1899,Отд. изд. (СС),1,Санкт-Петербург,историко-нравственный роман,,3 лицо,исторический,исторический,NOUN,1,0,исторический,авантюрный,нравоописательный,приключенческий,
"Опочинин, Пётр Алексеевич",мужской,0,Водопад,The Waterfall,Роман в 2-х частях,1900,Кавказский вестник,0,,,,,,,NOUN,1,0,,,,,
"Ракшанин, Николай Осипович",мужской,1,Жертва нижегородских дельцов,A Victim of the Nizhny Novgorod Businessmen,Ярмарочный роман,1900,Отд. изд.,1,Москва,детективно-психологический,,,детективный,криминальный,NOUN ADJF NOUN,3,0,,,,,
"Горький, Максим",мужской,1,Трое,Three,Повесть М. Горького,1900,Жизнь,0,,"социально-психологический, уголовный","рабочие (свободные), криминальный мир, духовенство",3 лицо,социально-психологический,социально-психологический,NUMR,1,1,социально-психологический,уголовный,идеологический,,
"Тимофеева-Починковская, Варвара Васильевна",женский,0,Очерки прошлого,Sketches of the Past,,1900,Книжки Недели,0,,,,3 лицо,,,NOUN NOUN,2,0,,,,,
"Светлов, Валериан Яковлевич",мужской,1,Гибель кумиров,The Fall of Idols,na,1900,Вестник Европы,0,,социально-психологический,,,социально-психологический,социально-психологический,NOUN NOUN,2,0,,,,,
"Красницкий, Александр Иванович",мужской,0,По исполнительному листу,By Writ of Execution,повесть,1900,Отд. изд.,1,Санкт-Петербург,детективный роман,,,детективный,криминальный,PREP ADJF NOUN,3,0,,,,,
"Светлов, Валериан Яковлевич",мужской,1,По призванию,By Calling,Роман,1900,Отд. изд.,1,Санкт-Петербург,семейно-бытовой,,,семейный,семейный,PREP NOUN,2,0,,,,,
"Новиков, Александр Иванович",мужской,0,По закону,By the Law,Роман из деревенской жизни,1900,Вестник Европы,0,,"любовный, социально-психологический","крестьяне, дворяне",3 лицо,любовный,любовный,PREP NOUN,2,0,,,,,
"Гнедич, Петр Петрович",мужской,0,Купальные огни,Midsummer Fires,Роман,1900,Книжки Недели,0,,социально-психологический,"дворяне, чиновники",3 лицо,социально-психологический,социально-психологический,ADJF NOUN,2,0,,,,,
"Голицын (Муравлин), Дмитрий Петрович",мужской,0,Вавилоняне,The Babylonians,Роман,1900,Русский вестник,0,,"социально-психологический, чиновничество?",,3 лицо,социально-психологический,социально-психологический,NOUN,1,0,,,,,
"Красницкий, Александр Иванович",мужской,0,Чудо-богатыри,The Bogatyr Heroes,исторический роман-хроника : в трех частях с прологом,1900,Отд. изд.,1,Санкт-Петербург,исторический роман,,,исторический,исторический,NOUN,1,0,,,,,
"Осипов, Н.",мужской,1,Господа миллионеры,Gentlemen Millionaires,Роман в двух частях,1900,Отд. изд.,1,Москва,"социально-психологический, детективный",купцы/промышленники,3 лицо,социально-психологический,социально-психологический,NOUN NOUN,2,0,,,,,
"Антонов, М.",мужской,0,Дубровин,Dubrovin,Роман из крестьянской жизни,1900,Вестник Европы,0,,"социально-психологический, крестьяне",крестьяне,,социально-психологический,социально-психологический,NOUN,1,0,,,,,
"Гейнце, Николай Эдуардович",мужской,0,Ермак Тимофеевич,Yermak Timofeyevich,Исторический роман в двух частях,1900,Отд. изд.,1,Санкт-Петербург,исторический (аристократы),"военные, аристократия прошлого (купцы/промышленники?)",3 лицо,исторический,исторический,NOUN NOUN,2,0,,,,,
"Лебедев, Владимир Петрович",мужской,0,За святую обитель,For the Holy Cloister,Исторический роман из Смутного времени,1900,Отд. изд.,1,Москва,"исторический, социально-психологический","рабочие (свободные), военные, духовенство, крестьяне",3 лицо,исторический,исторический,PREP ADJF NOUN,3,0,исторический,социально-психологический,религиозный,,
"Ясинский, Иероним Иеронимович",мужской,0,Прекрасные уроды,Beautiful Freaks,Из записок Ивана Антоныча. Роман.,1900,Русский вестник,0,,роман о декадентах,декаданты,1 лицо,,,ADJF NOUN,2,0,,,,,
"Альбов, Михаил Николаевич",мужской,0,Тайна Мамаева,The Secret of Mamayev,Романтическая история,1900,Отд. изд.,1,Москва,,,,,,NOUN ADJF,2,0,,,,,
"Баранцевич, Казимир Станиславович",мужской,0,Кровь,Blood,Роман,1900,Жизнь,0,,"социально-психологический, семейная хроника?","чиновники, разночинцы",3 лицо,социально-психологический,социально-психологический,NOUN,1,0,,,,,
"Голохвастов, К.К.",мужской,0,"Ванька Каин, знаменитый московский сыщик (фискал)","Vanka Kain, the Famous Moscow Detective",Рассказ,1900,Отд. изд.,1,Санкт-Петербург,"детективный, воры",криминальный мир,,детективный,криминальный,NOUN NOUN ADJF ADJF NOUN NOUN,6,0,,,,,
"Ясинский, Иероним Иеронимович",мужской,0,1 марта 1881,The First of March 1881,Роман,1900,Ежемесячные сочинения,0,,антинароднический роман?,,3 лицо,народнический,социальный,NUMR NOUN NUMR,3,0,,,,,
"Волконский, Михаил Николаевич",мужской,0,Вязниковский самодур,The Despot of Vyazniki,Роман,1900,Родина,0,,"исторический, авантюрный (неофициальная история?)",аристократия прошлого,3 лицо,исторический,исторический,ADJF NOUN,2,0,исторический,авантюрный,бытовой,,
"Дингельштедт, Николай Федорович, фон",мужской,0,Жертвы страсти (Тангейзер нашего времени),Victims of Passion (A Tannhauser of Our Time),Роман,1900,Отд. изд.,1,Санкт-Петербург,светский,,,светский,светский,NOUN NOUN NOUN ADJF NOUN,5,0,,,,,
"Соколова, Александра Ивановна",женский,0,Москва конца века,Moscow at the End of the Century,Роман в трех частях,1900,Отд. изд.,1,Санкт-Петербург,,,,,,NOUN NOUN NOUN,3,0,,,,,
"Пазухин, Алексей Михайлович",мужской,0,Бархатные дамы,The Velvet Ladies,Роман А. Пазухина,1900,Отд. изд.,1,Москва,,,,,,ADJF NOUN,2,0,,,,,
"Будищев, Алексей Николаевич",мужской,0,Пробужденная совесть,An Awakened Conscience,Роман,1900,Отд. изд.,1,Санкт-Петербург,авантюрный,дворяне,3 лицо,авантюрный,приключенческий,PRTF NOUN,2,0,,,,,
"Рышков, Виктор Александрович",мужской,0,Женихи,The Suitors,роман,1900,Отд. изд.,1,Санкт-Петербург,,,,,,NOUN,1,0,,,,,
"Маклецова, Наталия Петровна",женский,0,Революционер (История одной души),The Revolutionary (The Story of a Soul),Роман из эпохи Великой французской революции,1900,Отд. изд.,1,Москва,"исторический, французские революионеры",,,исторический,исторический,NOUN NOUN ADJF NOUN,4,0,,,,,
"Никитин, П.",мужской,0,Сверхсыщик,The Super-Detective,Из последних приключений Шерлока Холмса в России,1900,Отд. изд.,1,Москва,,,,,,NOUN,1,0,,,,,
"Салиас, Евгений Андреевич",мужской,1,Змей-Горыныч. Село Уютное,Zmei Gorynych: The Village of Uyutnoye,Роман,1900,Русский вестник,0,,,,3 лицо,,,NOUN VERB ADJF,3,0,,,,,
"Степняк-Кравчинский, Сергей Михайлович",мужской,1,Штундист Павел Руденко,The Stundist Pavel Rudenko,Роман,1900,Отд. изд.,1,Женева,"социально-психологический (жизнь сектантов, гонения?)",раскольники,3 лицо,социально-психологический,социально-психологический,NOUN NOUN NOUN,3,0,социально-психологический,религиозный,идеологический,,
"Гейнце, Николай Эдуардович",мужской,0,По пятачку,A Fiver at a Time,Роман из жизни газетных труженников. В трех частях,1900,Отд. изд.,1,Санкт-Петербург,детективный,"разночинцы, дворяне",3 лицо,детективный,криминальный,PREP NOUN,2,0,,,,,
"Иогель/Йогель, Михаил Константинович",мужской,0,Мрак и свет,Darkness and Light,Роман в 2-х частях,1900,Отд. изд.,1,Москва,социально-психологический (утопический?),"дворяне, разночинцы",3 лицо,социально-психологический,социально-психологический,NOUN CONJ NOUN,3,0,,,,,
"Алексеев, Николай Николаевич",мужской,0,Заморский выходец,The Newcomer from Overseas,Исторический роман в трех частях,1900,Отд. изд.,1,Санкт-Петербург,исторический,"аристократия прошлого, эмигранты, разночинцы",3 лицо,исторический,исторический,ADJF NOUN,2,0,,,,,
"Пазухин, Алексей Михайлович",мужской,0,Вторая весна,The Second Spring,Роман,1900,Отд. изд.,1,Москва,"социально-психологический, любовный","купцы/промышленники,",3 лицо,социально-психологический,социально-психологический,ADJF NOUN,2,0,,,,,
"Червинский, Федор Алексеевич",мужской,0,Пустоцвет,Barren Blossom,Роман,1900,Живописное обозрение,0,,,,3 лицо,,,NOUN,1,0,,,,,
"Янов, А.Д.",мужской,1,Под гнётом раскола,Under the Yoke of the Schism,роман из современной жизни в 2- х частях. А. Д. Янова.,1900,Петербургский листок,0,,"криминальный, уголовники",,3 лицо,криминальный,криминальный,PREP NOUN NOUN,3,0,,,,,
"Сизова, А.К.",женский,0,Дочь солнца. Тысячу лет назад,The Daughter of the Sun: A Thousand Years Ago,Историческая повесть в двух частях,1900,Отд. изд.,1,Москва,историческая повесть,,,исторический,исторический,NOUN NOUN NOUN NOUN ADVB,5,0,,,,,
"Немирович-Данченко, Василий Иванович",мужской,0,Рядовой Неручев,Private Neruchev,Роман,1900,Отд. изд.,1,Санкт-Петербург,"исторический, социально-пстхологический",военные,3 лицо,исторический,исторический,ADJF NOUN,2,0,,,,,
"Пономарев, Иван Николаевич",мужской,0,Преступная мать,The Criminal Mother,роман в 3-х частях. И. Н. Пономарева,1900,Свет,0,,,,3 лицо,,,ADJF NOUN,2,0,,,,,
"Животов, Николай Николаевич",мужской,0,Тотализатор и тотошники,The Totalisator and the Punters,роман 2 частях,1900,Отд. изд.,1,Санкт-Петербург,,,,,,NOUN CONJ NOUN,3,0,,,,,
"Ракшанин, Николай Осипович",мужской,1,За веру и братьев,For Faith and Brothers,Роман из эпохи войны 1877-78 гг.,1901,Отд. изд.,1,Москва,исторический,,,исторический,исторический,PREP NOUN CONJ NOUN,4,0,,,,,
"Цеханович, Александр Николаевич",мужской,0,Богатырь-Кирилла,Kirill the Bogatyr,na,1901,Отд. изд.,1,Санкт-Петербург,,,,,,NOUN,1,0,,,,,
"Зарин, Андрей Ефимович",мужской,0,На изломе,At the Breaking Point,Исторический роман из времен царя Алексея Михайловича (1653–1673 г.),1901,Отд. изд.,1,Санкт-Петербург,исторический,"военные, аристократия прошлого",3 лицо,исторический,исторический,PREP NOUN,2,0,исторический,социально-психологический,политический,,
"Зарин, Андрей Ефимович",мужской,0,Кровавый пир (1669—1672): Бунт Стеньки Разина,The Bloody Feast (1669-1672): The Revolt of Stenka Razin,Исторический роман в 6 частях,1901,Отд. изд.,1,Ростов на Дону,исторический,военные (донские казаки),3 лицо,исторический,исторический,ADJF NOUN NUMR NOUN NOUN NOUN,6,0,исторический,авантюрный,политический,этнографический,
"Цеханович, Александр Николаевич",мужской,0,Доктор Курганов,Doctor Kurganov,Роман из быта врачей,1901,Отд. изд.,1,Санкт-Петербург,,,,,,NOUN NOUN,2,0,,,,,
"Дмитриев, Дмитрий Савватиевич",мужской,0,Таинственный дом,The Mysterious House,Исторический роман из эпохи императрицы Екатерины Великой,1901,Отд. изд.,1,Москва,исторический,дворяне,,исторический,исторический,ADJF NOUN,2,0,,,,,
"Колышко, Иосиф Иосифович",мужской,0,Волки и овцы,Wolves and Sheep,Роман в трех частях,1901,Отд. изд.,1,Санкт-Петербург,социально-психологический,"рабочие (свободные), разночинцы",3 лицо,социально-психологический,социально-психологический,NOUN CONJ NOUN,3,0,,,,,
"Будищев, Алексей Николаевич",мужской,0,Лучший друг,The Best Friend,Роман,1901,Отд. изд.,1,Санкт-Петербург,социально-психологический,дворяне,3 лицо,социально-психологический,социально-психологический,ADJF NOUN,2,0,социально-психологический,нравоописательный,бытовой,,
"Голохвастов, К.К.",мужской,0,Приключения петербургского Макарки Душегуба,The Adventures of Makarka the Murderer of Petersburg,Уголовный роман из современной жизни,1901,Отд. изд.,1,Санкт-Петербург,детективный,криминальный мир,,детективный,криминальный,NOUN ADJF NOUN NOUN,4,0,,,,,
"Старицкий, Михаил Петрович",мужской,0,Последние орлы,The Last Eagles,Историческая повесть из времен гайдамачины,1901,Московский листок,0,,,,3 лицо,,,ADJF NOUN,2,0,,,,,
"Волконский, Михаил Николаевич",мужской,0,Черный человек,The Black Man,Роман,1901,Родина,0,,историко-авантюрный роман,дворяне,3 лицо,исторический,исторический,NOUN NOUN,2,0,исторический,авантюрный,мистический,психологический,
"Светлов, Валериан Яковлевич",мужской,1,В вратах Эдема,At the Gates of Eden,Роман,1901,Отд. изд.,1,Санкт-Петербург,,,,,,PREP NOUN NOUN,3,0,,,,,
"Старостин, Василий Григорьевич",мужской,0,"Наше счастие, или Некоторые черты из жизни невеликого человека, как он сам написал, с присовокуплении табели о счастии и моих собственных замечаний","Our Happiness, or Some Features from the Life of an Unremarkable Man, as He Wrote Himself, with an Appended Table of Happiness and My Own Remarks",роман,1901,Отд. изд.,1,Санкт-Петербург,социальный,крестьяне,1 лицо,социальный,социальный,ADJF NOUN CONJ ADJF NOUN PREP NOUN ADJF NOUN CONJ NPRO ADJF VERB PREP NOUN NOUN PREP NOUN CONJ ADJF ADJF NOUN,22,0,сатирический,философский,,,
"Казина, Александра Никандровна",женский,1,Мысли и думы,Thoughts and Reflections,,1901,Отд. изд.,1,Санкт-Петербург,"семейный, дворяне среднего достатка, дневник",дворяне,1 лицо,семейный,семейный,NOUN CONJ NOUN,3,0,,,,,
"Голицын (Муравлин), Дмитрий Петрович",мужской,0,От смутных дней,From Troubled Days,Роман,1901,Русский вестник,0,,социально-психологический,дворяне,3 лицо,социально-психологический,социально-психологический,PREP ADJF NOUN,3,0,,,,,
"Стахеев, Дмитрий Иванович",мужской,0,Золотой полуимпериал,The Gold Half-Imperial,na,1901,Васильки [сборник],1,Санкт-Петербург,,,,,,ADJF NOUN,2,0,,,,,
"Брешко-Брешковский, Николай Николаевич",мужской,0,Записки проходимца,Notes of a Scoundrel,Прерванный роман,1901,Отд. изд.,1,Санкт-Петербург,"социально-психологический, роман воспитания",разночинцы (люди искусства),1 лицо,социально-психологический,социально-психологический,NOUN NOUN,2,0,,,,,
"Голохвастов, К.К.",мужской,0,Черный монах,The Black Monk,Повесть из жизни чернигорцев,1901,Отд. изд.,1,Санкт-Петербург,"исторический, монахи",,,исторический,исторический,NOUN NOUN,2,0,,,,,
"Соколов, Александр Алексеевич",мужской,1,Пугачевская смута,The Pugachev Rebellion,Исторический роман,1901,Отд. изд.,1,Москва,исторический,,,исторический,исторический,ADJF NOUN,2,0,,,,,
"Назарьева, Капитолина Валериановна",женский,0,Личное счастье,Personal Happiness,Сказка,1901,Родина,0,,,,3 лицо,,,ADJF NOUN,2,0,,,,,
"Павлов, Александр Петрович",мужской,0,У ступеней трона,At the Steps of the Throne,Исторический роман: В 3-х ч.,1901,Отд. изд.,1,Санкт-Петербург,исторический роман,дворяене,3 лицо,исторический,исторический,PREP NOUN NOUN,3,0,исторический,политический,авантюрный,психологический,
"Янов, А.Д.",мужской,1,Горюны,The Grieving Ones,Роман из современной петербургской жизни в 2-х частях А. Д. Янова.,1901,Петербургский листок,0,,"криминальный, уголовники",,3 лицо,криминальный,криминальный,NOUN,1,0,,,,,
"Минцлов, Сергей Рудольфович",мужской,0,На заре века,At the Dawn of the Century,Историческая повесть С. Минцлова,1901,Отд. изд.,1,Санкт-Петербург,исторический роман,исторические фигуры,,исторический,исторический,PREP NOUN NOUN,3,0,,,,,
"Янов, А.Д.",мужской,1,Мужья и жёны,Husbands and Wives,роман из современной московской жизни в 2-х частях,1901,Русское слово,0,,семейный,разночинцы,3 лицо,семейный,семейный,NOUN CONJ NOUN,3,0,,,,,
"Крыжановская (Рочестер), Вера Ивановна",женский,0,Жизненный эликсир,The Elixir of Life,,1901,Отд. изд.,1,Санкт-Петербург,"социально-психологический, философский",разночинцы,3 лицо,социально-психологический,социально-психологический,ADJF NOUN,2,0,философский,мистический,оккультный,,
"Немирович-Данченко, Василий Иванович",мужской,0,Царица Тамара,Queen Tamara,Роман из кавказской войны. С 26 рисунками. Для старшего возраста,1901,Отд. изд.,1,Москва,исторический,военные,1 лицо,исторический,исторический,NOUN NOUN,2,0,,,,,
"Песковский, Матвей Леонтьевич",мужской,0,Мужик. До освобождения крестьян,The Peasant: Before the Emancipation,Роман,1901,Отд. изд.,1,Санкт-Петербург,бытовой,дворяне,,бытоописательный,описательный,NOUN PREP NOUN NOUN,4,0,,,,,
"Окрейц, Станислав Станиславович",мужской,0,Во что бы то ни стало,At All Costs,Роман в 2-х частях,1901,Наблюдатель,0,,,,3 лицо,,,PREP CONJ PRCL CONJ PRCL VERB,6,0,,,,,
"Мережковский, Дмитрий Сергеевич",мужской,0,Воскресшие боги. (Леонардо да Винчи),The Resurrection of the Gods (Leonardo da Vinci),,1901,Отд. изд.,1,Санкт-Петербург,"исторический, философский (трилогия ""христос и антихрист"")",легендарные исторические фигуры,3 лицо,исторический,исторический,PRTF NOUN NOUN PRCL NOUN,5,1,исторический,философский,символистский,религиозный,биографический
"Басанин, Марк",женский,1,На чужбине. Записки эмигранта в Южной Америке,In a Foreign Land: Notes of an Emigrant in South America,Роман,1901,Исторический вестник,0,,приключенческий,эмигранты,1 лицо,приключенческий,приключенческий,PREP NOUN NOUN NOUN PREP ADJF NOUN,7,0,,,,,
"Пономарев, Иван Николаевич",мужской,0,Под давлением судьбы,Under the Pressure of Fate,Роман в трех частях. (Из петербургской жизни). И. Н. Пономарева.,1901,Свет,0,,,,3 лицо,,,PREP NOUN NOUN,3,0,,,,,
"Янов, А.Д.",мужской,1,Падчерица,The Stepdaughter,Роман из современной жизни в 2-х частях. Сергея Нарского,1901,Петербургский листок,0,,детективный,криминальный мир,3 лицо,детективный,криминальный,NOUN,1,0,,,,,
"Крыжановская (Рочестер), Вера Ивановна",женский,0,На рубеже,On the Border,(Нарв. предание),1901,Отд. изд.,1,Санкт-Петербург,исторический,,,исторический,исторический,PREP NOUN,2,0,,,,,
"Нарский, С.",мужской,1,Железнодорожные громилы,Railway Thugs,Роман из современной жизни С. Нарского.,1901,Петербургский листок,0,,"криминальный, уголовники",,3 лицо,криминальный,криминальный,ADJF NOUN,2,0,,,,,
"Дмитриев, Дмитрий Савватиевич",мужской,0,Золотой век,The Golden Age,Исторический роман из царствования императрицы Екатерины II. В двух частях,1902,Отд. изд.,1,Москва,исторический,дворяне,3 лицо,исторический,исторический,ADJF ADVB,2,0,исторический,утопический,философский,идеологический,
"Соколова, Александра Ивановна",женский,0,Белые негры,White Negroes,Роман в 3 частях,1902,Отд. изд.,1,Санкт-Петербург,криминальный,криминальный мир,3 лицо,криминальный,криминальный,NOUN NOUN,2,0,,,,,
"Максимов, Александр Яковлевич",мужской,0,"Без руля, компаса и ветрил","Without Rudder, Compass, or Sails",Роман в двух частях,1902,Отд. изд.,1,Санкт-Петербург,"политический, социально-психологический","дворяне, чиновники",3 лицо,политический,социально-психологический,PREP NOUN NOUN CONJ NOUN,5,0,,,,,
"Гейнце, Николай Эдуардович",мужской,0,Женщина-демон,The Demon-Woman,Роман из петербургской жизни,1902,Отд. изд.,1,Санкт-Петербург,"уголовный, социально-психологический, любовный","дворяне, разночинцы",3 лицо (пролог - 1 лицо),уголовный,криминальный,NOUN,1,0,,,,,
"Мейснер, Александр Федорович",мужской,0,В забытых дебрях,In Forgotten Wilds,Роман из быта северной деревни,1902,Отд. изд.,1,Санкт-Петербург,"любовный, психологический, крестьянка, помещик",,,любовный,любовный,PREP ADJF NOUN,3,0,,,,,
"Апраксин, Александр Дмитриевич",мужской,0,Захудалые,The Gone-to-Seed,роман,1902,Отд. изд. (СС),1,Санкт-Петербург,социально-психологический,дворяне,3 лицо,социально-психологический,социально-психологический,ADJF,1,0,,,,,
"Апраксин, Александр Дмитриевич",мужской,0,Князь Червонский,Prince Chervonsky,роман,1902,Отд. изд.,1,Санкт-Петербург,социально-психологический,дворяне,3 лицо,социально-психологический,социально-психологический,NOUN ADJF,2,0,,,,,
"Дубровина, Екатерина Оскаровна",женский,0,Идиллия на Волге,An Idyll on the Volga,,1902,Отд. изд.,1,Санкт-Петербург,,,,,,NOUN PREP NOUN,3,0,,,,,
"Апраксин, Александр Дмитриевич",мужской,0,Графиня Негрянская,Countess Negryanskaya,роман,1902,Отд. изд.,1,Санкт-Петербург,исторический,аристократия прошлого,3 лицо,исторический,исторический,NOUN ADJF,2,0,,,,,
"Красницкий, Александр Иванович",мужской,0,Под волнами Иматры,Beneath the Waves of the Imatra,Роман,1902,Отд. изд.,1,Санкт-Петербург,детективный,рабочие,3 лицо,детективный,криминальный,PREP NOUN NOUN,3,0,детективный,авантюрный,приключенческий,,
"Лунин, Виктор Алексеевич",мужской,0,Стрельцы,The Streltsy,Роман из времен Петра Великого: В 2 ч.,1902,Отд. изд.,1,Москва,исторический роман,исторические личности,,исторический,исторический,NOUN,1,0,,,,,
"Голицын (Муравлин), Дмитрий Петрович",мужской,0,На безлюдье,In the Wilderness,Роман,1902,Отд. изд.,1,Санкт-Петербург,социально-психологический,,,социально-психологический,социально-психологический,PREP NOUN,2,0,,,,,
"Назарьева, Капитолина Валериановна",женский,0,Потомки титанов,Descendants of Titans,Исторический роман из эпохи Екатерины Великой,1902,Отд. изд.,1,Санкт-Петербург,исторический роман,аристократия прошлого,3 лицо,исторический,исторический,NOUN NOUN,2,0,,,,,
"Дубровина, Екатерина Оскаровна",женский,0,Под гнетом контрастов,Under the Weight of Contrasts,Роман,1902,Семья,1,Москва,социально-психологический роман,дворяне,3 лицо,социально-психологический,социально-психологический,PREP NOUN NOUN,3,0,,,,,
"Крыжановская (Рочестер), Вера Ивановна",женский,0,Маги,The Magi,Роман В.И. Крыжановской (Рочестер),1902,Отд. изд.,1,Санкт-Петербург,"философский, фантастический",,3 лицо,философский,философский,NOUN,1,0,философский,фантастический,мистический,оккультный,
"Цеханович, Александр Николаевич",мужской,0,Убийственная любовь,Murderous Love,Роман,1902,Отд. изд.,1,Санкт-Петербург,,,,,,ADJF NOUN,2,0,,,,,
"Крыжановская (Рочестер), Вера Ивановна",женский,0,Кобра Капелла (Рафаэла),Cobra Capella (Rafaela),Роман В.И. Крыжановской (Рочестер),1902,Отд. изд.,1,Санкт-Петербург,женский роман,,,женский,женский,NOUN NOUN NOUN,3,0,,,,,
"Тютчев, Федор Федорович",мужской,0,Беглец,The Fugitive,Роман из пограничной жизни,1902,Отд. изд.,1,Санкт-Петербург,,,3 лицо,,,NOUN,1,0,социально-психологический,приключенческий,идеологический,,
"Нарский, С.",мужской,1,На каторгу,To Hard Labour,Роман из современной жизни А. Д. Янова.,1902,Петербургский листок,0,,криминальный,криминальный мир,3 лицо,криминальный,криминальный,PREP NOUN,2,0,,,,,
"Невежин, Пётр Михайлович",мужской,0,Озлобленные,The Embittered,Роман,1902,Отд. изд.,1,Москва,социально-психологический,дворяне,3 лицо,социально-психологический,социально-психологический,PRTF,1,0,,,,,
"Волконский, Михаил Николаевич",мужской,0,Два мага,Two Sorcerers,Роман из эпохи XVIII столетия,1902,Родина,0,,историко-авантюрный роман,,3 лицо,исторический,исторический,NUMR NOUN,2,0,исторический,авантюрный,мистический,философский,
"Волконский, Михаил Николаевич",мужской,0,Капитан корабля Дедалуса,The Captain of the Ship Daedalus,Роман князя М. Н. Волконского,1902,Вокруг света,0,,"приключенческий, авантюрный",дворяне,3 лицо,приключенческий,приключенческий,NOUN NOUN NOUN,3,0,,,,,
"Волконский, Михаил Николаевич",мужской,0,Тайна герцога,The Duke's Secret,Исторический роман из эпохи бироновщины,1902,Родина,0,,историко-авантюрный роман,дворяне,3 лицо,исторический,исторический,NOUN NOUN,2,0,исторический,авантюрный,детективный,политический,
"Светлов, Валериан Яковлевич",мужской,1,В будаевской усадьбе,At the Budayev Estate,Роман,1902,Вестник Европы,0,,социально-психологический,дворяне,3 лицо,социально-психологический,социально-психологический,PREP ADJF NOUN,3,0,,,,,
"Янов, А.Д.",мужской,1,Золотые мухи,Golden Flies,Роман-хроника А. Д. Янова.,1902,Петербургский Листок,0,,,,3 лицо,,,NOUN NOUN,2,0,,,,,
"Толстой, Лев Львович",мужской,0,Поиски и примирение,Searching and Reconciliation,Роман в 4-х частях,1902,Ежемесячные сочинения,0,,,,3 лицо,,,NOUN CONJ NOUN,3,0,,,,,
"Киснемский, Семен Петрович",мужской,0,Темный рыцарь,The Dark Knight,Роман в 2 частях,1902,Отд. изд.,1,Санкт-Петербург,"авантюрный, юмористический",,,авантюрный,приключенческий,ADJF NOUN,2,0,,,,,
"Зарин, Андрей Ефимович",мужской,0,Спирит,The Spiritist,Роман в 6 кл.,1902,Отд. изд.,1,Санкт-Петербург,фантастический,дворяне,3 лицо,фантастический,фантастический,NOUN,1,0,,,,,
"Зарин, Федор Ефимович",мужской,0,Джиакометта,Giacometta,Исторический рассказ,1902,Детское чтение,0,,исторический,,3 лицо,исторический,исторический,NOUN,1,0,,,,,
"Алексеев, Николай Николаевич",мужской,0,В грозу народную,In the People's Storm,Роман XVII века Н.Н. Алексеева,1902,Отд. изд.,1,Санкт-Петербург; Москва,исторический роман,аристократия прошлого,3 лицо,исторический,исторический,PREP NOUN ADJF,3,0,,,,,
"Зарин, Андрей Ефимович",мужской,0,Казнь,The Execution,Роман,1902,Отд. изд.,1,Санкт-Петербург,детективный,"разночинцы, криминальный мир",3 лицо,детективный,криминальный,NOUN,1,0,детективный,социально-психологический,уголовный,,
"Тимофеева-Починковская, Варвара Васильевна",женский,0,В шестидесятых годах,In the Sixties,Повесть,1902,Новое дело,0,,,,3 лицо,,,PREP ADJF NOUN,3,0,,,,,
"Круглов, Александр Васильевич",мужской,0,Веселые похороны,A Merry Funeral,Роман,1903,Отд. изд.,1,Москва,"социально-психологический, мещане, мелкие чиновники",,,социально-психологический,социально-психологический,ADJF NOUN,2,0,,,,,
"Булгаковский, Дмитрий Гаврилович",мужской,0,Близнецы,The Twins,роман в 2 частях,1903,Отд. изд.,1,Санкт-Петербург,социально-психологический,аристократы,,социально-психологический,социально-психологический,NOUN,1,0,,,,,
"Будищев, Алексей Николаевич",мужской,0,Солнечные дни,Sunny Days,Роман,1903,Вестник Европы,1,Москва,"социально-психологический, детективный, помещики",помещики,3 лицо,социально-психологический,социально-психологический,ADJF NOUN,2,0,,,,,
"Кулиш, Пантелеймон Александрович",мужской,0,Искатели счастья,Seekers of Fortune,Посмертный роман П. А. Кулиша,1903,Ежемесячные сочинения,0,,утопический,,1 лицо,утопический,утопический,NOUN NOUN,2,0,,,,,
"Богораз, Владимир Германович",мужской,0,Восемь племен,Eight Tribes,Роман,1903,Мир божий,0,,исторический,древние народы,3 лицо,исторический,исторический,NUMR NOUN,2,0,исторический,этнографический,приключенческий,,
"Снегина, Ольга Павловна",женский,1,На гастролях,On Tour,роман,1903,Отд. изд.,1,Санкт-Петербург,"любовный, актеры",,,любовный,любовный,PREP NOUN,2,0,,,,,
"Крыжановская (Рочестер), Вера Ивановна",женский,0,Светочи Чехии,The Luminaries of Bohemia,Исторический роман из эпохи пробуждения чешского национального самосознания,1903,Русский вестник,0,,"исторический, средневековье",аристократы,3 лицо,исторический,исторический,NOUN NOUN,2,0,исторический,религиозный,идеологический,,
"Лунин, Виктор Алексеевич",мужской,0,Былое время,Days Gone By,Роман в 2-х ч,1903,Отд. изд.,1,Москва,,,,,,ADJF NOUN,2,0,,,,,
"Северцев-Полилов, Георгий Тихонович",мужской,1,Развиватели,The Developers,Роман,1903,Отд. изд.,1,Санкт-Петербург,художники,"художники, рабочие, семейная пара",3 лицо,,,NOUN,1,0,социально-психологический,идеологический,,,
"Эльснер-Коранский, Анатолий Оттович",мужской,1,Железный доктор,The Iron Doctor,Роман,1903,Отд. изд.,1,Санкт-Петербург,детективный,,3 лицо,детективный,криминальный,ADJF NOUN,2,0,детективный,фантастический,авантюрный,,
"Цеханович, Александр Николаевич",мужской,0,Лишние люди,Superfluous People,Роман А.Н. Цехановича,1903,Отд. изд.,1,Санкт-Петербург,,,,,,ADJF NOUN,2,0,,,,,
"Потапенко, Игнатий Николаевич",мужской,0,Мать и дочь,Mother and Daughter,роман,1903,Мир Божий,0,,социально-психологический,женщины,3 лицо,социально-психологический,социально-психологический,NOUN CONJ NOUN,3,0,,,,,
"Крыжановская (Рочестер), Вера Ивановна",женский,0,На соседней планете,On a Neighbouring Planet,Роман,1903,Отд. изд.,1,Санкт-Петербург,"утопический, приключенческий, оккультный","маги, индус, европейцы",3 лицо,утопический,утопический,PREP ADJF NOUN,3,0,утопический,приключенческий,фантастический,оккультный,
"Льдов, Константин",мужской,1,Пустыня внемлет,The Desert Hearkens,Роман,1903,Отд. изд.,1,Санкт-Петербург,психологический роман; сумасшедший,служащие,3 лицо,психологический,психологический,NOUN NOUN,2,0,,,,,
"Амфитеатров, Александр Валентинович",мужской,0,Марья Лусьева,Marya Lusyeva,,1903,Приазовский край (г),0,,криминальный,Проститутки,3 лицо,криминальный,криминальный,NOUN NOUN,2,0,уголовный,социально-психологический,нравоописательный,,
"Тютчев, Федор Федорович",мужской,0,На скалах и долинах Дагестана,On the Rocks and in the Valleys of Dagestan,Роман из времен борьбы с Шамилем за владычество на Кавказе,1903,Отд. изд.,1,Санкт-Петербург,,,3 лицо,,,PREP NOUN CONJ NOUN NOUN,5,0,исторический,этнографический,авантюрный,,
"Красницкий, Александр Иванович",мужской,0,Манчжурское золото,Manchurian Gold,Роман,1903,Отд. изд.,1,Санкт-Петербург,,,,,,ADJF NOUN,2,0,,,,,
"Волконский, Михаил Николаевич",мужской,0,Гамлет XVIII века,A Hamlet of the Eighteenth Century,Роман из времен Павла I,1903,Русский вестник,0,,историко-авантюрный роман,,3 лицо,исторический,исторический,NOUN NUMR NOUN,3,0,исторический,авантюрный,психологический,философский,
"Волконский, Михаил Николаевич",мужской,0,Сокровище родины,The Treasure of the Fatherland,Роман кн. М. Н. Волконского,1903,Вокруг света,0,,приключенческий роман,,3 лицо,приключенческий,приключенческий,NOUN NOUN,2,0,,,,,
"Фёдоров, Александр Митрофанович",мужской,0,Земля,The Earth,Роман,1903,Русское богатство,0,,,,,,,NOUN,1,0,,,,,
"Минцлов, Сергей Рудольфович",мужской,0,В грозу,In the Thunderstorm,Историческая повесть из эпохи Петра Великого,1903,Отд. изд.,1,Рига,,,,,,PREP NOUN,2,0,,,,,
"Оболенский, Леонид Егорович",мужской,0,На развалинах,On the Ruins,Роман,1903,Вестник Европы,0,,социально-психологический,врачи,3 лицо,социально-психологический,социально-психологический,PREP NOUN,2,0,,,,,
"Окрейц, Станислав Станиславович",мужской,0,Как я избег виселицы,How I Escaped the Gallows,(Рассказ помещика),1903,Речь,0,,,,1 лицо,,,CONJ NPRO VERB NOUN,4,0,,,,,
"Окрейц, Станислав Станиславович",мужской,0,Чья вина?,Whose Fault?,Роман в двух частях,1903,Речь,0,,,,3 лицо,,,ADJF NOUN,2,0,,,,,
"Салиас, Евгений Андреевич",мужской,1,Военные мужики,Soldier-Peasants,Роман,1903,Исторический вестник,0,,"исторический, военные поселения, аракчеев, бунт",,,исторический,исторический,NOUN NOUN,2,0,,,,,
"Марков, Владислав Львович",мужской,0,Рассвет,Dawn,Предки в трудное время,1903,Русский вестник,0,,исторический,военные,3 лицо,исторический,исторический,NOUN,1,0,,,,,
"Пазухин, Алексей Михайлович",мужской,0,Княгиня Бутырская,Princess Butyrskaya,Роман,1903,Отд. изд.,1,Москва,"социально-психологический, аристократы",дворяне,3 лицо,социально-психологический,социально-психологический,NOUN ADJF,2,0,,,,,
"Апраксин, Александр Дмитриевич",мужской,0,Тернистый путь,A Thorny Path,Роман в 2-х частях,1903,Отд. изд.,1,Санкт-Петербург,психологический,дворяне,3 лицо,психологический,психологический,ADJF NOUN,2,0,,,,,
"Голицын (Муравлин), Дмитрий Петрович",мужской,0,На Руси,In Russia,Роман,1903,Русский вестник,1,Санкт-Петербург,социально-психологический,,3 лицо,социально-психологический,социально-психологический,PREP NOUN,2,0,,,,,
"Марков, Владислав Львович",мужской,0,В уездной глуши,In the Provincial Backwoods,,1903,Отд. изд.,1,Санкт-Петербург,,,,,,PREP ADJF NOUN,3,0,,,,,
Энпе,мужской,1,История одного преступления: (Власть сердца),The History of a Crime (The Power of the Heart),Из воспоминаний судеб. следователя Н.Е. П-ва.,1903,Отд. изд.,1,Москва,,,,,,NOUN ADJF NOUN NOUN NOUN,5,0,,,,,
"Старицкий, Михаил Петрович",мужской,0,Разбойник Кармелюк,The Brigand Karmelyuk,Исторический роман,1903,Московский листок,0,,,,3 лицо,,,NOUN NOUN,2,0,,,,,
"Светлов, Валериан Яковлевич",мужской,1,В муравейнике,In the Anthill,Роман,1904,Вестник Европы,0,,социально-психологический,дворяне,3 лицо,социально-психологический,социально-психологический,PREP NOUN,2,0,,,,,
"Волконский, Михаил Николаевич",мужской,0,Юный герой,The Young Hero,роман,1904,Вокруг света,0,,приключенческий роман,,,приключенческий,приключенческий,ADJF NOUN,2,0,,,,,
"Мясницкий, Иван Ильич",мужской,1,Старообрядка,The Old Believer Woman,роман,1904,Отд. изд.,1,Москва,"социоально-бытовой, купцы",купцы,3 лицо,социальный,социальный,NOUN,1,0,,,,,
"Светлов, Валериан Яковлевич",мужской,1,Семья Варавиных,The Varavin Family,роман,1904,Отд. изд.,1,Санкт-Петербург,"социально-психологический, нацшеанцы",,,социально-психологический,социально-психологический,NOUN NOUN,2,0,,,,,
"Мережковский, Дмитрий Сергеевич",мужской,0,Антихрист. Петр и Алексей,The Antichrist: Peter and Alexis,,1904,Новый путь,0,,"трилогия ""христос и антихрист"". исторический, религиозно-философский роман","царевич Алексей Петрович, Петр I, дворяне",3 лицо,философский,философский,NOUN NOUN CONJ NOUN,4,1,исторический,религиозный,философский,символистский,биографический
"Пилипенко, Г.М.",мужской,0,Токио в наши дни,Tokyo in Our Days,роман,1904,Русский вестник,0,,политический,аристократы,3 лицо,политический,социальный,NOUN PREP ADJF NOUN,4,0,,,,,
"Волконский, Михаил Николаевич",мужской,0,Ищите и найдете,Seek and Ye Shall Find,роман,1904,Родина,1,Санкт-Петербург,"историко-авантюрный роман, неофициальная история",художники,3 лицо,исторический,исторический,VERB CONJ VERB,3,0,исторический,авантюрный,детективный,политический,
Энпе,мужской,1,Отмщение,Vengeance,Из мира погибших: Роман,1904,Отд. изд.,1,Москва,,,,,,NOUN,1,0,,,,,
"Дмитриев, Дмитрий Савватиевич",мужской,0,Змей огненный,The Fiery Serpent,роман,1904,Отд. изд.,1,Москва,"исторический, придворные",,,исторический,исторический,NOUN ADJF,2,0,,,,,
"Крыжановская (Рочестер), Вера Ивановна",женский,0,Из Мрака к Свету,From Darkness to Light,роман,1904,Отд. изд.,1,Санкт-Петербург,оккультный,,,оккультный,фантастический,PREP NOUN PREP NOUN,4,0,,,,,
"Светлов, Валериан Яковлевич",мужской,1,Новые песни,New Songs,роман,1904,Отд. изд.,1,Санкт-Петербург,,,,,,NOUN NOUN,2,0,,,,,
"Вольский, А.",женский,1,Под грозой,Under the Storm,Повесть,1904,Отд. изд.,1,Санкт-Петербург,,,3 лицо,,,PREP NOUN,2,0,,,,,
"Фёдоров, Александр Митрофанович",мужской,0,Природа,Nature,Роман в 3-х частях,1904,Мир божий,0,,,,3 лицо,,,NOUN,1,0,социально-психологический,философский,бытовой,,
"Северцев-Полилов, Георгий Тихонович",мужской,1,Во времена Боголюбского,In the Time of Bogolyubsky,Исторический роман Г. Т. Северцева,1904,Родная речь,0,,"исторический, разночинцы",,3 лицо,исторический,исторический,PREP NOUN ADJF,3,0,,,,,
"Северцев-Полилов, Георгий Тихонович",мужской,1,Кому лучше?,Who Is Better Off?,роман,1904,Отд. изд.,1,Санкт-Петербург,соц.-психологический,помещики,3 лицо,социально-психологический,социально-психологический,NOUN COMP,2,0,,,,,
"Севрова, Н.Б.",женский,1,Крест материнства. Тайный дневник,The Cross of Motherhood: A Secret Diary,роман,1904,Отд. изд.,1,Санкт-Петербург,"психологический роман, судьба женщины",,,психологический,психологический,NOUN NOUN ADJF NOUN,4,0,,,,,
Граф Амори,мужской,1,Тайны японского двора,The Mysteries of the Japanese Court,роман,1904,Свет,1,Санкт-Петербург,авантюрно-приключенческий,аристократы,3 лицо,авантюрный,приключенческий,NOUN ADJF NOUN,3,0,авантюрный,приключенческий,экзотический,исторический,
"Минцлов, Сергей Рудольфович",мужской,0,В лесах Литвы,In the Forests of Lithuania,историческая повесть,1904,Отд. изд.,1,Санкт-Петербург,авантюрный,рыцари,3 лицо,авантюрный,приключенческий,PREP NOUN NOUN,3,0,,,,,
"Новикова-Зарина, Екатерина Ивановна",женский,0,Князь Борис Тишин,Prince Boris Tishin,роман,1904,Отд. изд.,1,Санкт-Петербург,"культурно-исторический, князья",,,исторический,исторический,NOUN NOUN NOUN,3,0,,,,,
"Богораз, Владимир Германович",мужской,0,За океаном,Beyond the Ocean,роман,1904,Мир божий,1,Санкт-Петербург,"соц.-психологический, русские эмигранты в америке",эмигранты,3 лицо,социально-психологический,социально-психологический,PREP NOUN,2,0,,,,,
"Амфитеатров, Александр Валентинович",мужской,0,Виктория Павловна (именины),Viktoriya Pavlovna (The Name-Day),,1904,Отд. изд.,1,Санкт-Петербург,феминистический роман,женщины,1 лицо,феминистический,женский,NOUN NOUN NOUN,3,0,,,,,
"Стахеев, Дмитрий Иванович",мужской,0,Отелло и гладиаторы,Othello and Gladiators,Рассказ Д. И. Стахеева,1904,Русский вестник,0,,,,3 лицо,,,NOUN CONJ NOUN,3,0,,,,,
"Стахеев, Дмитрий Иванович",мужской,0,Отец Мартин и его сослуживцы (Замоскворецкая старина),Father Martin and His Colleagues (Old Zamoskvorechye),,1904,Русский вестник,0,,,,1 лицо,,,NOUN NOUN CONJ NPRO NOUN ADJF NOUN,7,0,,,,,
"Емельянов-Коханский, Александр Николаевич",мужской,0,"Записки грешника. Книга злобы, ненависти, насмешки","Notes of a Sinner: A Book of Spite, Hatred, and Mockery",роман,1904,Отд. изд.,1,Москва,,,,,,NOUN NOUN NOUN NOUN NOUN NOUN,6,0,,,,,
"Жданов, Лев",мужской,1,Царь Иоанн Грозный,Tsar Ivan the Terrible,историческая повесть,1904,Отд. изд.,1,Санкт-Петербург,"исторический, дворяне",Иван Грозный; дворяне,3 лицо,исторический,исторический,NOUN NOUN NOUN,3,0,исторический,биографический,политический,психологический,
"Северцев-Полилов, Георгий Тихонович",мужской,1,Боярыня Морозова,Boyarynya Morozova,Повесть из истории русского раскола,1904,Отд. изд.,1,Санкт-Петербург,"исторический, дворяне",дворяне,3 лицо,исторический,исторический,NOUN NOUN,2,0,,,,,
"Пазухин, Алексей Михайлович",мужской,0,На сцене жизни,On the Stage of Life,роман,1904,Отд. изд.,1,Москва,театральный быт,влюблённые,3 лицо,,,PREP NOUN NOUN,3,0,,,,,
"Уманов-Каплуновский, Владимир Васильевич",мужской,0,Фарисеи,The Pharisees,роман,1904,Русский вестник,0,,психологический роман,дворяне,3 лицо,психологический,психологический,NOUN,1,0,,,,,
"Красницкий, Александр Иванович",мужской,0,Змея в кольце,A Serpent in a Ring,роман,1904,Отд. изд.,1,Санкт-Петербург,,,,,,NOUN PREP NOUN,3,0,,,,,
"Апраксин, Александр Дмитриевич",мужской,0,Три плута,Three Rogues,роман из столичной уголовной хроники,1904,Отд. изд.,1,Санкт-Петербург,уголовный роман,мелкие чиновники,3 лицо,уголовный,криминальный,NUMR NOUN,2,0,уголовный,авантюрный,социально-психологический,,
"Жданов, Лев",мужской,1,Закат,The Decline,роман в 2 частях,1905,Отд. изд.,1,Санкт-Петербург; Москва,,,,,,NOUN,1,0,,,,,
"Голохвастов, К.К.",мужской,0,"Князь Япанча, лихой татарский наездник","Prince Yapancha, the Daring Tatar Horseman",Историческая повесть из времен покорения Казани царем Иоанном Грозным,1905,Отд. изд.,1,Санкт-Петербург,"исторический, опричники, казань, иван грозный",,,исторический,исторический,NOUN NOUN ADJF ADJF NOUN,5,0,,,,,
"Лейкин, Николай Александрович",мужской,0,В родном углу,In One's Native Corner,роман,1905,Отд. изд.,1,Санкт-Петербург,социально-психологический,дворяне,3 лицо,социально-психологический,социально-психологический,PREP ADJF NOUN,3,0,,,,,
"Апраксин, Александр Дмитриевич",мужской,0,Родня,Kinsfolk,роман,1905,Русский вестник,0,,"автобиографический роман, детство и юность апраксина",,,автобиографический,биографический,NOUN,1,0,,,,,
"Дмитриев, Дмитрий Савватиевич",мужской,0,Полудержавный властелин,The Half-Sovereign Ruler,исторический роман,1905,Отд. изд.,1,Москва,"исторический, придворные",,,исторический,исторический,ADJF NOUN,2,0,,,,,
"Басанин, Марк",женский,1,Кружковцы,The Circle Members,роман,1905,Исторический вестник,0,,психологический,общинники,3 лицо,психологический,психологический,NOUN,1,0,,,,,
"Аничкова, Идалия Мечиславовна",женский,0,Из жизни женщины,From a Woman's Life,роман,1905,Отд. изд.,1,Санкт-Петербург; Москва,,,,,,PREP NOUN NOUN,3,0,,,,,
"Красницкий, Александр Иванович",мужской,0,Царица хунхузов,The Queen of the Khunkhuz,роман,1905,Отд. изд.,1,Санкт-Петербург,русский уголовный роман в 3 ч.,,,уголовный,криминальный,NOUN NOUN,2,0,,,,,
"Сологуб, Федор Кузьмич",мужской,1,Мелкий бес,The Petty Demon,роман,1905,Вопросы жизни,1,Санкт-Петербург,"социально-психологический, декадентский; разночинцы, дворяне, мещане, учителя",разночинцы,3 лицо,социально-психологический,социально-психологический,ADJF NOUN,2,1,социально-психологический,символистский,сатирический,,
"Волконский, Михаил Николаевич",мужской,0,Ерш и Пыж,Ruff and Wadding,роман,1905,Родина,0,,приключенческий роман,,,приключенческий,приключенческий,NOUN CONJ NOUN,3,0,,,,,
"Голицын (Муравлин), Дмитрий Петрович",мужской,0,Святыни,Sacred Things,роман,1905,Русский вестник,1,Санкт-Петербург,социально-психологический,чиновники,3 лицо,социально-психологический,социально-психологический,NOUN,1,0,,,,,
"Соколов, Александр Алексеевич",мужской,1,Севастополь и севастопольцы,Sevastopol and Its People,Историческая хроника-роман,1905,Отд. изд.,1,Санкт-Петербург,исторический,,,исторический,исторический,NOUN CONJ NOUN,3,0,,,,,
"Киснемский, Семен Петрович",мужской,0,Предсказание ворожеи,The Fortune-Teller's Prophecy,Роман,1905,Отд. изд.,1,Санкт-Петербург,исторический роман; допетровская русь,,,исторический,исторический,NOUN NOUN,2,0,,,,,
"Северцев-Полилов, Георгий Тихонович",мужской,1,Княжой отрок,The Prince's Lad,Историческая повесть из преданий XIII в.,1905,Отд. изд.,1,Москва,"исторический, дворяне",дворяне,3 лицо,исторический,исторический,ADJF NOUN,2,0,исторический,роман воспитания,авантюрный,,
"Северцев-Полилов, Георгий Тихонович",мужской,1,Яд,Poison,Роман,1905,Отд. изд.,1,Санкт-Петербург,роман из жизни артистов-любителей,артисты-любители,,,,NOUN,1,0,,,,,
"Сергеенко, Петр Алексеевич",мужской,0,Галя,Galya,Рассказ,1905,Отд. изд.,1,Москва,"семейный, дети",,,семейный,семейный,NOUN,1,0,,,,,
"Гейнце, Николай Эдуардович",мужской,0,Месть дивы,The Revenge of the Div,роман,1905,Отд. изд.,1,Санкт-Петербург,уголовно-бытовой; детектив,,,уголовный,криминальный,NOUN NOUN,2,0,,,,,
"Голохвастов, К.К.",мужской,0,Новый цыган Яшка,The New Gypsy Yashka,Роман из современной жизни,1906,Отд. изд.,1,Санкт-Петербург,"детективный, цыгане",,,детективный,криминальный,ADJF NOUN NOUN,3,0,,,,,
"Бебутова, Ольга Михайловна",женский,0,Декабристы,The Decembrists,большой исторический роман,1906,Отд. изд.,1,Санкт-Петербург,"исторический, декабристы",,,исторический,исторический,NOUN,1,0,,,,,
"Алтаев, Ал.",женский,1,"Под знаменем ""Башмака""",Under the Banner of the 'Bundschuh',роман в 2 частях,1906,Отд. изд.,1,Санкт-Петербург,исторический роман,"Т. Мюнцер, крестьянская война в Германии",3 лицо,исторический,исторический,PREP NOUN NOUN,3,0,,,,,
"Фёдоров, Александр Митрофанович",мужской,0,Камни,Stones,Роман,1906,Мир божий,0,,,,,,,NOUN,1,0,,,,,
"Круглов, Александр Васильевич",мужской,0,Вне цеха,Outside the Guild,роман,1906,Вестник Европы,0,,"социально-психологический, мещане, мелкие чиновники",мелкие чиновники,3 лицо,социально-психологический,социально-психологический,PREP NOUN,2,0,,,,,
"Емельянченко, Иван Яковлевич",мужской,0,За границей,Abroad,роман,1906,Новое обозрение,0,,"социально-психологический, эммигранты",,,социально-психологический,социально-психологический,PREP NOUN,2,0,,,,,
"Оленин, Пётр Алексеевич",мужской,0,Как он жил,How He Lived,роман,1906,Отд. изд.,1,Нижний Новгород,психологический,,,психологический,психологический,CONJ NPRO VERB,3,0,,,,,
"Новиков, Иван Алексеевич",мужской,0,Из жизни духа,From the Life of the Spirit,роман,1906,Отд. изд.,1,Санкт-Петербург,"психологический роман, студенты, нравственность, философия, интеллигенция, вечно женственное",интеллигенция,,психологический,психологический,PREP NOUN NOUN,3,0,,,,,
"Голохвастов, К.К.",мужской,0,Страшный злодей и разбойник Федот Чуркин,The Terrible Villain and Brigand Fedot Churkin,роман в 4 частях,1906,Отд. изд.,1,Санкт-Петербург,"детективный, уголовный, воры",,,детективный,криминальный,ADJF NOUN CONJ NOUN NOUN NOUN,6,0,,,,,
"Соколова, Александра Ивановна",женский,0,Гордиев узел,The Gordian Knot,Уголовный роман из современной жизни,1906,Свет,0,,,,,,,NOUN NOUN,2,0,,,,,
"Крыжановская (Рочестер), Вера Ивановна",женский,0,Мертвая петля,The Death Loop,роман,1906,Отд. изд.,1,Санкт-Петербург,оккультный,"евреи, поляки",3 лицо,оккультный,фантастический,ADJF GRND,2,0,оккультный,фантастический,мистический,авантюрный,
"Пазухин, Алексей Михайлович",мужской,0,Лунные ночи,Moonlit Nights,роман,1906,Отд. изд.,1,Москва,социально-психологический,купцы,3 лицо,социально-психологический,социально-психологический,ADJF NOUN,2,0,,,,,
Граф Амори,мужской,1,1905 - кровавый год,1905: The Bloody Year,роман,1906,Отд. изд.,1,Санкт-Петербург,"политический, роман-хроника, освободительные движения",,,политический,социальный,NUMR ADJF NOUN,4,0,,,,,
"Кузмин, Михаил Алексеевич",мужской,0,Крылья,Wings,повесть в 3 частях,1906,Весы,1,Москва,"социально-психологический, любовный, гомоэротика","студенты, преподаватели, первая любовь",3 лицо,социально-психологический,социально-психологический,NOUN,1,0,социально-психологический,любовный,,,
"Крыжановская (Рочестер), Вера Ивановна",женский,0,Паутина,The Web,роман,1906,Русский вестник,0,,психологический,дворяне,3 лицо,психологический,психологический,NOUN,1,0,,,,,
"Кашкаров, Иван Дмитриевич",мужской,0,Трудники русской земли,Labourers of the Russian Land,Роман,1906,Мирный труд,0,,роман-хроника,,,хроника,исторический,NOUN ADJF NOUN,3,0,,,,,
"Крыжановская (Рочестер), Вера Ивановна",женский,0,Эпизод из жизни Тиверия,An Episode from the Life of Tiberius,Ист. повесть,1906,Свет,1,Санкт-Петербург,"исторический, древний рим",,,исторический,исторический,NOUN PREP NOUN NOUN,4,0,,,,,
"Пазухин, Алексей Михайлович",мужской,0,На баррикаде,On the Barricade,роман,1906,Отд. изд.,1,Москва,"политический, любовный",мещане,3 лицо,политический,социальный,PREP NOUN,2,0,,,,,
"Волконский, Михаил Николаевич",мужской,0,Тайные силы,Secret Forces,роман,1907,Родина,0,,"историко-авантюрный роман, неофициальная история",графы,3 лицо,исторический,исторический,ADJF NOUN,2,0,исторический,авантюрный,мистический,политический,
"Минцлов, Сергей Рудольфович",мужской,0,Во тьме,In the Dark,повесть,1907,Отд. изд.,1,Санкт-Петербург,из быта раскольников,раскольники,,бытоописательный,описательный,PREP NOUN,2,0,,,,,
"Арцыбашев, Михаил Петрович",мужской,0,Санин,Sanin,роман,1907,Современный мир,0,,социально- психологический роман,архитектор,3 лицо,социально-психологический,социально-психологический,NOUN,1,0,социально-психологический,философский,идеологический,,
"Наживин, Иван Федорович",мужской,0,Менэ… тэкел… фарес…,Mene... Tekel... Peres...,роман,1907,Отд. изд.,1,Москва,автобиографический роман,купцы,,автобиографический,биографический,NOUN NOUN NOUN,3,0,,,,,
"Луговой, Алексей Алексеевич",мужской,1,Наши дни. Семейная история,Our Days: A Family History,роман,1907,Вестник Европы,0,,"социально-психологический, дворяне",дворяне,3 лицо,социально-психологический,социально-психологический,ADJF NOUN ADJF NOUN,4,0,,,,,
"Тютчев, Федор Федорович",мужской,0,Злая сила,An Evil Force,Роман из жизни на русской окраине,1907,Отд. изд.,1,Санкт-Петербург,,,3 лицо,,,ADJF NOUN,2,0,социально-психологический,идеологический,бытовой,,
"Сергеев-Ценский, Сергей Николаевич",мужской,1,Бабаев,Babaev,роман,1907,Современный мир; Образование,0,,"социально-психологический, военные",военные,3 лицо,социально-психологический,социально-психологический,NOUN,1,0,социально-психологический,военный,идеологический,,
"Богданов, Александр Александрович",мужской,0,Красная звезда,Red Star,роман-утопия,1907,Отд. изд.,1,Санкт-Петербург,"утопический, фантастика, научная фантастика",ученые,1 лицо,утопический,утопический,ADJF NOUN,2,0,,,,,
"Вербицкая, Анастасия Алексеевна",женский,0,Дух времени,The Spirit of the Age,Роман в 2 частях,1907,Отд. изд.,1,Москва,"исторический, любовный","революционеры, разночинцы",3 лицо,исторический,исторический,NOUN NOUN,2,0,исторический,любовный,феминистский,,
"Горький, Максим",мужской,1,Мать,The Mother,повесть,1907,Знание,0,,"социально-психологический, революционеры, рабочие, крестьяне",крестьяне,3 лицо,социально-психологический,социально-психологический,NOUN,1,1,социально-психологический,идеологический,политический,,
"Маклецова, Наталия Петровна",женский,0,Предатель,The Traitor,Повесть из жизни Народной воли,1907,Отд. изд.,1,Санкт-Петербург,"политический, народовольцы",,3 лицо,политический,социальный,NOUN,1,0,,,,,
"Потапенко, Игнатий Николаевич",мужской,0,История одной молодости,The Story of a Youth,роман,1907,Современный мир,0,,социально-психологический,,1 лицо,социально-психологический,социально-психологический,NOUN ADJF NOUN,3,0,,,,,
"Кондратьев, Александр Алексеевич",мужской,0,Сатиресса,The Satyress,Роман,1907,Отд. изд.,1,Москва,"мифологический, люди и мифические существа",люди и мифические существа,3 лицо,мифологический,фантастический,NOUN,1,0,фантастический,символистский,,,
"Крыжановская (Рочестер), Вера Ивановна",женский,0,Фараон Мернефта,Pharaoh Merneptah,роман,1907,Отд. изд.,1,Санкт-Петербург,"исторический, библия, древний египет, моисей",,1 лицо,исторический,исторический,NOUN NOUN,2,0,исторический,религиозный,экзотический,мистический,
"Светлов, Валериан Яковлевич",мужской,1,Темный блеск,A Dark Lustre,Роман,1907,Отд. изд.,1,Санкт-Петербург,семейно-бытовой,,,семейный,семейный,ADJF NOUN,2,0,,,,,
"Сологуб, Федор Кузьмич",мужской,1,Творимая легенда,The Created Legend,Роман,1907,Шиповник,0,,"социально-психологический, (?) утопический; творческие люди; трилогия",интеллигенция,1 лицо,социально-психологический,социально-психологический,PRTF NOUN,2,1,,,,,
"Головин (Орловский), Константин Федорович",мужской,1,Язычники,The Pagans,роман в 2 частях,1907,Отд. изд.,1,Санкт-Петербург,роман о современной жизни,,,бытоописательный,описательный,NOUN,1,0,,,,,
"Эльснер, Анатолий Оттович",мужской,1,"Грозный идол, или Строители ада на земле","The Terrible Idol, or The Builders of Hell on Earth",социальный роман,1907,Отд. изд.,1,Санкт-Петербург,"фантастика, утопия, антиутопия, социальный, аллегория",,,фантастический,фантастический,NOUN NOUN CONJ NOUN NOUN PREP NOUN,7,0,,,,,
"Брюсов, Валерий Яковлевич",мужской,0,Огненный ангел,The Fiery Angel,роман,1907,Весы,1,Москва,"символистский, ангелы, демоны, жизнетворчество","разночинцы, студенты",1 лицо,символистский,символистский,ADJF NOUN,2,1,,,,,
"Сологуб, Федор Кузьмич",мужской,1,Капли крови,Drops of Blood,1 часть романа-трилогии,1908,Шиповник,1,Санкт-Петербург,"социально-психологический, символистский, любовный, философский, фантастический","дворяне, разночинцы, революционеры",1 лицо + 3 лицо,социально-психологический,социально-психологический,NOUN NOUN,2,1,социально-психологический,символистский,любовный,философский,
"Амфитеатров, Александр Валентинович",мужской,0,Княжна,The Young Princess,роман,1908,"Знание, сб",0,,исторический,высшее дворянство,3 лицо,исторический,исторический,NOUN,1,0,исторический,социально-психологический,бытовой,,
"Каменский, Анатолий Павлович",мужской,0,Люди,People,роман,1908,Образование,1,Санкт-Петербург,"социально-психологический, любовный","научное сообщество, дворяне,",3 лицо,социально-психологический,социально-психологический,NOUN,1,0,социально-психологический,любовный,бытовой,,
"Орловец, П.",мужской,1,От каторги к миллионам,From Hard Labour to Millions,Роман в 2 частях,1908,Отд. изд.,1,Москва,,,,,,PREP NOUN PREP NOUN,4,0,,,,,
"Брешко-Брешковский, Николай Николаевич",мужской,0,Чемпион мира,The Champion of the World,повесть,1908,Отд. изд.,1,Санкт-Петербург,"социально-психологическйи, борцы",,,социально-психологический,социально-психологический,NOUN NOUN,2,0,,,,,
"Брешко-Брешковский, Николай Николаевич",мужской,0,Гладиаторы наших дней,Gladiators of Our Day,роман,1908,Отд. изд.,1,Санкт-Петербург,"социально-психологическйи, борцы",,,социально-психологический,социально-психологический,NOUN ADJF NOUN,3,0,,,,,
"Амфитеатров, Александр Валентинович",мужской,0,Восьмидесятники,The Men of the Eighties,роман,1908,Отд. изд.,0,,из эпопеи «концы и начала»,"дворяне, разночинцы, военные",3 лицо,эпопея,исторический,NOUN,1,0,исторический,хроникальный,бытовой,,
"Крашенинников, Николай Александрович",мужской,0,Дети,Children,Роман: в 2 ч.,1908,Отд. изд.,1,Москва,"соц. психологичский, исторический / разные поколения людей",,,социально-психологический,социально-психологический,NOUN,1,0,,,,,
"Фурман, Петр Романович",мужской,0,Ближний боярин Артемон Сергеевич Матвеев друг царя и народа,"The Boyar Artemon Sergeyevich Matveyev, Friend of the Tsar and the People",исторический роман в 2 частях : с портретами и картинами,1908,Отд. изд.,1,Санкт-Петербург,исторический,"бояре, дворяне",3 лицо,исторический,исторический,NOUN NOUN NOUN NOUN NOUN NOUN NOUN CONJ NOUN,9,0,,,,,
"Свенцицкий, Валентин Павлович",мужской,0,Антихрист,The Antichrist,роман,1908,Отд. изд.,1,Санкт-Петербург,записки стран. человека; исповедь,,1 лицо,,,NOUN,1,0,религиозный,философский,психологический,,
"Крыжановская (Рочестер), Вера Ивановна",женский,0,Бенедиктинское аббатство,The Benedictine Abbey,роман,1908,Отд. изд.,1,Санкт-Петербург,"исторический, средневековье, приключения, готический, мистика, романтика",воины,1 лицо,исторический,исторический,ADJF NOUN,2,0,исторический,приключенческий,готический,мистический,
"Семёнов, Владимир Иванович",мужской,0,Царица мира,The Queen of the World,роман-фантазия,1908,Отд. изд.,1,Санкт-Петербург; Москва,"фантастический роман, роман-фантазия, дирижабли, воздухоплавание, катастрофа, утопия, антиутопия, памфлет, любовь, детектив",,,фантастический,фантастический,NOUN NOUN,2,0,,,,,
"Боборыкин, Петр Дмитриевич",мужской,0,Великая разруха,The Great Ruin,Семейная хроника,1908,Отд. изд.,1,Москва,соц.-психологический,"дворяне, революционеры",3 лицо,социально-психологический,социально-психологический,ADJF NOUN,2,0,,,,,
"Новиков, Иван Алексеевич",мужской,0,Золотые кресты,Golden Crosses,роман,1908,Отд. изд.,1,Москва,"роман о нигилизме, эзотерический, любовный","творческие люди, молодёжь",3 лицо,антинигилистический,социальный,NOUN NOUN,2,0,идеологический,эзотерический,любовный,психологический,
"Апраксин, Александр Дмитриевич",мужской,0,Хищники,The Predators,роман из столичной уголовной жизни,1908,Отд. изд.,1,Санкт-Петербург,уголовный роман,,,уголовный,криминальный,NOUN,1,0,,,,,
"Бебутова, Ольга Михайловна",женский,0,Хищники,The Predators,Роман из петербургской жизни,1908,Петербургский Листок,0,,детективный,,,детективный,криминальный,NOUN,1,0,,,,,
"Светлов, Валериан Яковлевич",мужской,1,Неравный брак,An Unequal Marriage,Роман,1908,Отд. изд.,1,Санкт-Петербург,,,,,,ADJF NOUN,2,0,,,,,
"Фёдоров, Александр Митрофанович",мужской,0,Подвиг,The Deed,Роман,1908,Современный мир,0,,,,,,,NOUN,1,0,,,,,
"Богораз, Владимир Германович",мужской,0,Жертвы дракона,Victims of the Dragon,роман,1909,Современный мир,0,,"исторический, этнографический (фентези?), легенды народов севера","народы Севера, племенные общинники",3 лицо,исторический,исторический,NOUN NOUN,2,0,исторический,этнографический,фантастический,фольклорный,
"Амфитеатров, Александр Валентинович",мужской,0,Сумерки божков,The Twilight of the Little Gods,роман,1909,Отд. изд.,1,Санкт-Петербург,"драма, роман воспитания (карьеры), любовный (?)",творческие люди (опера),3 лицо,воспитания,воспитания,NOUN NOUN,2,0,роман воспитания,социально-психологический,любовный,,
"Вербицкая, Анастасия Алексеевна",женский,0,Ключи счастья,The Keys to Happiness,современный роман,1909,Отд. изд.,1,Москва,"светский, любовный",разночинцы,3 лицо,светский,светский,NOUN NOUN,2,0,светский,любовный,социально-психологический,феминистский,
"Травин, Петр Александрович",мужской,0,Волк в овечьей шкуре,A Wolf in Sheep's Clothing,Роман,1909,Доля бедняка,0,,,,3 лицо,,,NOUN PREP ADJF NOUN,4,0,,,,,
"Травин, Петр Александрович",мужской,0,Страшный разбойник Дезори – ненавистник женщин,"The Terrible Brigand Dezori, Hater of Women",,1909,Отд. изд.,1,Москва,,,,,,ADJF NOUN NOUN NOUN NOUN,6,0,,,,,
"Измайлов, Александр Алексеевич",мужской,0,Ураган,The Hurricane,роман,1909,Отд. изд.,1,Москва,"любовный, социально-психологический, роман воспитания","творческие люди, горожане",3 лицо,любовный,любовный,NOUN,1,0,,,,,
"Светлов, Валериан Яковлевич",мужской,1,Змея и чаша,The Serpent and the Chalice,Роман,1909,Отд. изд. (СС),1,Санкт-Петербург,семейно-бытовой,,3 лицо,семейный,семейный,NOUN CONJ NOUN,3,0,,,,,
"Пазухин, Алексей Михайлович",мужской,0,Светлый луч,A Bright Ray,роман,1909,Отд. изд.,1,Москва,,,,,,ADJF NOUN,2,0,,,,,
"Рафалович, Сергй Львович",мужской,0,На весах справедливости,On the Scales of Justice,Комментарий к роману,1909,Отд. изд.,1,Санкт-Петербург,,,,,,PREP NOUN NOUN,3,0,,,,,
"Будищев, Алексей Николаевич",мужской,0,Бунт совести,A Revolt of Conscience,роман,1909,Отд. изд.,1,Санкт-Петербург,"социально-психологический, детективный, дворяне",,,социально-психологический,социально-психологический,NOUN NOUN,2,0,,,,,
"Сологуб, Федор Кузьмич",мужской,1,Королева Ортруда,Queen Ortruda,2 часть романа-трилогии,1909,Шиповник,1,Санкт-Петербург,"социально-психологический, символистский, любовный, философский, фантастический","дворяне, разночинцы, революционеры",3 лицо,социально-психологический,социально-психологический,NOUN NOUN,2,1,символистский,фантастический,философский,социально-психологический,
"Раскатов, Михаил",мужской,1,Антон Кречет,Anton Krechet,Роман,1909,Газета-копейка,0,,приключенческий,разбойник,3 лицо,приключенческий,приключенческий,NOUN NOUN,2,0,,,,,
"Маривэ, К.",женский,1,Семейный разлад,Family Discord,(Повесть),1909,Исторический вестник,0,,семейный,,3 лицо,семейный,семейный,ADJF NOUN,2,0,,,,,
"Раскатов, Михаил",мужской,1,В когтях дьявола,In the Devil's Clutches,Роман,1909,Газета-копейка,0,,"приключенческий, персонажи из цирка",,,приключенческий,приключенческий,PREP NOUN NOUN,3,0,,,,,
"Крыжановская (Рочестер), Вера Ивановна",женский,0,Адские чары,Infernal Spells,роман,1909,Свет,0,,"оккультный, любовный","дворяне, богема",3 лицо,оккультный,фантастический,ADJF NOUN,2,0,оккультный,любовный,мистический,готический,
"Фёдоров, Александр Митрофанович",мужской,0,За океан,Across the Ocean,,1909,Отд. изд.,1,Санкт-Петербург,,,,,,PREP NOUN,2,0,,,,,
"Богораз, Владимир Германович",мужской,0,Завоевание вселенной,The Conquest of the Universe,,1909,Италия (Сб),1,Санкт-Петербург,"научная фантастика, неоконченый роман",,1 лицо,фантастический,фантастический,NOUN NOUN,2,0,фантастический,философский,утопический,,
"Белый, Андрей",мужской,1,Серебряный голубь,The Silver Dove,Повесть в семи главах,1909,Весы,0,,"символистский, драма","крестьяне, духовенство, сектанты",3 лицо,символистский,символистский,ADJF NOUN,2,1,символистский,социально-психологический,мистический,идеологический,
"Арнольди, Нина (Анна) Александровна",женский,0,Василиса,Vasilisa,роман,1909,Отд. изд.,1,Санкт-Петербург,"любовный роман, трагедия","высшее дворянство, женщины",3 лицо,любовный,любовный,NOUN,1,0,,,,,
"Брешко-Брешковский, Николай Николаевич",мужской,0,Записки натурщицы,Notes of an Artist's Model,роман,1909,Отд. изд.,1,Санкт-Петербург,"социально-психологический, светские люди",,,социально-психологический,социально-психологический,NOUN NOUN,2,0,,,,,
"Анзимиров, Владимир Александрович",мужской,0,Алые розы Востока,Scarlet Roses of the East,роман,1909,Газета-копейка,0,,исторический,,,исторический,исторический,ADJF NOUN NOUN,3,0,,,,,
"Сергеенко, Петр Алексеевич",мужской,0,Андрей Щербина,Andrei Shcherbina,роман,1910,Русская мысль,0,,социально-психологический,,,социально-психологический,социально-психологический,NOUN NOUN,2,0,,,,,
"Амфитеатров, Александр Валентинович",мужской,0,Девятидесятники,The Men of the Nineties,роман,1910,Отд. изд.,1,Санкт-Петербург,"семейная хроника (из эпопеи «концы и начала. хроника 1880-1910»), любовный","дворяне, горожане, буржуазия",3 лицо,семейный,семейный,NOUN,1,0,,,,,
"Тыркова, Ариандна Владимировна",женский,0,Ночью,By Night,Повесть,1910,Русская мысль,0,,,,,,,ADVB,1,0,,,,,
"Крыжановская (Рочестер), Вера Ивановна",женский,0,В ином мире,In Another World,роман,1910,Отд. изд.,1,Санкт-Петербург,"утопический, приключенческий, оккультный",,3 лицо,утопический,утопический,PREP ADJF NOUN,3,0,,,,,
"Фонвизин, Сергей Иванович",мужской,0,Две жизни. Молодость Муханова,Two Lives: Mukhanov's Youth,Роман,1910,Отд. изд.,1,Санкт-Петербург,,,,,,NUMR NOUN NOUN ADJS,4,0,,,,,
"Пазухин, Алексей Михайлович",мужской,0,Разрушенное счастье,Shattered Happiness,роман,1910,Отд. изд.,1,Москва,"любовный, бытовой","служащие, разночинцы",3 лицо,любовный,любовный,PRTF NOUN,2,0,,,,,
"Амфитеатров, Александр Валентинович",мужской,0,Марья Лусьева за границей,Marya Lusyeva Abroad,повесть,1910,Одесские новости,0,,"социально-психологический, уголовный","проститутки, высшие классы",3 лицо,социально-психологический,социально-психологический,NOUN NOUN PREP NOUN,4,0,социально-психологический,уголовный,нравоописательный,,
"Раскатов, Михаил",мужской,1,Кладоискатели,The Treasure-Seekers,Роман,1910,Газета-копейка,0,,приключенческий,,,приключенческий,приключенческий,NOUN,1,0,,,,,
"Раскатов, Михаил",мужской,1,Из потока,From the Current,Роман,1910,Газета-копейка,0,,"авантюрно-приключенческий (с элементами научной фантастики), разбойник",,,авантюрный,приключенческий,PREP NOUN,2,0,,,,,
"Арцыбашев, Михаил Петрович",мужской,0,У последней черты,At the Last Limit,роман,1910,Земля,1,Мюнхен; Лейпциг,"социально-психологический роман, бытовой","горожане, студенты, солдаты",3 лицо,социально-психологический,социально-психологический,PREP ADJF NOUN,3,0,социально-психологический,бытовой,философский,,
"Форш, Ольга Дмитриевна",женский,0,Дети земли,Children of the Earth,,1910,Русская мысль,0,,,,3 лицо,,,NOUN NOUN,2,0,,,,,
"Пазухин, Алексей Михайлович",мужской,0,Буря в стоячих водах,A Storm in Still Waters,роман,1910,Отд. изд.,1,Москва,буржуазия,,,социальный,социальный,NOUN PREP ADJF NOUN,4,0,,,,,
"Ясинский, Иероним Иеронимович",мужской,0,Жар-птица,The Firebird,роман,1910,Труд,0,,,,,,,NOUN,1,0,,,,,
"Амфитеатров, Александр Валентинович",мужской,0,Закат старого века,The Decline of the Old Century,роман,1910,Отд. изд.,1,Санкт-Петербург,"хроника (из эпопеи «концы и начала»), исторический","дворяне, чиновники",3 лицо,хроника,исторический,NOUN NOUN NOUN,3,0,хроникальный,исторический,бытовой,,
"Крыжановская (Рочестер), Вера Ивановна",женский,0,Гнев божий,The Wrath of God,роман-пенталогия,1910,Отд. изд.,1,Санкт-Петербург,"утопический, эзотерический, оккультный, эпический","монахи, маги, аристократия",3 лицо,утопический,утопический,NOUN ADJF,2,0,оккультный,эзотерический,фантастический,,
"Травин, Петр Александрович",мужской,0,"У денежного шкафа, или Страшная смерть дисконтера","At the Money-Safe, or The Terrible Death of a Moneylender",,1910,Отд. изд.,1,Москва,,,,,,PREP ADJF NOUN CONJ ADJF NOUN NOUN,7,0,,,,,
"Мейснер, Александр Федорович",мужской,0,Один из Лопуховых,One of the Lopukhovs,"Отрывки из забытой рукописи, найденной Егором Забиякиным",1910,Север,0,,"биографический, психологический, помещики",,,биографический,биографический,ADJF PREP ADJF,3,0,,,,,
"Окрейц, Станислав Станиславович",мужской,0,Драма 11 марта 1801 г.,The Drama of the Eleventh of March 1801,Исторический роман в 3-х частях,1910,Отд. изд.,1,Санкт-Петербург,,,,,,NOUN NUMR NOUN NUMR NOUN,5,0,,,,,
"Шлиппенбах, Габриэль",мужской,0,Наследник Субботина,Subbotin's Heir,Роман,1910,Всеобщая библиотека. Бесплатн. прилож. к журн. «Всемирная новь,0,,,,,,,NOUN NOUN,2,0,,,,,
"Нагродская, Евдокия Аполлоновна",женский,0,Гнев Диониса,The Wrath of Dionysus,роман,1910,Отд. изд.,1,Санкт-Петербург,"любовный, авантюрный","богема, разночинцы, творческие люди",1 лицо,любовный,любовный,NOUN NOUN,2,0,адюльтерный,любовный,психологический,феминистский,
"Анзимиров, Владимир Александрович",мужской,0,Муть,Turbidity,роман,1910,Газета-копейка,0,,автобиографический роман,,,автобиографический,биографический,NOUN,1,0,,,,,
"Каменский, Василий Васильевич",мужской,0,Землянка,The Dugout,роман,1910,Отд. изд.,1,Санкт-Петербург,антиурбанистический/идиллический,,,,,NOUN,1,0,,,,,
"Волконский, Михаил Николаевич",мужской,0,Жанна де Ламотт,Jeanne de Lamotte,роман,1910,Родина,1,Санкт-Петербург,"исторический, авантюрный, уголовный","аристократия, преступный мир",3 лицо,исторический,исторический,NOUN PRCL NOUN,3,0,исторический,авантюрный,уголовный,биографический,
"Олигер, Николай Фридрихович",мужской,0,Праздник Весны,The Festival of Spring,роман,1910,Отд. изд.,1,Санкт-Петербург,"эзотерический, философский","творческие люди, сектанты",3 лицо,философский,философский,NOUN NOUN,2,0,,,,,
"Брешко-Брешковский, Николай Николаевич",мужской,0,Чухонский бог,The Finnish God,роман,1910,Отд. изд.,1,Киев,"социально-психологическйи, борцы",,,социально-психологический,социально-психологический,ADJF NOUN,2,0,,,,,
"Северцев-Полилов, Георгий Тихонович",мужской,1,Проснулась женщина!,The Woman Awoke!,повесть,1910,Отд. изд.,1,Санкт-Петербург,,,,,,VERB NOUN,2,0,,,,,
"Ельцова, М.",женский,0,Отмычки счастья,Skeleton Keys to Happiness,современный роман-пародия,1910,Отд. изд.,1,Москва,,,,,,NOUN NOUN,2,0,,,,,
"Соколова, Александра Ивановна",женский,0,Золотая фея,The Golden Fairy,роман,1911,Отд. изд.,1,Санкт-Петербург,уголовный,криминальный мир,3 лицо,уголовный,криминальный,ADJF NOUN,2,0,,,,,
"Соколова, Александра Ивановна",женский,0,Маффия - царство зла,The Mafia: The Kingdom of Evil,роман,1911,"приложение к журналу ""Живописное обозрение всего мира""",1,Санкт-Петербург,уголовный,,,уголовный,криминальный,NOUN NOUN NOUN,4,0,,,,,
"Соколова, Александра Ивановна",женский,0,Светлый луч на престоле,A Bright Ray on the Throne,Исторический роман,1911,Отд. изд.,1,Санкт-Петербург,"исторический, авантюрный, любовный",,,исторический,исторический,ADJF NOUN PREP NOUN,4,0,,,,,
"Крыжановская (Рочестер), Вера Ивановна",женский,0,Смерть планеты,The Death of a Planet,роман-пенталогия,1911,Отд. изд.,1,Санкт-Петербург,"утопический, оккультный, фантастический",,3 лицо,утопический,утопический,NOUN NOUN,2,0,утопический,оккультный,фантастический,,
"Соколова, Александра Ивановна",женский,0,Царский каприз,A Tsar's Caprice,роман,1911,Отд. изд.,1,Санкт-Петербург,исторический,"дворяне, аристократия прошлого",3 лицо,исторический,исторический,ADJF NOUN,2,0,исторический,любовный,авантюрный,,
"Чириков, Евгений Николаевич",мужской,0,Юность,Youth,"роман-трилогия, ч.1",1911,Вестник Европы,0,,роман воспитания,,1 лицо,воспитания,воспитания,NOUN,1,0,роман воспитания,социально-психологический,,,
"Соколова, Александра Ивановна",женский,0,Тайна царскосельского дворца,The Secret of the Tsarskoye Selo Palace,Исторический роман из времен императрицы Анны Иоанновны,1911,Отд. изд.,1,Санкт-Петербург,исторический,"дворяне, аристократия прошлого",3 лицо,исторический,исторический,NOUN ADJF NOUN,3,0,исторический,авантюрный,любовный,,
"Осипович, Наум Маркович",мужской,0,Натан Маймон,Nathan Maimon,Роман,1911,Отд. изд. (СС),1,Санкт-Петербург,социально-психологический,"народности и этнические группы, интеллигенция",3 лицо,социально-психологический,социально-психологический,NOUN NOUN,2,0,,,,,
"Фонвизин, Сергей Иванович",мужской,0,В смутные дни,In Troubled Days,Роман,1911,Отд. изд.,1,Санкт-Петербург,,,,,,PREP ADJF NOUN,3,0,,,,,
"Белецкий, Павел Кузьмич",мужской,0,Король тайги,The King of the Taiga,роман,1911,Газета-Копейка,0,,авантюрный,,,авантюрный,приключенческий,NOUN NOUN,2,0,,,,,
"Винниченко, Владимир Кириллович",мужской,0,Честность с собой,Honesty with Oneself,повесть,1911,Земля (сборник),1,Санкт-Петербург,,,,,,NOUN PREP NPRO,3,0,,,,,
"Красницкий, Александр Иванович",мужской,0,Оберегатель,The Guardian,исторический роман,1911,Отд. изд.,1,Санкт-Петербург,"исторический, авантюрный","крестьяне, аристократия прошлого",3 лицо,исторический,исторический,NOUN,1,0,исторический,авантюрный,политический,,
"Пазухин, Алексей Михайлович",мужской,0,Заря новой жизни,The Dawn of a New Life,роман,1911,Отд. изд.,1,Москва,социально-психологический,купцы,3 лицо,социально-психологический,социально-психологический,NOUN ADJF NOUN,3,0,,,,,
"Гиппиус, Зинаида Николаевна",женский,0,Чертова кукла,The Devil's Doll,Жизнеописание в 33-х главах,1911,Русская мысль,0,,социально-психологический,,3 лицо,социально-психологический,социально-психологический,ADJS NOUN,2,0,социально-психологический,политический,идеологический,символистский,
"Минцлов, Сергей Рудольфович",мужской,0,Литва,Lithuania,роман,1911,Отд. изд.,1,Санкт-Петербург,исторический,,,исторический,исторический,NOUN,1,0,,,,,
"Мережковский, Дмитрий Сергеевич",мужской,0,Александр Первый,Alexander the First,роман,1911,Русская мысль,0,,"исторический, философский",аристократия прошлого,3 лицо,исторический,исторический,NOUN ADJF,2,1,исторический,философский,биографический,религиозный,
"Крашенинников, Николай Александрович",мужской,0,Барышни: Простая история жизни,Young Ladies: A Simple Story of Life,Роман в четырёх частях,1911,Отд. изд.,1,Москва,"бытовой, семейная хроника","крупная буржуазия, дворяне",3 лицо,бытоописательный,описательный,NOUN ADJF NOUN NOUN,4,0,,,,,
"Тихонов, Владимир Алексеевич",мужской,0,Карьера,A Career,Роман в 2 частях [в отд. издании],1911,Современник,0,,,,,,,NOUN,1,0,,,,,
"Толстой, Алексей Николаевич",мужской,0,Две жизни,Two Lives,роман-хроника,1911,Шиповник,1,Санкт-Петербург,"роман-хроника, семейный роман бытовой, авантюрный (?)","дворяне, высшие классы, слуги",3 лицо,хроника,исторический,NUMR NOUN,2,1,хроникальный,семейный,бытовой,психологический,
"Муйжель, Виктор Васильевич",мужской,0,Год,A Year,роман,1911,Русское богатство,0,,социально-психологический,крестьяне,3 лицо,социально-психологический,социально-психологический,NOUN,1,0,социально-психологический,бытовой,крестьянский,,
"Окрейц, Станислав Станиславович",мужской,0,Воскресшая Россия,Russia Resurrected,ист. роман из эпохи Смутного времени,1911,Светлый луч,0,,,,,,,PRTF NOUN,2,0,,,,,
"Травин, Петр Александрович",мужской,0,Изумительные похождения московского Пинкертона Агафона и его слуги Луки,"The Amazing Adventures of Agafon, the Moscow Pinkerton, and His Servant Luka",,1911,Отд. изд.,1,Москва,,,,,,ADJF NOUN ADJF NOUN NOUN CONJ NPRO NOUN NOUN,9,0,,,,,
"Раскатов, Михаил",мужской,1,На чужбине (Антон Кречет),In a Foreign Land (Anton Krechet),Роман,1911,Газета-копейка,0,,"авантюрный, уголовный",криминальный мир,,авантюрный,приключенческий,PREP NOUN NOUN NOUN,4,0,,,,,
"Раскатов, Михаил",мужской,1,Злые чары,Evil Spells,Роман,1911,Газета-копейка,0,,авантюрный,,,авантюрный,приключенческий,ADJF NOUN,2,0,,,,,
"Ясинский, Иероним Иеронимович",мужской,0,Под плащом Сатаны,Under Satan's Cloak,роман,1911,Отд. изд.,1,Санкт-Петербург,исторический,,,исторический,исторический,PREP NOUN NOUN,3,0,,,,,
"Веселкова-Кильштет, Мария Григорьевна",женский,0,Колычевская вотчина,The Kolychev Estate,роман,1911,Исторический вестник,0,,"исторический, семейная хроника",дворяне,3 лицо,исторический,исторический,ADJF NOUN,2,0,,,,,
"Красницкий, Александр Иванович",мужской,0,Царица-полячка,The Polish Tsaritsa,Роман,1911,Отд. изд.,1,Санкт-Петербург,"исторический, авантюрный",аристократия прошлого,3 лицо,исторический,исторический,NOUN,1,0,исторический,авантюрный,политический,,
"Жданов, Лев",мужской,1,Последний фаворит. Екатерина II и Зубов,The Last Favourite: Catherine II and Zubov,роман-хроника,1911,Отд. изд.,1,Москва,исторический,"дворяне, аристократия прошлого",3 лицо,исторический,исторический,ADJF NOUN NOUN NUMR CONJ NOUN,6,0,исторический,биографический,любовный,политический,
"Данилин, Иван Андреевич",мужской,0,Николай Жаров,Nikolai Zharov,Роман,1911,Москвская газета копейка,0,,социально-психологический,рабочие,,социально-психологический,социально-психологический,NOUN NOUN,2,0,,,,,
"Ленский, Владимир Яковлевич",мужской,1,Трагедия брака,The Tragedy of Marriage,роман,1911,Новая жизнь,0,,психологический,,,психологический,психологический,NOUN NOUN,2,0,,,,,
"Пазухин, Алексей Михайлович",мужской,0,Радость жизни,The Joy of Life,роман,1911,Отд. изд.,1,Москва,,,,,,NOUN NOUN,2,0,,,,,
"Брюсов, Валерий Яковлевич",мужской,0,Алтарь Победы,The Altar of Victory,повесть IV века,1911,Русская мысль,0,,"символистский, исторический","аристократия, священнослужители",1 лицо,символистский,символистский,NOUN NOUN,2,1,,,,,
"Брусянин, Василий Васильевич",мужской,0,Молодежь,Youth,роман,1911,Отд. изд.,1,Санкт-Петербург,исторический,студенты,3 лицо,исторический,исторический,NOUN,1,0,,,,,
"Светлов, Валериан Яковлевич",мужской,1,Дар слез,The Gift of Tears,роман,1911,Отд. изд. (СС),1,Санкт-Петербург,,,,,,NOUN NOUN,2,0,,,,,
"Пазухин, Алексей Михайлович",мужской,0,Путем преступления,By Way of Crime,роман,1911,Московский Листок,0,,,,3 лицо,,,PREP NOUN,2,0,,,,,
"Хрущев-Сокольников, Гавриил Александрович",мужской,0,Русские и немцы,Russians and Germans,большой исторический роман,1911,Свет: сборник,0,,,,,,,ADJF CONJ NOUN,3,0,,,,,
"Жданов, Лев",мужской,1,Царь и опричники,The Tsar and the Oprichniki,Историческая повесть в 2-х частях,1911,Отд. изд.,1,Санкт-Петербург,исторический,"дворяне, аристократия прошлого",,исторический,исторический,NOUN CONJ NOUN,3,0,,,,,
"Андреев, Леонид Николаевич",мужской,0,Сашка Жегулев,Sashka Zhegulyov,роман в 2-х частях,1911,Шиповник,0,,ироническая фантастика,,3 лицо,иронический,юмористический,NOUN ADJS,2,0,,,,,
"Севский, Виктор",мужской,1,Кровавая слава,Bloody Glory,na,1911,Южный телеграф,0,,,,,,,ADJF NOUN,2,0,,,,,
"Северцев-Полилов, Георгий Тихонович, С. Шабишев",мужской,0,Азарт,Gambling Fever,Роман людского безумия,1911,Отд. изд.,1,Санкт-Петербург,,,,,,NOUN,1,0,,,,,
"Лаппо-Данилевская, Надежда Александровна",женский,0,В тумане жизни,In the Fog of Life,роман,1911,Отд. изд.,1,Санкт-Петербург,"любовный, светский салонный роман",,,любовный,любовный,PREP NOUN NOUN,3,0,,,,,
"Соколов, Александр Алексеевич",мужской,1,Городской голова – убийца,The Mayor-Murderer,Роман из жизни раскольников А.А. Соколова.,1911,Отд. изд.,1,Санкт-Петербург,раскольники,раскольники,,социальный,социальный,ADJF NOUN NOUN,4,0,,,,,
"Соколов, Александр Алексеевич",мужской,1,Руки вверх!,Hands Up!,уголовный роман из современной жизни,1911,Отд. изд.,1,Москва,уголовный,,,уголовный,криминальный,NOUN ADVB,2,0,,,,,
"Зарин, Федор Ефимович",мужской,0,Летающий пономарь,The Flying Sacristan,Исторический роман,1911,Отд. изд.,1,Санкт-Петербург,исторический,"священники, аристократы",3 лицо,исторический,исторический,PRTF NOUN,2,0,,,,,
"Севастьянов, Александр Николаевич",мужской,0,Черная смерть,The Black Death,Исторический роман из времен чумы 1770–72 гг.,1911,Досуг и дело,0,,исторический,,3 лицо,исторический,исторический,ADJF NOUN,2,0,,,,,
"Северцев-Полилов, Георгий Тихонович",мужской,1,В погоню за славою и золотом,In Pursuit of Glory and Gold,роман из жизни оперной богемы,1911,Отд. изд.,1,Санкт-Петербург,,,,,,PREP NOUN PREP NOUN CONJ NOUN,6,0,,,,,
"Северцев-Полилов, Георгий Тихонович",мужской,1,Слепая любовь,Blind Love,роман,1912,Слепая любовь [сборник],1,Санкт-Петербург,,,,,,ADJF NOUN,2,0,,,,,
"Лаппо-Данилевская, Надежда Александровна",женский,0,Жена министра,The Minister's Wife,роман,1912,Исторический вестник,0,,любовный,,,любовный,любовный,NOUN NOUN,2,0,,,,,
"Чириков, Евгений Николаевич",мужской,0,Изгнание,Exile,"роман-трилогия, ч.2",1912,Вестник Европы,0,,роман воспитания,,1 лицо,воспитания,воспитания,NOUN,1,0,,,,,
"Ленский, Владимир Яковлевич",мужской,1,Песня крови,The Song of Blood,роман,1912,Прогресс,1,Санкт-Петербург,социально-психологический,,,социально-психологический,социально-психологический,NOUN NOUN,2,0,,,,,
"Дымов, Осип",мужской,1,Томление духа,The Languishing of the Spirit,Роман,1912,Шиповник,1,Санкт-Петербург,,разночинцы,3 лицо,,,NOUN NOUN,2,0,,,,,
"Рославцев, Александр Степанович",мужской,0,Человек за печатью,The Man under Seal,Роман,1912,Отд. изд.,1,Санкт-Петербург,социальный,мещане,,социальный,социальный,NOUN PREP NOUN,3,0,,,,,
"Абельдяев, Дмитрий Алексеевич",мужской,0,Тень века сего (Записки Абашева),The Shadow of This Age (Abashev's Notes),роман,1912,Русская мысль,0,,"философский, любовный",,1 лицо,философский,философский,NOUN NOUN ADJF NOUN NOUN,5,0,,,,,
"Толстой, Алексей Николаевич",мужской,0,Хромой барин,The Lame Squire,Роман,1912,Отд. изд.,1,Санкт-Петербург,социально-психологический,"дворяне, рабочие",3 лицо,социально-психологический,социально-психологический,NOUN NOUN,2,1,социально-психологический,исторический,бытовой,,
"Жданов, Лев",мужской,1,В сетях интриги. Два потока.,In the Nets of Intrigue: Two Currents,Исторический роман времен Екатерины II,1912,Отд. изд.,1,Санкт-Петербург,исторический,"дворяне, аристократия прошлого",3 лицо,исторический,исторический,PREP NOUN NOUN NUMR NOUN,5,0,исторический,авантюрный,политический,,
"Рославцев, Александр Степанович",мужской,0,Страдание,Suffering,Роман,1912,Отд. изд.,1,Санкт-Петербург,,,,,,NOUN,1,0,,,,,
"Ренников, А.",мужской,1,Сеятели вечного,Sowers of the Eternal,роман,1912,Отд. изд.,1,Санкт-Петербург,сатирический,,,сатирический,юмористический,NOUN ADJF,2,0,,,,,
"Раскатов, Михаил",мужской,1,На аванпостах (Антон Кречет),At the Outposts (Anton Krechet),Роман в 3-х частях,1912,Газета-копейка,0,,"авантюрный, уголовный",криминальный мир,3 лицо,авантюрный,приключенческий,PREP NOUN NOUN NOUN,4,0,,,,,
"Раскатов, Михаил",мужской,1,Найденыш,The Foundling,Роман,1912,Газета-копейка,0,,авантюрный,,,авантюрный,приключенческий,NOUN,1,0,,,,,
"Зарин, Андрей Ефимович",мужской,0,Власть земли,The Power of the Land,Исторический роман,1912,Отд. изд.,1,Санкт-Петербург,исторический,аристократия прошлого,3 лицо,исторический,исторический,NOUN NOUN,2,0,,,,,
"Гарин, Сергей Александрович",мужской,0,У дальнего моря,By the Distant Sea,роман,1912,Русское богатство,1,Санкт-Петербург,приключенческий,моряки,3 лицо,приключенческий,приключенческий,PREP ADJF NOUN,3,0,приключенческий,авантюрный,экзотический,,
"Зарин, Андрей Ефимович",мужской,0,Двоевластие,Dual Power,роман,1912,Отд. изд.,1,Санкт-Петербург,исторический,аристократия прошлого,3 лицо,исторический,исторический,NOUN,1,0,исторический,политический,авантюрный,,
"Гиппиус, Зинаида Николаевна",женский,0,Роман-царевич,Prince Roman,"История одного начинания (роман-трилогия, ч. II)",1912,Русская мысль,0,,социально-психологический,,3 лицо,социально-психологический,социально-психологический,NOUN,1,0,социально-психологический,символистский,философский,,
"Зарин, Андрей Ефимович",мужской,0,Живой мертвец,The Living Corpse,Исторический роман из времен царствования императора Павла I,1912,Отд. изд.,1,Санкт-Петербург,исторический,аристократия прошлого,3 лицо,исторический,исторический,NOUN NOUN,2,0,,,,,
"Хрущев-Сокольников, Гавриил Александрович",мужской,0,Джек – таинственный убийца,Jack the Mysterious Murderer,большой роман из англо-русской жизни,1912,Отд. изд.,1,Санкт-Петербург,,,,,,NOUN ADJF NOUN,4,0,,,,,
"Любич-Кошуров, Иоасаф Арианович",мужской,0,Пожар Москвы в 1812 году,The Fire of Moscow in 1812,роман,1912,Отд. изд.,1,Москва,"исторический, авантюрный",военные,3 лицо,исторический,исторический,NOUN NOUN PREP NUMR NOUN,5,0,,,,,
"Серафимович, Александр Серафимович",мужской,1,Город в степи,A City in the Steppe,роман,1912,Шиповник,0,,социально-психологический,рабочие,3 лицо,социально-психологический,социально-психологический,NOUN PREP NOUN,3,0,социально-психологический,бытовой,,,
"Бебутова, Ольга Михайловна",женский,0,Наш Вавилон,Our Babylon,роман,1912,Петербургский листок,0,,исторический,аристократия прошлого,,исторический,исторический,ADJF NOUN,2,0,,,,,
"Винниченко, Владимир Кириллович",мужской,0,На весах жизни,On the Scales of Life,роман,1912,Земля (сборник),0,,,,,,,PREP NOUN NOUN,3,0,,,,,
"Ропшин, В.",мужской,1,"То, чего не было. (Три брата)",That Which Was Not (Three Brothers),Роман,1912,Заветы,1,Москва,исторический,революционеры,3 лицо,исторический,исторический,CONJ NPRO PRCL VERB NUMR NOUN,6,0,политический,идеологический,психологический,философский,
"Белецкий, Павел Кузьмич",мужской,0,В горах Даурии,In the Mountains of Dauria,роман,1912,Мир приключений,0,,авантюрный,,,авантюрный,приключенческий,PREP NOUN NOUN,3,0,,,,,
"Крыжановская (Рочестер), Вера Ивановна",женский,0,Болотный цветок,The Marsh Flower,роман,1912,Отд. изд.,1,Санкт-Петербург,"авантюрный, оккультный",дворяне,3 лицо,авантюрный,приключенческий,ADJF NOUN,2,0,мистический,оккультный,авантюрный,любовный,
"Криницкий, Марк",мужской,1,Молодые годы Долецкого,Doletsky's Young Years,Роман,1912,Отд. изд.,1,Москва,авантюрный,,3 лицо,авантюрный,приключенческий,NOUN NOUN NOUN,3,0,,,,,
"Брянчанинов, Анатолий Александрович",мужской,0,В годину лихолетья (1905-1906),In the Time of Troubles (1905-1906),роман в 2-х частях,1912,Мирный труд,0,,исторический,дворяне,,исторический,исторический,PREP NOUN NOUN NUMR,4,0,,,,,
"Фрибес, Ольга Александровна",женский,0,Игуменья Рахиль,Abbess Rakhil,Картинки моныстыр. жизни,1912,Отд. изд.,1,Санкт-Петербург,,,,,,NOUN NOUN,2,0,,,,,
"Боборыкин, Петр Дмитриевич",мужской,0,Обмирщение,Secularisation,Роман,1912,Отд. изд.,1,Москва,"социально-психологический, философский","разночинцы, старообрядцы",3 лицо,социально-психологический,социально-психологический,NOUN,1,0,,,,,
"Будищев, Алексей Николаевич",мужской,0,Степь грезит,The Steppe Dreams,роман,1912,Отд. изд.,1,Санкт-Петербург,"социально-психологический, детективный",дворяне,,социально-психологический,социально-психологический,NOUN VERB,2,0,,,,,
"Бибик, Алексей Павлович",мужской,0,К широкой дороге,Towards the Open Road,роман,1912,Современный мир,1,Санкт-Петербург,исторический,"рабочие, революционеры",,исторический,исторический,PREP ADJF NOUN,3,0,,,,,
"Соколов, Александр Алексеевич",мужской,1,Лже-Петр,The False Peter,Исторический роман,1912,"Бесплатное приложение к журналу ""Всемирная новь""",0,,исторический,аристократия прошлого,,исторический,исторический,NOUN,1,0,,,,,
"Соколов, Александр Алексеевич",мужской,1,Совесть замучила,Tormented by Conscience,роман,1912,"Свет (сборник романов и повестей, ежемесячный журнал)",0,,уголовный,,,уголовный,криминальный,NOUN VERB,2,0,,,,,
"Соколова, Александра Ивановна",женский,0,На всю жизнь,For a Lifetime,Исторический роман из жизни Александра I Павловича,1912,Отд. изд.,1,Санкт-Петербург,исторический,аристократия прошлого,,исторический,исторический,PREP ADJF NOUN,3,0,,,,,
"Павловский, Иван Яковлевич",мужской,0,История одного убийства,The Story of a Murder,роман,1912,Исторический Вестник,0,,"детективный, любовный",,,детективный,криминальный,NOUN ADJF NOUN,3,0,,,,,
Граф Амори,мужской,1,Побежденные,The Vanquished,"окончание романа ""Ключи счастья"" А. Вербицкой",1912,Отд. изд.,1,Санкт-Петербург,любовный,,3 лицо,любовный,любовный,PRTF,1,0,,,,,
"Сологуб, Федор Кузьмич",мужской,1,Дым и пепел,Smoke and Ashes,Роман,1912,Земля,0,,"социально-психологический, философский",разночинцы,3 лицо,социально-психологический,социально-психологический,NOUN CONJ NOUN,3,1,,,,,
"Сологуб, Федор Кузьмич",мужской,1,Слаще яда,Sweeter than Poison,роман,1912,Новая жизнь,0,,"социально-психологический, любовный, (роман воспитания)",дворяне,3 лицо,социально-психологический,социально-психологический,COMP NOUN,2,1,,,,,
Граф Амори,мужской,1,Золото и кровь,Gold and Blood,роман из современной жизни,1912,Отд. изд.,1,Санкт-Петербург,"авантюрный, уголовный, любовный","купцы, разночинцы",,авантюрный,приключенческий,NOUN CONJ NOUN,3,0,,,,,
"Пазухин, Алексей Михайлович",мужской,0,В вихре жизни,In the Whirlwind of Life,роман,1912,Отд. изд.,1,Москва,социально-психологический,аристократы,3 лицо,социально-психологический,социально-психологический,PREP NOUN NOUN,3,0,,,,,
"Крандиевская, Анастасия Романовна",женский,0,Тайна радости,The Secret of Joy,na,1913,Новая жизнь; Русская мысль,0,,"любовный роман, соц. психологический",,,любовный,любовный,NOUN NOUN,2,0,,,,,
"Зайцев, Борис Константинович",мужской,0,Дальний край,The Distant Land,роман,1913,Шиповник,1,Санкт-Петербург,исторический,"русская интеллигенция, революционеры",3 лицо,исторический,исторический,ADJF NOUN,2,0,исторический,социально-психологический,философский,,
"Круглов, Александр Васильевич",мужской,0,Мудрые и неразумные,The Wise and the Foolish,роман,1913,Отд. изд.,1,Москва,"социальный, психологический",,,социально-психологический,социально-психологический,ADJF CONJ ADJF,3,0,,,,,
"Соколова, Александра Ивановна",женский,0,Вещее слово,The Prophetic Word,Исторический роман А.И. Соколовой,1913,Отд. изд.,1,Санкт-Петербург,,,,,,ADJF NOUN,2,0,,,,,
Граф Амори,мужской,1,Рабы страсти,Slaves of Passion,роман,1913,Отд. изд.,1,Санкт-Петербург,уголовный роман,Аристократы,,уголовный,криминальный,NOUN NOUN,2,0,,,,,
"Соколова, Александра Ивановна",женский,0,Царское гаданье,The Tsar's Fortune-Telling,исторический роман из эпохи царствования Николая I,1913,Отд. изд.,1,Санкт-Петербург,исторический,"люди искусства, дворяне",3 лицо,исторический,исторический,ADJF NOUN,2,0,исторический,авантюрный,мистический,,
"Сергиевский, Николай Николаевич",мужской,0,На заре царства,At the Dawn of the Kingdom,исторический роман,1913,Отд. изд.,1,Москва,исторический,,3 лицо,исторический,исторический,PREP NOUN NOUN,3,0,исторический,политический,авантюрный,,
"Ауслендер, Сергей Абрамович",мужской,0,Последний спутник,The Last Companion,Роман в 3-х частях,1913,Отд. изд.,1,Москва,психологический роман,"купцы, крестьяне, разночинцы",3 лицо,психологический,психологический,ADJF NOUN,2,0,,,,,
"Амфитеатров, Александр Валентинович",мужской,0,Разбитая армия,A Routed Army,,1913,Отд. изд.,1,Москва,исторический роман,эмигранты,3 лицо,исторический,исторический,ADJF NOUN,2,0,,,,,
"Волконский, Михаил Николаевич",мужской,0,"Мне жаль тебя, герцог!","I Pity You, Duke!",роман,1913,Родина,0,,"исторический, авантюрный","аристократия прошлого, легендарные исторические фигуры",3 лицо,исторический,исторический,NPRO PRED NPRO NOUN,4,0,исторический,авантюрный,психологический,политический,
"Фёдоров, Александр Митрофанович",мужской,0,Его глаза,His Eyes,Роман,1913,Современный мир,0,,,,,,,NPRO NOUN,2,0,,,,,
"Красницкий, Александр Иванович",мужской,0,Дочь Рагуила,The Daughter of Raguel,роман,1913,Всеобщая библиотека. Бесплатн. прилож. к журн. «Всемирная новь»,0,,"исторический, детективный",купцы,3 лицо,исторический,исторический,NOUN NOUN,2,0,исторический,детективный,авантюрный,,
"Ленский, Владимир Яковлевич",мужской,1,Больная любовь,Sick Love,роман,1913,Отд. изд. (СС),1,Москва,психологический роман,,,психологический,психологический,ADJF NOUN,2,0,,,,,
"Нагродская, Евдокия Аполлоновна",женский,0,У бронзовой двери,At the Bronze Door,,1913,Отд. изд.,1,Санкт-Петербург,"любовный, социально-психологический","люди искусства, купцы, революционеры",3 лицо,любовный,любовный,PREP ADJF NOUN,3,0,,,,,
Граф Амори,мужской,1,Финал,The Finale,Роман из современной жизни,1913,Отд. изд.,1,Санкт-Петербург,социально-психологический,проститутки,3 лицо,социально-психологический,социально-психологический,NOUN,1,0,,,,,
"Ленский, Владимир Яковлевич",мужской,1,Под гнездом аиста,Under the Stork's Nest,роман,1913,Отд. изд.,1,Москва,психологический роман,"женщины, крестьяне",,психологический,психологический,PREP NOUN NOUN,3,0,,,,,
Граф Амори,мужской,1,Банкир-преступник,The Banker-Criminal,роман,1913,Отд. изд.,1,Санкт-Петербург,,купцы/помещики,3 лицо,,,NOUN,1,0,,,,,
"Светлов, Валериан Яковлевич",мужской,1,Внутри,Within,Роман,1913,Отд. изд. (СС),1,Санкт-Петербург,семейно-бытовой,,1 лицо,семейный,семейный,PREP,1,0,,,,,
"Пазухин, Алексей Михайлович",мужской,0,Ордынская красавица,The Beauty of the Horde,роман из жизни Замоскворечья,1913,Отд. изд.,1,Москва,социально-психологический,купцы,3 лицо,социально-психологический,социально-психологический,ADJF NOUN,2,0,,,,,
"Зарин, Федор Ефимович",мужской,0,Борьба у престола,The Struggle at the Throne,роман,1913,Исторический вестник,0,,исторический,"легендарные исторические фигуры, аристократия прошлого",3 лицо,исторический,исторический,NOUN PREP NOUN,3,0,исторический,политический,авантюрный,,
"Бебутова, Ольга Михайловна",женский,0,Под гипнозом,Under Hypnosis,роман,1913,Свет,0,,"исторический, лонжодры","князи, аферисты",,исторический,исторический,PREP NOUN,2,0,,,,,
"Крыжановская (Рочестер), Вера Ивановна",женский,0,Дочь колдуна,The Sorcerer's Daughter,оккультный роман,1913,Отд. изд.,1,Санкт-Петербург,фантастический,купцы/ промышленники,1 лицо,фантастический,фантастический,NOUN NOUN,2,0,фантастический,оккультный,мистический,авантюрный,
"Северцев-Полилов, Георгий Тихонович",мужской,1,Современный брак,A Modern Marriage,роман,1913,Исторический вестник,1,Санкт-Петербург,,,,,,ADJF NOUN,2,0,,,,,
"Амфитеатров, Александр Валентинович",мужской,0,Паутина,The Web,роман,1913,Отд. изд.,1,Санкт-Петербург,социально-психологический,разночинцы,3 лицо,социально-психологический,социально-психологический,NOUN,1,0,,,,,
"Светлов, Валериан Яковлевич",мужской,1,Вешний поток,The Spring Torrent,роман,1913,Отд. изд. (СС),1,Санкт-Петербург,социально-психологический,дворяне,3 лицо,социально-психологический,социально-психологический,ADJF NOUN,2,0,,,,,
"Волховский, Феликс Вадимович",мужской,0,Адмирал Чагин,Admiral Chagin,роман,1913,Отд. изд.,1,Берлин,,военные,,,,NOUN NOUN,2,0,,,,,
Граф Амори,мужской,1,Любовные похождения мадам Вербицкой,The Amorous Adventures of Madame Verbitskaya,роман,1913,Отд. изд.,1,Санкт-Петербург,любовный,,,любовный,любовный,ADJF NOUN NOUN NOUN,4,0,,,,,
"Гейнце, Николай Эдуардович",мужской,0,Дочь Великого Петра,The Daughter of Peter the Great,роман,1913,Отд. изд.,1,Санкт-Петербург,исторический,аристократы,3 лицо,исторический,исторический,NOUN NOUN NOUN,3,0,исторический,биографический,политический,авантюрный,
"Слёзкин, Юрий Львович",мужской,0,Секрет полишинеля,An Open Secret,маленький роман,1913,Свободный журнал,0,,соц.-психологический,,,социально-психологический,социально-психологический,NOUN NOUN,2,0,,,,,
"Карпов, Пимен Иванович",мужской,0,Пламень,The Flame,Из жизни и веры хлеборобов,1913,Отд. изд.,1,Санкт-Петербург,социально-психологический,"крестьяне, дворяне",3 лицо,социально-психологический,социально-психологический,NOUN,1,0,социально-психологический,религиозный,крестьянский,,
"Белый, Андрей",мужской,1,Петербург,Petersburg,Роман в восьми главах с прологом и эпилогом,1913,Сирин,0,,"социально-психологический, философский, авантюрный","революционеры, чиновники",3 лицо,социально-психологический,социально-психологический,NOUN,1,1,символистский,философский,социально-психологический,,
"Череванский, Владимир Павлович",мужской,0,Первая русская царица,The First Russian Tsaritsa,Повесть из времен Иоанна Грозного,1913,Отд. изд.,1,Санкт-Петербург,,,,,,ADJF ADJF NOUN,3,0,,,,,
"Садовской, Борис Александрович",мужской,1,Побеги жизни,Shoots of Life,повесть,1913,Северные записки,0,,социально-психологический,декаденты,,социально-психологический,социально-психологический,NOUN NOUN,2,0,,,,,
"Нагродская, Евдокия Аполлоновна",женский,0,Борьба микробов,The Struggle of Microbes,,1913,Отд. изд.,1,Санкт-Петербург,любовный,аристократия,,любовный,любовный,NOUN NOUN,2,0,,,,,
"Брусянин, Василий Васильевич",мужской,0,Белые ночи,White Nights,роман,1913,Отд. изд.,1,Санкт-Петербург,исторический,купцы/помещики,3 лицо,исторический,исторический,NOUN NOUN,2,0,,,,,
"Богданов, Александр Александрович",мужской,0,Инженер Мэнни,Engineer Menni,роман,1913,Отд. изд.,1,Москва,"утопический, фантастика, научная фантастика",роман,1 лицо,утопический,утопический,NOUN NOUN,2,0,утопический,фантастический,философский,,
"Любич-Кошуров, Иоасаф Арианович",мужской,0,Тушинские волки,The Wolves of Tushino,Исторический роман,1913,Отд. изд.,1,Москва,"исторический роман для детей, авантюрный роман",,3 лицо,исторический,исторический,ADJF NOUN,2,0,,,,,
"Раскатов, Михаил",мужской,1,Последний перегон,The Last Stage,Уголовно-приключенческий роман в 3-х частях,1913,Отд. изд.,1,Санкт-Петербург,авантюрно-приключенческий,разбойник,,авантюрный,приключенческий,ADJF NOUN,2,0,,,,,
"Тыркова, Ариандна Владимировна",женский,0,Жизненный путь,The Path of Life,Роман,1913,Вестник Европы,0,,,,3 лицо,,,ADJF NOUN,2,0,,,,,
"Громов, Алексей Матвеевич",мужской,0,Девичьи сны,A Maiden's Dreams,роман,1913,Отд. изд.,1,Москва,"психологический, любовный",,,психологический,психологический,ADJF NOUN,2,0,,,,,
"Григорьев, Р.",женский,1,На ущербе,On the Wane,роман,1913,Отд. изд.,1,Санкт-Петербург,исторический,"Интеллигенция, пролетариат",3 лицо,исторический,исторический,PREP NOUN,2,0,исторический,социально-психологический,,,
"Добронравов, Леонид Михайлович",мужской,0,Новая бурса,The New Seminary,роман,1913,Заветы,1,Санкт-Петербург,,духовенство/священники,,,,ADJF NOUN,2,0,,,,,
"Травин, Петр Александрович",мужской,0,"Защитница женщин Ленора, гроза вероломных развратников","Lenora the Defender of Women, Scourge of Perfidious Libertines",Сенсационный роман : Удивительные похождения светской красавицы героини,1913,Отд. изд.,1,Москва,,,,,,NOUN NOUN NOUN NOUN ADJF NOUN,6,0,,,,,
Савватий,женский,1,Тетрадь в сафьяне,The Morocco-Bound Notebook,Хроника села Арсеньевки,1913,Отд. изд.,1,Санкт-Петербург,любовный роман,,,любовный,любовный,NOUN PREP NOUN,3,0,,,,,
"Брусянин, Василий Васильевич",мужской,0,Мужчина,The Man,роман,1913,Отд. изд.,1,Москва,исторический,интеллигенция,1 лицо,исторический,исторический,NOUN,1,0,,,,,
"Светлов, Валериан Яковлевич",мужской,1,По разным колеям,In Different Ruts,Роман,1913,Отд. изд.,1,Санкт-Петербург,,,,,,PREP ADJF NOUN,3,0,,,,,
"Ренников, А.",мужской,1,Тихая заводь,A Quiet Backwater,роман,1914,Московские ведомости,0,,сатирический фельетонный роман,,,сатирический,юмористический,ADJF NOUN,2,0,,,,,
"Ленский, Владимир Яковлевич",мужской,1,Белые крылья,White Wings,роман,1914,Новое время,1,Москва,"психологический роман, женщины",,,психологический,психологический,NOUN NOUN,2,0,,,,,
"Лаппо-Данилевская, Надежда Александровна",женский,0,Княжна Мара,Princess Mara,роман,1914,Отд. изд.,1,Санкт-Петербург,светский роман,аристократия,,светский,светский,NOUN NOUN,2,0,,,,,
Граф Амори,мужской,1,Возвращение Санина,The Return of Sanin,роман,1914,Отд. изд.,1,Петроград,"философский, любовный, драма","интеллигенция, провинциалы, военные",3 лицо,философский,философский,NOUN NOUN,2,0,,,,,
Граф Амори,мужской,1,Тайны Апраксина двора,The Mysteries of the Apraksin Yard,Роман из недавнего прошлого и настоящего,1914,Отд. изд.,1,Санкт-Петербург,приключенческий,,3 лицо,приключенческий,приключенческий,NOUN NOUN NOUN,3,0,,,,,
"Светлов, Валериан Яковлевич",мужской,1,Замок счастья,The Castle of Happiness,роман,1914,Отд. изд. (СС),1,Санкт-Петербург,семейно-бытовой,,,семейный,семейный,NOUN NOUN,2,0,,,,,
"Крыжановская (Рочестер), Вера Ивановна",женский,0,В царстве тьмы,In the Realm of Darkness,Оккультный роман,1914,Отд. изд.,1,Санкт-Петербург,оккультный,,3 лицо,оккультный,фантастический,PREP NOUN NOUN,3,0,оккультный,мистический,философский,фантастический,
"Амфитеатров, Александр Валентинович",мужской,0,Дрогнувшая ночь,The Night That Trembled,роман (из эпопеи «Концы и начала»),1914,Отд. изд. (СС),1,Санкт-Петербург,"исторический, любовный",купцы,1 лицо,исторический,исторический,PRTF NOUN,2,0,,,,,
"Мар, Анна",женский,1,Тебе Единому согрешила,Against Thee Only Have I Sinned,Роман из крымской жизни,1914,Русская мысль,1,Москва,любовный,разночинцы,3 лицо,любовный,любовный,NPRO ADJF VERB,3,0,любовный,социально-психологический,религиозный,,
"Абельдяев, Дмитрий Алексеевич",мужской,0,Лилии,Lilies,роман,1914,Отд. изд.,1,Москва,социальный роман,дворяне,3 лицо,социальный,социальный,NOUN,1,0,,,,,
"Раскатов, Михаил",мужской,1,В водовороте,In the Maelstrom,Роман,1914,Отд. изд.,1,Санкт-Петербург,"авантюрно-приключенческий, разбойник",,,авантюрный,приключенческий,PREP NOUN,2,0,,,,,
"Верхоустинский, Борис Алексеевич",мужской,0,Перед бурей,Before the Storm,роман,1914,Новая жизнь,1,Петроград; Москва,,,,,,PREP VERB,2,0,,,,,
"Чириков, Евгений Николаевич",мужской,0,Возвращение,The Return,роман,1914,Вестник Европы,0,,"роман воспитания, становления писателя",,,воспитания,воспитания,NOUN,1,0,,,,,
"Вербицкая, Анастасия Алексеевна",женский,0,Иго любви,The Yoke of Love,роман,1914,Отд. изд.,1,Москва,"светский, любовный",разночинцы,3 лицо,светский,светский,NOUN NOUN,2,0,светский,любовный,феминистский,,
"Амфитеатров, Александр Валентинович",мужской,0,Дочь Виктории Павловны,The Daughter of Viktoriya Pavlovna,"Роман в 3 повестях («Злые призраки», «Законный грех», «Товарищ Феня»)",1914,Прометей,1,Санкт-Петербург,,,1 лицо,,,NOUN NOUN NOUN,3,0,,,,,
"Веселкова-Кильштет, Мария Григорьевна",женский,0,На родной почве,On Native Soil,роман,1914,Исторический вестник,1,Петроград,"исторический, семейный",дворяне,,исторический,исторический,PREP ADJF NOUN,3,0,,,,,
"Архипов, Николай Архипович",мужской,1,Тёмные воды,Dark Waters,Роман,1914,Новая жизнь,0,,социально-психологический роман,,,социально-психологический,социально-психологический,ADJF NOUN,2,0,,,,,
Граф Амори,мужской,1,Дочь Вильгельма II. Придворный скандал,The Daughter of Wilhelm II: A Court Scandal,роман,1914,Отд. изд.,1,Санкт-Петербург,"исторический, любовный",аристократия прошлого,,исторический,исторический,NOUN NOUN NUMR ADJF NOUN,5,0,,,,,
"Брешко-Брешковский, Николай Николаевич",мужской,0,В потемках жизни,In the Darkness of Life,роман,1914,Отд. изд.,1,Петроград; Москва,социально-психологический,разночинцы,3 лицо,социально-психологический,социально-психологический,PREP NOUN NOUN,3,0,,,,,
"Брянчанинов, Анатолий Александрович",мужской,0,В шестидесятых годах (1862—1863),In the Sixties (1862-1863),роман в 2 частях,1914,Мирный труд,1,Харьков,исторический,дворяне,,исторический,исторический,PREP ADJF NOUN NUMR,4,0,,,,,
"Слёзкин, Юрий Львович",мужской,0,Ольга Орг,Olga Org,роман,1914,Русская мысль,0,,соц.-психологический,учителя,3 лицо,социально-психологический,социально-психологический,NOUN,2,0,социально-психологический,любовный,,,
"Ковальская, Ольга Нестеровна; Ковальский, Казимир Адольфович",женский и мужской,0,К новым берегам,Towards New Shores,роман,1914,Современный мир,0,,социальный роман,аристократия,,социальный,социальный,PREP ADJF NOUN,3,0,,,,,
"Винниченко, Владимир Кириллович",мужской,0,Заветы отцов,The Fathers' Testaments,роман,1914,Земля,1,Санкт-Петербург,социально-психологический,"революционеры, рабочие",3 лицо,социально-психологический,социально-психологический,NOUN ADJF,2,0,,,,,
"Фёдоров, Александр Митрофанович",мужской,0,Заря жизни,The Dawn of Life,,1914,Вестник Европы,0,,,,1 лицо,,,NOUN NOUN,2,0,,,,,
"Емельянченко, Иван Яковлевич",мужской,0,Под молотом истории,Under the Hammer of History,роман,1914,Отд. изд.,1,Одесса,семейный,евреи,,семейный,семейный,PREP ADJF NOUN,3,0,,,,,
"Светлов, Валериан Яковлевич",мужской,1,В неведомую даль,Into the Unknown Distance,роман,1914,Отд. изд. (СС),1,Санкт-Петербург,семейно-бытовой,,,семейный,семейный,PREP ADJF NOUN,3,0,,,,,
"Волконский, Михаил Николаевич",мужской,0,Две жизни,Two Lives,роман,1914,Родина,1,Петроград,"историко-авантюрный роман, неофициальная история, шпионский роман","военные, аристократия",3 лицо,исторический,исторический,NUMR NOUN,2,0,,,,,
"Нагродская, Евдокия Аполлоновна",женский,0,Белая коллонада,The White Colonnade,роман,1914,Отд. изд.,1,Петроград,,,3 лицо,,,ADJF NOUN,2,0,социально-психологический,любовный,феминистский,,
"Лаппо-Данилевская, Надежда Александровна",женский,0,Русский барин,A Russian Squire,роман,1914,Отд. изд.,1,Санкт-Петербург,светский роман,,,светский,светский,ADJF NOUN,2,0,,,,,
"Светлов, Валериан Яковлевич",мужской,1,На полпути,Halfway,роман,1914,Отд. изд. (СС),1,Санкт-Петербург,семейно-бытовой,,3 лицо,семейный,семейный,PREP NOUN,2,0,,,,,
"Кузмин, Михаил Алексеевич",мужской,0,Плавающие путешествующие,Those Who Sail and Travel,роман,1915,Отд. изд.,1,Петроград,социально-психологический,"литературная богема, ""Сова"", аристократия, гомосексуальность, революция",3 лицо,социально-психологический,социально-психологический,PRTF PRTF,2,0,,,,,
"Нагродская, Евдокия Аполлоновна",женский,0,Злые духи,Evil Spirits,роман,1915,Отд. изд.,1,Петроград,мистический,,3 лицо,мистический,фантастический,ADJF NOUN,2,0,,,,,
"Григорьев, Р.",женский,1,Недавнее,Recent Events,роман,1915,Современный мир,0,,социально-психологический,интеллигенция,,социально-психологический,социально-психологический,ADJF,1,0,,,,,
"Краснов, Петр Николаевич",мужской,0,В житейском море,In the Sea of Life,Роман,1915,Отд. изд.,1,Петроград,исторический,военные,3 лицо,исторический,исторический,PREP ADJF NOUN,3,0,,,,,
"Криницкий, Марк",мужской,1,Вами казненный,Executed by You,Роман,1915,Отд. изд.,1,Москва,,,3 лицо,,,NPRO PRTF,2,0,,,,,
"Пазухин, Алексей Михайлович",мужской,0,В наши дни,In Our Days,Современный роман,1915,Отд. изд.,1,Москва,,,3 лицо,,,PREP ADJF NOUN,3,0,,,,,
"Пазухин, Алексей Михайлович",мужской,0,Грядущая сила,The Coming Force,роман,1915,Отд. изд.,1,Москва,социально-психологический,помещики,3 лицо,социально-психологический,социально-психологический,ADJF NOUN,2,0,,,,,
Граф Амори,мужской,1,Сановные шалости,High-Ranking Follies,роман,1915,Отд. изд.,1,Санкт-Петербург,"авантюрно-любовный, эротический",аристократы,,авантюрный,приключенческий,ADJF NOUN,2,0,,,,,
"Фонвизин, Сергей Иванович",мужской,0,Записки свободной женщины,Notes of a Free Woman,,1915,Отд. изд.,1,Санкт-Петербург,,,,,,NOUN ADJF NOUN,3,0,,,,,
"Пазухин, Алексей Михайлович",мужской,0,Военная гроза,The Storm of War,роман,1915,Отд. изд.,1,Москва,"политический, любовный",,,политический,социальный,ADJF NOUN,2,0,,,,,
"Криницкий, Марк",мужской,1,Маскарад чувства,A Masquerade of Feeling,Роман,1915,Отд. изд.,1,Москва,авантюрно-любовный,"женщины, ревность, чиновники, публичный дом",3 лицо,авантюрный,приключенческий,NOUN NOUN,2,0,авантюрный,любовный,психологический,светский,
"Ковальская, Ольга Нестеровна; Ковальский, Казимир Адольфович",женский и мужской,0,Двуликий бог,The Two-Faced God,роман,1915,Современный мир,0,,театр,"театральные работники, актеры",,,,ADJF NOUN,2,0,,,,,
"Криницкий, Марк",мужской,1,Синяя борода,Bluebeard,Роман,1915,Отд. изд.,1,Москва,,,,,,ADJF NOUN,2,0,,,,,
"Криницкий, Марк",мужской,1,Час настал,The Hour Has Come,Роман,1915,Отд. изд.,1,Москва,,"Первая мировая, буржуазия, богема",,,,NOUN VERB,2,0,,,,,
"Россов, Николай Петрович",мужской,1,Жертва искусства,A Victim of Art,na,1915,Театральная газета,0,,автобиография,"актеры театра, театр",,автобиографический,биографический,NOUN NOUN,2,0,,,,,
"Крашенинников, Николай Александрович",мужской,0,Амеля,Amelya,Роман,1915,Земля (сборник),1,Москва,"роман воспитания, социально-психологический","народности и этнические группы, башкиры",1 лицо,воспитания,воспитания,NOUN,1,0,,,,,
"Каменский, Василий Васильевич",мужской,0,Стенька Разин,Stenka Razin,роман,1915,Отд. изд.,1,Москва,исторический/социально-психологический/футуристический,,3 лицо,исторический,исторический,NOUN NOUN,2,0,,,,,
"Краснов, Петр Николаевич",мужской,0,Погром,The Pogrom,Роман из Русско-японской войны,1915,Отд. изд.,1,Петроград,"исторический, военные","военные, Русско-японская война",3 лицо,исторический,исторический,NOUN,1,0,,,,,
"Ленский, Владимир Яковлевич",мужской,1,Зори ночные,Night Dawns,роман,1915,Отд. изд.,1,Москва,авантюрно-любовный,,,авантюрный,приключенческий,NOUN NOUN,2,0,,,,,
"Зарин, Андрей Ефимович",мужской,0,В поисках убийцы,In Search of a Murderer,роман,1915,Отд. изд.,1,Санкт-Петербург,детективный,мещане,3 лицо,детективный,криминальный,PREP NOUN NOUN,3,0,детективный,уголовный,авантюрный,,
"Никонов, Борис Павлович",мужской,0,Золотой зверь,The Golden Beast,роман,1915,Иллюстрированное собрание русских романов,1,Петроград,социально-психологический,"интеллигентная богема, поэт, новая эра, автобиографический характер",,социально-психологический,социально-психологический,ADJF NOUN,2,0,,,,,
"Новиков, Иван Алексеевич",мужской,0,Между двух зорь (Дом Орембовских),Between Two Dawns (The Orembosky House),роман в 2 частях,1915,Отд. изд.,1,Москва,психологический роман,"молодое поколение, исторический путь России, учение Толстого, Толстой, нравственность, революция",3 лицо,психологический,психологический,PREP NUMR NOUN NOUN ADJF,5,0,,,,,
"Зарин, Федор Ефимович",мужской,0,За чужую свободу,For Another's Freedom,роман,1915,Исторический вестник,0,,"исторический, военные",военные,3 лицо,исторический,исторический,PREP ADJF NOUN,3,0,,,,,
"Брешко-Брешковский, Николай Николаевич",мужской,0,Гадины тыла,The Vermin of the Rear,роман,1915,Отд. изд.,1,Санкт-Петербург,"детективный, шпионы","шпионы, криминальный мир",,детективный,криминальный,NOUN NOUN,2,0,,,,,
"Крачковский, Дмитрий Николаевич",мужской,0,Святые грехи,Holy Sins,Роман в 4 ч,1915,Отд. изд.,1,Санкт-Петербург,,,,,,ADJF NOUN,2,0,,,,,
"Винниченко, Владимир Кириллович",мужской,0,Хочу!,I Want!,роман,1916,Отд. изд.,1,Санкт-Петербург,,,,,,VERB,1,0,,,,,
"Брешко-Брешковский, Николай Николаевич",мужской,0,Ремесло сатаны,Satan's Craft,роман,1916,Отд. изд.,1,Петроград,"детективный, шпионы","криминальный мир, духовенство",3 лицо,детективный,криминальный,NOUN NOUN,2,0,,,,,
"Брусянин, Василий Васильевич",мужской,0,Темный лик,The Dark Visage,роман,1916,Отд. изд.,1,Петроград,"исторический, дворяне, крестьяне",крестьяне,3 лицо,исторический,исторический,ADJF NOUN,2,0,,,,,
"Верхоустинский, Борис Алексеевич",мужской,0,Маленькая буря,A Little Storm,роман,1916,Отд. изд.,1,Петроград,социально-психологический,,,социально-психологический,социально-психологический,ADJF NOUN,2,0,,,,,
"Фонвизин, Сергей Иванович",мужской,0,Роман вице-губернатора,The Vice-Governor's Romance,,1916,Отд. изд.,1,Санкт-Петербург,,,,,,NOUN NOUN,2,0,,,,,
"Брешко-Брешковский, Николай Николаевич",мужской,0,В сетях предательства,In the Nets of Treachery,роман,1916,Отд. изд.,1,Петроград,"детективный, шпионы","шпионаж, криминальный мир, аристократия, военные",3 лицо,детективный,криминальный,PREP NOUN NOUN,3,0,,,,,
"Беляев, Юрий Дмитриевич",мужской,0,Ведьма,The Witch,роман,1916,Отд. изд.,1,Петроград,"любовный, авантюрный","Париж, аристократия",3 лицо,любовный,любовный,NOUN,1,0,,,,,
"Воинов, Владимир Васильевич",мужской,0,Чертово колесо,The Devil's Wheel,Современный роман,1916,Отд. изд.,1,Москва; Петроград,"детектив, нравственный и социальный",,3 лицо,детективный,криминальный,ADJS NOUN,2,0,,,,,
"Эльснер-Коранский, Анатолий Оттович",мужской,1,Бес ликующий,The Exultant Demon,Роман,1916,Отд. изд.,1,Санкт-Петербург,,,3 лицо,,,NOUN ADJF,2,0,,,,,
"Брешко-Брешковский, Николай Николаевич",мужской,0,Танцовщица Лилиас,Lilias the Dancer,роман (на форзаце). на обложке - повесть,1916,Отд. изд.,1,Петроград,"исторический, благородная девушка",богема,3 лицо,исторический,исторический,NOUN NOUN,2,0,,,,,
"Ясинский, Иероним Иеронимович",мужской,0,Крепостники,The Serfowners,роман,1916,Отд. изд.,1,Москва,,,,,,NOUN,1,0,,,,,
"Выставкина, Екатерина Владимировна",женский,1,Амазонка,The Amazon,роман,1916,Русские записки,0,,"социально-психологический роман, женско-интеллектуальная трагедия",феминистки,,социально-психологический,социально-психологический,NOUN,1,0,,,,,
"Сукенников, Михаил Александрович",мужской,0,Женщины. Письма к неизвестному,Women: Letters to an Unknown Man,Роман,1916,Отд. изд.,1,Петроград,,,,,,NOUN NOUN PREP ADJF,4,0,,,,,
"Крыжановская (Рочестер), Вера Ивановна",женский,0,Законодатели,The Lawmakers,роман-пенталогия,1916,Отд. изд.,1,Петроград,"утопический, приключенческий, оккультный",,3 лицо,утопический,утопический,NOUN,1,0,утопический,приключенческий,оккультный,фантастический,
"Жданов, Лев",мужской,1,Под властью фаворита,Under the Power of the Favourite,роман,1916,Отд. изд.,1,Петроград,"исторический, дворяне","легендарные исторические фигуры, царская Россия",3 лицо,исторический,исторический,PREP NOUN NOUN,3,0,исторический,политический,авантюрный,любовный,
"Тютчев, Федор Федорович",мужской,0,Увертюра или финал?,Overture or Finale?,,1916,Военный сборник,0,,,,3 лицо,,,NOUN CONJ NOUN,3,0,,,,,
"Лаппо-Данилевская, Надежда Александровна",женский,0,Мишура,Tinsel,роман,1916,Отд. изд.,1,Санкт-Петербург,светский роман,"содержанки, гетеры, неудачная любовь, одинокое материнство",3 лицо,светский,светский,NOUN,1,0,,,,,
"Тимофеева-Починковская, Варвара Васильевна",женский,0,У чужих алтарей,At Foreign Altars,Роман,1916,Исторический вестник,0,,,,,,,PREP NOUN NOUN,3,0,,,,,
"Ленский, Владимир Яковлевич",мужской,1,Демон наготы,The Demon of Nakedness,роман,1916,Отд. изд.,1,Москва,"социально-психологический, роман воспитания",,1 лицо,социально-психологический,социально-психологический,NOUN NOUN,2,0,,,,,
"Тыркова, Ариандна Владимировна",женский,0,Добыча,The Prey,Роман,1917,Русская мысль,0,,,,3 лицо,,,NOUN,1,0,,,,,
"Ренников, А.",мужской,1,"Разденься, человек","Bare Yourself, Man",роман,1917,Отд. изд.,1,Санкт-Петербург,"фантастический роман, социалистический роман, сверхчеловек",,,фантастический,фантастический,VERB NOUN,2,0,,,,,
"Пазухин, Алексей Михайлович",мужской,0,Тайна шоффера,The Chauffeur's Secret,роман,1917,Московский Листок,0,,,,,,,NOUN NOUN,2,0,,,,,
"Семёнов-Волжский, Степан Степанович",мужской,1,Власть любви,The Power of Love,роман,1917,Новая жизнь,0,,"бытописательный, любовный роман, провинциальный быт, псевдофилософствования, парадоксы",,,бытоописательный,описательный,NOUN NOUN,2,0,,,,,
"Раскатов, Михаил",мужской,1,Порванные цепи (Из дней революции),Broken Chains (From the Days of Revolution),Роман,1917,Отд. изд.,1,Санкт-Петербург,"исторический, рабочие",,,исторический,исторический,PRTF NOUN PREP NOUN NOUN,5,0,,,,,
"Ленский, Владимир Яковлевич",мужской,1,Игра,The Game,роман,1917,Отд. изд.,1,Москва,,,,,,NOUN,1,0,,,,,
"Лаппо-Данилевская, Надежда Александровна",женский,0,Долг жизни,The Debt of Life,роман,1917,Отд. изд.,1,Петроград; Берлин,"светский роман, любовный",,,светский,светский,NOUN NOUN,2,0,,,,,
"Раскатов, Михаил",мужской,1,Орленок (Антон Кречет),The Eaglet (Anton Krechet),Роман в 3 частях,1917,Отд. изд.,1,Санкт-Петербург,авантюрно-приключенческий,разбойник,,авантюрный,приключенческий,NOUN NOUN NOUN,3,0,,,,,
"Соловьев, Всеволод Сергеевич",мужской,0,Русские крестоносцы,Russian Crusaders,повесть,1917,Отд. изд.,1,Петроград,"дворяне, военные",,3 лицо,военный,исторический,ADJF NOUN,2,0,,,,,
"Слёзкин, Юрий Львович",мужской,0,Ветер,The Wind,роман,1917,Вестник Европы,0,,семейно-психологический,,,семейный,семейный,NOUN,1,0,,,,,
"Скалдин, Алексей Дмитриевич",мужской,0,Странствия и приключения Никодима Старшего,The Wanderings and Adventures of Nikodim the Elder,роман,1917,Отд. изд.,1,Петроград,соц.-психологический,,3 лицо,социально-психологический,социально-психологический,NOUN CONJ NOUN NOUN NOUN,5,0,эзотерический,психологический,философский,символистский,
"Крыжановская (Рочестер), Вера Ивановна",женский,0,Рай без Адама,Paradise without Adam,роман,1917,Отд. изд.,1,Санкт-Петербург,,,,,,NOUN PREP NOUN,3,0,,,,,
"Брешко-Брешковский, Николай Николаевич",мужской,0,Прекрасный мужчина,A Handsome Man,роман,1917,Отд. изд.,1,Санкт-Петербург,"социально-психологический, люди искусства",,,социально-психологический,социально-психологический,ADJF NOUN,2,0,,,,,
"Брешко-Брешковский, Николай Николаевич",мужской,0,Позор династии,The Disgrace of the Dynasty,Политический роман в 2 частях,1917,Отд. изд.,1,Санкт-Петербург,"исторический, распутинщина",,,исторический,исторический,NOUN NOUN,2,0,,,,,
"Ленский, Владимир Яковлевич",мужской,1,Черный став,The Black Pond,роман,1917,Отд. изд.,1,Москва,"мистический, неоготический, оккультный","легендарные исторические фигуры, криминал",3 лицо,мистический,фантастический,NOUN GRND,2,0,мистический,готический,оккультный,,
"Белый, Андрей",мужской,1,Котик Летаев,Kotik Letaev,роман,1917,Скифы,1,Петроград,"символистский, автобиографический",,1 лицо,символистский,символистский,NOUN NOUN,2,1,символистский,психологический,,,
"Пазухин, Алексей Михайлович",мужской,0,Вокруг (кровавого) трона,Around the (Bloody) Throne,роман,1917,Отд. изд.,1,Москва,"политический, любовный",аристократия прошлого,3 лицо,политический,социальный,ADVB ADJF NOUN,3,0,,,,,
"Мурахина, Любовь Алексеевна",женский,1,Пирамида Хеопса,The Pyramid of Cheops,,1917,Вешние воды,0,,"приключенческий, мистический","евреи, арийцы, история Др. Египта",3 лицо,приключенческий,приключенческий,NOUN NOUN,2,0,,,,,
"Тимковский, Николай Иванович",мужской,0,В дворянской берлоге,In the Noble's Lair,Роман,1917,Русское богатство,0,,,,1 лицо,,,PREP ADJF NOUN,3,0,,,,,
"Муравьев, Николай",мужской,1,Женщина на пути,A Woman on the Way,роман,1917,Отд. изд.,1,Москва,психолого-философский роман,,,психологический,психологический,NOUN PREP NOUN,3,0,,,,,
"Фёдоров, Александр Митрофанович",мужской,0,Моя весна,My Spring,Роман,1917,Вестник Европы,0,,,,1 лицо,,,ADJF NOUN,2,0,,,,,
"Ивнев, Рюрик",мужской,1,Несчастный ангел,The Unfortunate Angel,роман,1917,Отд. изд.,1,Петроград,социально-психологический,,3 лицо,социально-психологический,социально-психологический,ADJF NOUN,2,0,,,,,
"Сухотин, Павел Сергеевич",мужской,0,Перчатка,The Glove,"Записки русского кота, найденные Павлом Сухотиным",1917,Ветвь,1,Москва,,,,,,NOUN,1,0,,,,,
"Винниченко, Владимир Кириллович",мужской,0,Записки курносого Мефистофеля,Notes of a Snub-Nosed Mephistopheles,роман,1917,Земля (сборник),1,Санкт-Петербург; Киев,"любовный, роман воспитания",,3 лицо,любовный,любовный,NOUN ADJF NOUN,3,0,,,,,
Громов Алексей Матвеевич,мужской,0,Огни погасли,The Lights Went Out,роман,1918,Отд. изд.,1,Москва,"психологический, любовный",,,психологический,психологический,NOUN VERB,2,0,,,,,
Басанин Марк,женский,1,Великий провокатор,The Great Provocateur,Роман вчерашнего дня,1918,Новая Петроградская газета,0,,детективный роман,"эмигранты, революция",,детективный,криминальный,ADJF NOUN,2,0,,,,,
Мережковский Дмитрий Сергеевич,мужской,0,14 декабря (Николай Первый),The Fourteenth of December (Nicholas the First),роман,1918,Отд. изд.,1,П,"исторический, религиозно-философский роман",аристократия прошлого,3 лицо,исторический,исторический,NUMR NOUN NOUN ADJF,4,0,,,,,
Криницкий Марк,мужской,1,Прапорщик Игнатов,Ensign Ignatov,"продолжение романа ""Час настал""",1918,Отд. изд.,1,Москва,,,,,,NOUN NOUN,2,0,,,,,
Тимофеев Борис Александрович,мужской,0,Чаша скорбная,The Cup of Sorrow,нет,1918,Отд. изд.,1,М,,,,,,NOUN ADJF,2,0,,,,,
Фонвизин Сергей Иванович,мужской,0,Развал,The Collapse,Роман,1918,Отд. изд.,1,Пг.,,,,,,NOUN,1,0,,,,,
Мар Анна,женский,1,Женщина на кресте,The Woman on the Cross,Роман,1918,Отд. изд.,1,Москва,"социально-психологческий, любовный",,3 лицо,социально-психологический,социально-психологический,NOUN PREP NOUN,3,0,,,,,
Минцлов Сергей Рудольфович,мужской,0,Под шум дубов,To the Rustle of Oaks,?,1919,Отд.изд.,1,Берлин,об обороне псково-печорского монастыря немецкими захватчиками в 1501 г.,военные,,военный,исторический,PREP NOUN ADJS,3,0,,,,,
Степной Николай Александрович,мужской,0,Пролетарий,The Proletarian,Роман,1919,Отд. изд.,1,Самара,,,,,,NOUN,1,0,,,,,
Де-Воллан Григорий Александрович,мужской,0,Полная чаша. Из семейной хроники Ногайцевых,A Full Cup: From the Family Chronicle of the Nogaitsevs,Роман,1920,Русское богатство,0,,политический,разночинцы,,политический,социальный,ADJF NOUN PREP ADJF NOUN NOUN,6,0,,,,,
Толстой Алексей Николаевич,мужской,0,Сестры,Sisters,вошло в Хождение по мукам,1920,Грядущая Россия,1,Париж,,,,,,NOUN,1,0,,,,,
Сивачев Михаил Гордеевич,мужской,0,Желтый дьявол,The Yellow Devil,роман,1920,Отд. изд.,1,Москва,классовая борьба в деревне,крестьяне,3 лицо,социальный,социальный,ADJF NOUN,2,0,,,,,
Серошевский Вацлав Леопольдович,мужской,0,Пучина,The Abyss,роман,1921,Отд. изд.,1,Москва,исторический,революционеры,,исторический,исторический,NOUN,1,0,,,,,
Белый Андрей,мужской,1,Крещеный китаец,The Baptised Chinaman,роман,1921,Записки мечтателей,1,Москва,"символистский, автобиографический",,1 лицо,символистский,символистский,ADJF NOUN,2,0,,,,,
Сологуб Федор Кузьмич,мужской,1,Заклинательница змей,The Snake Charmer,роман,1921,Отд. изд.,1,Берлин,"социально-психологический; фабрикант, фабричные рабочие",,3 лицо,социально-психологический,социально-психологический,NOUN NOUN,2,0,,,,,
Андреев Леонид Николаевич,мужской,0,Дневник Сатаны,The Diary of Satan,роман,1921,Отд. изд.,0,,1) дневниковые заметки 2)воплощение сатаны в тело человека,,1 лицо,,,NOUN NOUN,2,0,,,,,
Лаппо-Данилевская Надежда Александровна,женский,0,Развал,The Collapse,Тетралогия,1921,Отд. изд.,1,Б.,"панорамное изображение русской жизни, светский",,,светский,светский,NOUN,1,0,,,,,
Краснов Петр Николаевич,мужской,0,От двуглавого орла к красному знамени,From the Double-Headed Eagle to the Red Banner,Автобиографический роман,1921,Отд. изд.,1,Б.,автобиографический роман,военные,3 лицо,автобиографический,биографический,PREP ADJF NOUN PREP ADJF NOUN,6,0,,,,,
Бибик Алексей Павлович,мужской,0,На черной полосе,In a Dark Spell,роман,1921,Творчество,1,Москва,исторический,"рабочие,революционеры",3 лицо,исторический,исторический,PREP ADJF NOUN,3,0,,,,,
Лаппо-Данилевская Надежда Александровна,женский,0,Екатерина Никитична,Yekaterina Nikitichna,роман,1922,Отд. изд.,1,Б.,исторический,большевики,3 лицо,исторический,исторический,NOUN ADJS,2,0,,,,,
Гумилевский Лев Иванович,мужской,0,Эмигранты,The Emigrants,Роман,1922,Отд. Изд,1,Саратов,"социально-психологический, аристократы",,,социально-психологический,социально-психологический,NOUN,1,0,,,,,
Муратов Павел Павлович,мужской,0,Эгерия,Egeria,?,1922,Отд. изд.,1,Берлин-Петербург-Москва,"исторический, итальянские аристократы",,1 лицо,исторический,исторический,NOUN,1,0,,,,,
Нагродская Евдокия Аполлоновна,женский,0,Правда о семье моей жены,The Truth about My Wife's Family,?,1922,Отд. изд.,1,Б,,,,,,PRCL PREP NOUN ADJF NOUN,5,0,,,,,
Гребенщиков Георгий Дмитриевич,мужской,0,Чураевы,The Churayevs,?,1922,Собрание сочинений. Т. 1—6.,1,Париж,"семейный, социально-психологический, крестьяне",крестьяне,3 лицо,семейный,семейный,NOUN,1,0,,,,,
Краснов Петр Николаевич,мужской,0,Амозонка пустыни,The Amazon of the Desert,Роман,1922,Отд. изд.,1,Б.,авантюрный,военные,3 лицо,авантюрный,приключенческий,NOUN NOUN,2,0,,,,,
Амфитеатров Александр Валентинович,мужской,0,Сестры,Sisters,роман,1922,Грани,1,Москва,хроника в 4 романах,,1 лицо,хроника,исторический,NOUN,1,0,,,,,
Краснов Петр Николаевич,мужской,0,За чертополохом,Beyond the Thistles,Историко-фантастич. Роман,1922,Отд. изд.,1,Б.,исторический роман,большевики,3 лицо,исторический,исторический,PREP NOUN,2,0,,,,,
Родионов Иван Александрович,мужской,0,Любовь,Love,роман,1922,Отд.изд.,1,Берлин,,,,,,NOUN,1,0,,,,,
Степной Николай Александрович,мужской,0,Семья,The Family,?,1922,Отд. изд.,1,Самара,,,,,,NOUN,1,0,,,,,
Нагродская Евдокия Аполлоновна,женский,0,Записки Романа Васильева,The Notes of Roman Vasilyev,?,1922,Отд. изд.,1,Париж,автобиографический роман,,,автобиографический,биографический,NOUN NOUN NOUN,3,0,,,,,
Вересаев Викентий Викентиевич,мужской,1,В тупике,At a Dead End,роман,1923,,1,М,интеллигенция,интеллигенция,,социальный,социальный,PREP NOUN,2,0,,,,,
Краснов Петр Николаевич,мужской,0,Опавшие листья,Fallen Leaves,Роман,1923,Отд. изд.,1,Мюнхен,исторический,дворяне,3 лицо,исторический,исторический,PRTF NOUN,2,0,,,,,
Лаппо-Данилевская Надежда Александровна,женский,0,К счастью,Towards Happiness,роман,1923,Отд. изд.,1,Париж,прокатолическая тенденция,,,,,PREP NOUN,2,0,,,,,
Шкловский И. В.,мужской,0,Когда боги ушли,When the Gods Departed,?,1923,Отд. Изд.,1,М.-Б.,"автобиографический, эмигранты",,,автобиографический,биографический,CONJ NOUN VERB,3,0,,,,,
Савватий,мужской,1,Танька,Tanka,Роман,1923,Отд. изд.,1,Б.,"соц. психологический/деревня, крестьяне",крестьяне,,социально-психологический,социально-психологический,NOUN,1,0,,,,,
Горянский Валентин Иванович,мужской,1,Необычайные приключения Боба,The Extraordinary Adventures of Bob,Юмористический роман,1923,Отд.изд.,1,Хорватия,"юмористический, детский",,,юмористический,юмористический,ADJF NOUN NOUN,3,0,,,,,
Романов Пантелеймон Сергеевич,мужской,0,Русь,Rus,Роман,1923,Отд. изд.,1,Москва,"эпопея, соц.-психологический, крестьяне и дворяне до и во время 1-й мировой войны",крестьяне,,эпопея,исторический,NOUN,1,0,,,,,
Ремизов Алексей Михайлович,мужской,0,Канава,The Ditch,Роман,1923,Отд. изд.,1,"Прага, Б.","соц.-психологический, ""роман-коллаж"", чиновники",,3 лицо,социально-психологический,социально-психологический,NOUN,1,0,,,,,
Минцлов Сергей Рудольфович,мужской,0,Царь Берендей,Tsar Berendei,?,1923,Отд.изд.,1,Берлин,фантастический,,,фантастический,фантастический,NOUN NOUN,2,0,,,,,
Степун Федор Августович,мужской,0,Николай Переслегин,Nikolai Pereslegin,нет,1923,Современные записки,0,,,,,,,NOUN NOUN,2,0,,,,,
Савватий,мужской,1,Семья Задорогиных,The Zadorogin Family,Роман,1923,Отд. изд.,1,Б.,военный роман,военные,,военный,исторический,NOUN NOUN,2,0,,,,,
Серафимович Александр Серафимович,мужской,1,Железный поток,The Iron Flood,роман,1924,Отд. изд.,1,Москва,"исторический,, батраки",военные,3 лицо,исторический,исторический,ADJF NOUN,2,0,,,,,
Чириков Евгений Николаевич,мужской,0,Семья,The Family,роман,1924,Отд. изд.,1,Берлин,"роман воспитания, становления писателя",,1 лицо,воспитания,воспитания,NOUN,1,0,,,,,
Сивачев Михаил Гордеевич,мужской,0,Федор Быльников,Fyodor Bylnikov,роман,1924,Отд. изд.,1,Л.,"приключенческий,",,,приключенческий,приключенческий,NOUN NOUN,2,0,,,,,
Нагродская Евдокия Аполлоновна,женский,0,Река времен,The River of Time,?,1924,Отд. изд.,1,Б,исторический,масоны,,исторический,исторический,NOUN NOUN,2,0,,,,,
Грин Александр Степанович,мужской,1,Блистающий мир,The Shining World,роман,1924,Отд. Изд,1,Москва,"приключенческий, фантастический, символистский",,3 лицо,приключенческий,приключенческий,PRTF NOUN,2,0,,,,,
Первухин Михаил Константинович,мужской,0,Пугачев-победитель,Pugachev Victorious,Роман,1924,Отд. изд.,1,Берлин,"историко-гипотетическая; разбойники, аристократы",,3 лицо,исторический,исторический,NOUN,1,0,,,,,
Форш Ольга Дмитриевна,женский,0,Одеты камнем. Таинственный узник Алексеевского равелина,Clad in Stone: The Mysterious Prisoner of the Alekseevsky Ravelin,Роман,1924,Россия,0,,,,,,,ADJS NOUN ADJF NOUN ADJF NOUN,6,0,,,,,
Минцлов Сергей Рудольфович,мужской,0,Сны земли,Dreams of the Earth,?,1924,Отд.изд.,1,Берлин,,,,,,NOUN NOUN,2,0,,,,,
Степной Николай Александрович,мужской,0,Перевал,The Mountain Pass,?,1924,Отд. изд.,1,М,,,,,,NOUN,1,0,,,,,
Мережковский Дмитрий Сергеевич,мужской,0,Рождение богов. Тутанкамон на Крите,The Birth of the Gods: Tutankhamun on Crete,роман,1924,Современные записки,0,,"дилогия. исторический, религиозно-философский роман",,3 лицо,философский,философский,NOUN NOUN NOUN PREP NOUN,5,0,,,,,
Крашенинников Николай Александрович,мужской,0,Целомудрие,Chastity,Роман,1925,Отд. изд.,1,Москва,автобиографический,дети,3 лицо,автобиографический,биографический,NOUN,1,0,,,,,
Клычков Сергей Антонович,мужской,0,Сахарный немец,The Sugar German,Роман,1925,Отд. изд.,1,Москва,сатирический роман,солдаты,1 лицо,сатирический,юмористический,ADJF NOUN,2,0,,,,,
Толстой Алексей Николаевич,мужской,0,Гиперболоид инженера Гарина,The Hyperboloid of Engineer Garin,?,1925,Красная новь,0,,,,,,,NOUN NOUN NOUN,3,0,,,,,
Аверченко Аркадий Тимофеевич,мужской,0,Шутка мецената,The Patron's Jest,роман,1925,Отд. изд.,1,Прага,юмористический роман,русская интеллигенция,1 лицо,юмористический,юмористический,NOUN NOUN,2,0,,,,,
Березовский Феоктист Александрович,мужской,0,В степных просторах,In the Steppe Expanses,роман,1925,Отд. изд.,1,Москва,"реалистический,",кочевники,,реалистический,социальный,PREP ADJF NOUN,3,0,,,,,
Минцлов Сергей Рудольфович,мужской,0,Гусарский монастырь,The Hussar Monastery,?,1925,Отд. изд.,1,София,,,3 лицо,,,ADJF NOUN,2,0,,,,,
Каллиников Иосиф Федорович,мужской,0,Мощи,The Relics,роман,1925,1-2 Отд. изд.,1,М.-Л.,автобиографический/социально-психологический,духовенство,3 лицо,автобиографический,биографический,NOUN,1,0,,,,,
Замятин Евгений Иванович,мужской,0,Мы,We,роман,1925,Отд. изд.,1,Нью-Йорк,"антиутопический, граждане единого государства",,1 лицо,антиутопический,антиутопический,NPRO,1,0,,,,,
Белкина Любовь Михайловна,женский,0,Рольф Май,Rolf Mai,роман,1925,Периодич. печать,1,Тула,,,,,,NOUN NOUN,2,0,,,,,
Масловский Сергей Дмитриевич,мужской,1,Крыша мира,The Roof of the World,?,1925,Отд. Изд.,1,Москва,"социально-психологический, проводник-шутник",,3 лицо,социально-психологический,социально-психологический,NOUN NOUN,2,0,,,,,
Бебутова Ольга Михайловна,женский,0,Страсть и душа,Passion and the Soul,роман,1925,Отд. Изд.,1,София,автобиографичский,артисты,1 лицо,автобиографический,биографический,NOUN CONJ GRND,3,0,,,,,
Ренников А.,мужской,1,Диктатор мира,The Dictator of the World,роман,1925,Отд. изд.,1,Белград,"роман-утопия, роман будущего",,3 лицо,утопический,утопический,NOUN NOUN,2,0,,,,,
Ренников А.,мужской,1,Души живые,Living Souls,роман,1925,Отд. изд.,1,Белград,юмористический роман,эмигранты,,юмористический,юмористический,NOUN NOUN,2,0,,,,,
Ляцкий Евгений Александрович,мужской,0,Тундра,The Tundra,роман,1925,Отд. изд.,1,Прага,роман о жизни русских эмигрантов,русские эмигранты,,социальный,социальный,NOUN,1,0,,,,,
Горький Максим,мужской,1,Дело Артамоновых,The Artamonov Business,Роман,1925,Отд.изд.,1,Берлин,роман-эпопея,"крестьяне,рабочие,мещане",3 лицо,эпопея,исторический,NOUN NOUN,2,0,,,,,
Грин Александр Степанович,мужской,1,Золотая цепь,The Golden Chain,роман,1925,Новый мир,1,Москва,"социально-психологический, приключенческий",моряки,1 лицо,социально-психологический,социально-психологический,ADJF NOUN,2,0,,,,,
Краснов Петр Николаевич,мужской,0,Единая-неделимая,One and Indivisible,Роман,1925,Отд. изд.,1,Б.,исторический,крестьяне,3 лицо,исторический,исторический,ADJF,1,0,,,,,
Ренников А.,мужской,1,За тридевять земель,Beyond Thrice-Nine Lands,роман,1926,Отд. изд.,1,Белград,роман о жизни русских эмигрантов,русские эмигранты,,социальный,социальный,PREP NUMR NOUN,3,0,,,,,
Белый Андрей,мужской,1,Москва под ударом,Moscow under Attack,роман,1926,Отд. изд.,1,Москва,"символистский, буржуи, интеллигенты",,3 лицо,символистский,символистский,NOUN PREP NOUN,3,0,,,,,
Минцлов Сергей Рудольфович,мужской,0,Закат,The Decline,?,1926,Отд. изд.,1,Берлин,,,,,,NOUN,1,0,,,,,
Ливен Магда Густановна,женский,0,На пороге,On the Threshold,роман,1926,Град Китеж,1,Берлин,,,,,,PREP NOUN,2,0,,,,,
Чириков Евгений Николаевич,мужской,0,Зверь из бездны,The Beast from the Abyss,роман,1926,Отд. изд.,1,Прага,"о гражданской войне, братья-офицеры",офицеры,3 лицо,военный,исторический,NOUN PREP NOUN,3,0,,,,,
Лаппо-Данилевская Надежда Александровна,женский,0,Поруганный,The Dishonoured,роман,1926,Отд. изд.,1,Париж,"прокатолическая тенденция, эмиграция",,,,,ADJF,1,0,,,,,
Белый Андрей,мужской,1,Московский чудак,The Moscow Eccentric,роман,1926,Отд. изд.,1,Москва,"символистский, буржуи, интеллигенты",,3 лицо,символистский,символистский,ADJF NOUN,2,0,,,,,
Форш Ольга Дмитриевна,женский,0,Современники,Contemporaries,?,1926,Отд. изд.,1,"М., СПб",,,,,,NOUN,1,0,,,,,
Клычков Сергей Антонович,мужской,0,Чертухинский балакирь,The Chertukhin Minstrel,Роман,1926,Отд. изд.,1,М.; Л.,фантастический,крестьяне,3 лицо,фантастический,фантастический,ADJF NOUN,2,0,,,,,
Форш Ольга Дмитриевна,женский,0,Казнь Каракозова,The Execution of Karakozov,?,1926,Отд. изд.,1,СПб,,,,,,NOUN NOUN,2,0,,,,,
Жданов Лев,мужской,1,Во власти золота (Ленская бойня),In the Power of Gold (The Lena Massacre),повесть-хроника,1926,Отд. изд.,1,М.-Л.,исторический,,,исторический,исторический,PREP NOUN NOUN ADJF NOUN,5,0,,,,,
Серошевский Вацлав Леопольдович,мужской,0,Любовь самурая,A Samurai's Love,роман,1926,Отд. изд.,0,,исторический,якуты,1 лицо,исторический,исторический,NOUN NOUN,2,0,,,,,
Гумилевский Лев Иванович,мужской,0,Черный яр,The Black Cliff,Роман,1926,Отд. Изд,1,Москва,детский,дети,,детский,детский,NOUN ADJS,2,0,,,,,
Гумилевский Лев Иванович,мужской,0,Харита,Kharita,Роман,1926,Отд. Изд,1,Москва,детский,дети,,детский,детский,NOUN,1,0,,,,,
Сухотин Павел Сергеевич,мужской,0,Вишни для компота,Cherries for Compote,?,1926,Новый мир,0,,,,,,,NOUN PREP NOUN,3,0,,,,,
Зайцев Борис Константинович,мужской,0,Золотой узор,The Golden Pattern,роман,1926,Отд. изд.,1,Прага,"социально-психологический, русская интеллигенция",интеллигенция,1 лицо,социально-психологический,социально-психологический,ADJF NOUN,2,0,,,,,
Серошевский Вацлав Леопольдович,мужской,0,Далай Лама,The Dalai Lama,роман,1927,Отд. изд.,1,?,исторический,,,исторический,исторический,NOUN NOUN,2,0,,,,,
Мережковский Дмитрий Сергеевич,мужской,0,Мессия,The Messiah,роман,1927,Современные записки,0,,фантастический,,3 лицо,фантастический,фантастический,NOUN,1,0,,,,,
Никонов Борис Павлович,мужской,0,Поэт-булочник,The Poet-Baker,роман,1927,Отд. изд.,1,Л,"исторический роман, великая французская революция, париж, коммуны",,,исторический,исторический,NOUN,1,0,,,,,
Горький Максим,мужской,1,Жизнь Клима Самгина,The Life of Klim Samgin,Роман-эпопея,1927,Отд.изд.,1,Берлин; М.,"роман-эпопея, интеллигенция, рабочие, революционеры",интеллигенция,,эпопея,исторический,NOUN NOUN NOUN,3,0,,,,,
Краснов Петр Николаевич,мужской,0,С нами Бог,God Is with Us,исторический Роман,1927,Отд. изд.,1,Б.,исторический,,,исторический,исторический,PREP NPRO NOUN,3,0,,,,,
Форш Ольга Дмитриевна,женский,0,Горячий цех,The Hot Workshop,?,1927,Отд. изд.,1,"М., СПб",,,,,,ADJF NOUN,2,0,,,,,
Коллонтай Александра Михайловна,женский,0,Василиса Малыгина,Vasilisa Malygina,повесть,1927,Отд. изд.,1,М.-Л.,беллетристика,революционеры,3 лицо,,,NOUN NOUN,2,0,,,,,
Тагеев Борис Леонидович,мужской,0,Нэлли. Приключения в стране вечного лета,Nellie: Adventures in the Land of Eternal Summer,роман,1927,Отд.изд.,1,М,,,,,,NOUN NOUN PREP NOUN ADJF NOUN,6,0,,,,,
Гумилевский Лев Иванович,мужской,0,Собачий переулок,Dog Lane,Роман,1927,Отд. Изд,1,Ленинград,социально-психологический,пролетариат,3 лицо,социально-психологический,социально-психологический,ADJF NOUN,2,0,,,,,
Толстой Алексей Николаевич,мужской,0,Восемнадцатый год,The Year Eighteen,вошло в Хождение по мукам,1927,Новый мир,0,,,,,,,ADJF NOUN,2,0,,,,,
Розов Борис Александрович,мужской,0,После бури,After the Storm,Роман,1927,Отд. изд.,1,Л.,"социальный, сатиристический",крестьяне,,социальный,социальный,PREP NOUN,2,0,,,,,
Краснов Петр Николаевич,мужской,0,Белая свитка,The White Smock,Роман,1928,Отд. изд.,1,Б.,реалистический,,3 лицо,реалистический,социальный,ADJF NOUN,2,0,,,,,
Грин Александр Степанович,мужской,1,Бегущая по волнам,She Who Runs on the Waves,роман,1928,Отд. Изд,1,М.-Л,"любвный, фантастический","пианист, незнакомка",1 лицо,любовный,любовный,PRTF PREP NOUN,3,0,,,,,
Грааль-Арельский,мужской,1,Враг Птоломея,The Enemy of Ptolemy,?,1928,Отд. Изд,1,Л,биографический,ученые,,биографический,биографический,NOUN NOUN,2,0,,,,,
Липецкий Алексей Владимирович,мужской,0,Наперекор,Against the Grain,роман,1928,Моск. т-во писателей,1,М.,"авантюрный, исторический",,,авантюрный,приключенческий,ADVB,1,0,,,,,
Амфитеатров Александр Валентинович,мужской,0,Вчерашние предки,Yesterday's Forebears,роман,1928,Новый сад,1,Б.-М.,исторический,аристократия,3 лицо,исторический,исторический,ADJF NOUN,2,0,,,,,
Гусев-Оренбургский Сергей Иванович,мужской,0,Страна детей,The Land of Children,Роман,1928,Отд. изд.,1,Лондон,исторический,аристократия,,исторический,исторический,NOUN NOUN,2,0,,,,,
Амфитеатров Александр Валентинович,мужской,0,Лиляша,Lilyasha,роман одной женской жизни,1928,Грамату драугас,1,Р.,любовный,аристократия,,любовный,любовный,NOUN,1,0,,,,,
Крашенинников Николай Александрович,мужской,0,Столп огненный,The Pillar of Fire,Роман-хроника,1928,Отд. изд.,1,Л.,хроника,,,хроника,исторический,NOUN ADJF,2,0,,,,,
Криницкий Марк,мужской,1,Брат мой Каин,My Brother Cain,?,1928,Отд. изд.,1,Л.,,,,,,NOUN ADJF NOUN,3,0,,,,,
Краснов Петр Николаевич,мужской,0,Понять-простить,To Understand Is to Forgive,Роман,1928,Отд. изд.,1,Лондон,исторический,"военные, рабочие, революционеры",3 лицо,исторический,исторический,INFN,1,0,,,,,
Лаппо-Данилевская Надежда Александровна,женский,0,В усадьбе,At the Estate,роман,1928,Отд. изд.,1,Париж,дореволюционная россия,,,исторический,исторический,PREP NOUN,2,0,,,,,
Мстиславский Сергей Дмитриевич,мужской,0,На крови,On Blood,?,1928,Отд. Изд.,1,"М., Л.",социально-психологический,"аристократия, революционеры",1 лицо,социально-психологический,социально-психологический,PREP NOUN,2,0,,,,,
Осоргин Михаил Андреевич,мужской,1,Сивцев Вражек,Sivtsev Vrazhek,Роман,1928,Отд.изд.,1,Париж,роман-хроника,аристократия,3 лицо,хроника,исторический,NOUN NOUN,2,0,,,,,
Клычков Сергей Антонович,мужской,0,Князь мира,The Prince of This World,Роман,1928,Отд. изд.,1,М.,автобиографический,крестьяне,3 лицо,автобиографический,биографический,NOUN NOUN,2,0,,,,,
Березовский Феоктист Александрович,мужской,0,Бабьи тропы,Women's Paths,роман,1928,Отд. изд.,1,М.-Л.,реалистический,крестьяне,3 лицо,реалистический,социальный,ADJF NOUN,2,0,,,,,
Садовской Борис Александрович,мужской,1,Приключения Карла Вебера,The Adventures of Karl Weber,Сказачно-фантастический роман,1928,Отд. изд.,1,М.,фантастический,"аристократия прошлого, легендарные исторические фигуры",3 лицо,фантастический,фантастический,NOUN NOUN NOUN,3,0,,,,,
Никонов Борис Павлович,мужской,0,Глухая стена,The Blank Wall,роман,1928,Отд. изд.,1,М - Л,"исторический роман аристократия, коммунисты",,,исторический,исторический,ADJF NOUN,2,0,,,,,
Беленсон Александр Эммануилович (Менделевич),мужской,1,Джиадэ,Jiade,роман ни о чем,1928,Отд. Изд.,1,М.,социально-психологический,аристократия,3 лицо,социально-психологический,социально-психологический,NOUN,1,0,,,,,
Романов Пантелеймон Сергеевич,мужской,0,Новая скрижаль,The New Tablet,Роман,1928,Новый Мир,0,,"сатиристический, советские мещане-интеллигенты",,,сатирический,юмористический,ADJF NOUN,2,0,,,,,
Сургучёв Илья Дмитриевич,мужской,0,Ротонда,The Rotunda,?,1928,Отд.изд.,1,Париж,,,,,,NOUN,1,0,,,,,
Минцлов Сергей Рудольфович,мужской,0,Приключения студентов,The Adventures of Students,?,1928,отд.изд.,1,Рига,"исторический, авантюрный",разночинцы,3 лицо,исторический,исторический,NOUN NOUN,2,0,,,,,
Бахметьев Владимир Матвеевич,мужской,0,Преступление Мартына,Martyn's Crime,роман,1928,Собрание сочинений,1,"М., Л.",соц.-психологический,"беженцы, партийцы",3 лицо,социально-психологический,социально-психологический,NOUN NOUN,2,0,,,,,
Грин Александр Степанович,мужской,1,Джесси и Моргиана,Jessie and Morgiana,роман,1929,Отд. Изд,1,Л.,социально-психологический,аристократия,3 лицо,социально-психологический,социально-психологический,NOUN CONJ NOUN,3,0,,,,,
Мстиславский Сергей Дмитриевич,мужской,0,Союз тяжелой кавалерии,The Union of Heavy Cavalry,?,1929,Отд. Изд.,1,"М., Л.",исторический,легендарные исторические фигуры,,исторический,исторический,NOUN ADJF NOUN,3,0,,,,,
Жданов Лев,мужской,1,Крушение богов,The Downfall of the Gods,"житие ""св. отцов"" Феофила и Кирилла Александрийского",1929,Отд. изд.,1,Москва,"исторический, хроника","духовенство, легендарные исторические фигуры",3 лицо,исторический,исторический,NOUN NOUN,2,0,,,,,
Струве Михаил Александрович,мужской,0,Титцы,The Tittses,Хроника,1929,Последние новости,0,,,,,,,NOUN,1,0,,,,,
Новиков-Прибой Алексей Силантьевич,мужской,1,Соленая купель,The Salt Baptismal Font,?,1929,Отд. изд.,1,Москва,авантюрный,"военные, моряки",3 лицо,авантюрный,приключенческий,ADJF NOUN,2,0,,,,,
Лаппо-Данилевская Надежда Александровна,женский,0,Миллионы Бурлаковых,The Burlakov Millions,роман,1929,Отд. изд.,1,Рига,,,,,,NOUN NOUN,2,0,,,,,
Потапенко Игнатий Николаевич,мужской,0,Мертвое море,The Dead Sea,роман,1929,Отд. изд.,1,Л.,социально-психологический,,,социально-психологический,социально-психологический,ADJF NOUN,2,0,,,,,
Минцлов Сергей Рудольфович,мужской,0,Мерцанье дали,The Shimmer of the Distance,?,1930,Отд.изд.,1,Рига,,,,,,NOUN VERB,2,0,,,,,
Грин Александр Степанович,мужской,1,Дорога никуда,The Road to Nowhere,роман,1930,Отд. Изд,1,М.,"философский, фантастический",,3 лицо,философский,философский,NOUN ADVB,2,0,,,,,
Мстиславский Сергей Дмитриевич,мужской,0,Без себя,Beside Oneself,?,1930,Отд. Изд.,1,"М., Л.",исторический,"военные, моряки",,исторический,исторический,PREP NPRO,2,0,,,,,
Тагеев Борис Леонидович,мужской,0,Жемчужина Японии,The Pearl of Japan,?,1930,Отд.изд.,1,М.;Л.,,,,,,NOUN NOUN,2,0,,,,,
Гольдберг Исаак Григорьевич,мужской,0,Поэма о фарфоровой чашке,A Poem about a Porcelain Cup,Роман,1930,Сибирские огни,1,Новосибирск,социально-психологический,рабочие,3 лицо,социально-психологический,социально-психологический,NOUN PREP ADJF NOUN,4,0,,,,,
Толстой Алексей Николаевич,мужской,0,Петр I,Peter the First,?,1930,Новый мир,0,,,,,,,NOUN NUMR,2,0,,,,,
Форш Ольга Дмитриевна,женский,0,Сумасшедший корабль,The Ship of Fools,?,1930,Звезда,0,,,,,,,ADJF NOUN,2,0,,,,,
Кондратьев Александр Алексеевич,мужской,0,На берегах Ярыни,On the Banks of the Yarynya,Роман,1930,Отд. изд.,1,Берлин,"демонологический, мистический",нечистая сила,3 лицо,демонологический,фантастический,PREP NOUN NOUN,3,0,,,,,
Ренников А.,мужской,1,Жизнь играет,Life Plays Its Game,роман,1930,Отд. изд.,1,Париж,исторический,эмигранты,,исторический,исторический,NOUN VERB,2,0,,,,,
Бебутова Ольга Михайловна,женский,0,Муки страсти,The Torments of Passion,роман,1930,Отд. Изд.,1,Рига,светский,,,светский,светский,NOUN NOUN,2,0,,,,,
Краснов Петр Николаевич,мужской,0,Подвиг,The Deed,Роман,1930,Отд. изд.,1,Париж,"социально-психологический,исторический",эмигранты,3 лицо,социально-психологический,социально-психологический,NOUN,1,0,,,,,
Краснов Петр Николаевич,мужской,0,Largo,Largo,Роман,1930,Отд. изд.,1,Париж,"исторический, любовный","военные, моряки",3 лицо,исторический,исторический,,1,0,,,,,
Романов Пантелеймон Сергеевич,мужской,0,Товарищ Кисляков (три пары шелковых чулок),Comrade Kislyakov (Three Pairs of Silk Stockings),Роман,1930,отд.изд.,1,Рига,сатиристический,"разночинцы, аристократия",3 лицо,сатирический,юмористический,NOUN NOUN NUMR NOUN ADJF NOUN,6,0,,,,,
Краснов Петр Николаевич,мужской,0,Екатерина Великая,Catherine the Great,Роман,1930,Отд. изд.,1,Париж,,,3 лицо,,,NOUN ADJF,2,0,,,,,
Бебутова Ольга Михайловна,женский,0,Пути к карьере,Paths to a Career,роман,1930,Отд. Изд.,1,Рига,светский,аристократия,,светский,светский,NOUN PREP NOUN,3,0,,,,,
Пастернак Борис Леонидович,мужской,0,Спекторский,Spektorsky,Роман,1931,Отд. изд.,1,Л.,историко-политический,крестьяне,1 лицо,исторический,исторический,ADJF,1,0,,,,,
Краснов Петр Николаевич,мужской,0,Выпашь,The Fallow,роман,1931,Отд. изд.,1,Париж,исторический,"военные, моряки",3 лицо,исторический,исторический,NOUN,1,0,,,,,
Липецкий Алексей Владимирович,мужской,0,Мельница в Карташове,The Mill in Kartashov,роман,1931,Моск. т-во писателей,1,М.,,,,,,NOUN PREP NOUN,3,0,,,,,
Толстой Алексей Николаевич,мужской,0,Эмигранты,The Emigrants,?,1931,Новый мир,0,,,,,,,NOUN,1,0,,,,,
Жилкин Иван Васильевич,мужской,0,Ганочка,Ganochka,роман с ключом,1931,Отд. изд.,1,М.,автобиографический,,,автобиографический,биографический,NOUN,1,0,,,,,
Минцлов Сергей Рудольфович,мужской,0,Орлиный взлет,The Eagle's Ascent,?,1931,отд.изд.,1,Рига,исторический,аристократия прошлого,3 лицо,исторический,исторический,ADJF NOUN,2,0,,,,,
Зайцев Борис Константинович,мужской,0,Жизнь Тургенева,The Life of Turgenev,романизир. биография,1932,Отд. изд.,1,Париж,историко-биографический,дворяне,3 лицо,исторический,исторический,NOUN NOUN,2,0,,,,,
Аничков Евгений Васильевич,мужской,0,Язычница,The Pagan Woman,роман,1932,Отд.Изд.,1,Париж,,,,,,NOUN,1,0,,,,,
Родионов Иван Александрович,мужской,0,Сыны дьявола,Sons of the Devil,роман,1932,отд.изд.,1,Белград,"исторический, социально-психологический, колосальный роман",революционеры,3 лицо,исторический,исторический,NOUN NOUN,2,0,,,,,
Белый Андрей,мужской,1,Маски,Masks,роман,1932,Отд. изд.,1,М.,символистский,"буржуи, интелегенция",3 лицо,символистский,символистский,NOUN,1,0,,,,,
Сигов Дмитрий Иванович,мужской,0,"Граф Любский, или Любовь и кокетство","Count Lyubsky, or Love and Coquetry",русский нравоописательный роман,1932,Отд. изд.,1,М.,плутовской,журналисты,3 лицо,плутовской,приключенческий,NOUN NOUN CONJ NOUN CONJ NOUN,6,0,,,,,
Новиков-Прибой Алексей Силантьевич,мужской,1,Цусима,Tsushima,?,1932,Отд. изд.,1,М.,исторический роман,"военные, моряки",1 лицо,исторический,исторический,NOUN,1,0,,,,,
Осоргин Михаил Андреевич,мужской,1,Свидетель истории,A Witness to History,Роман,1932,Отд.изд.,1,Париж,социально-психологический,интелегенция революционеры,3 лицо,социально-психологический,социально-психологический,NOUN NOUN,2,0,,,,,
Романов Пантелеймон Сергеевич,мужской,0,Собственность,Property,Роман,1933,Отд. изд.,1,М.,сатиристический,"мещане, интелегенты",,сатирический,юмористический,NOUN,1,0,,,,,
Вересаев Викентий Викентиевич,мужской,1,Сестры,Sisters,роман,1933,отд.изд.,1,М,семейная хроника,интеллигенция,1 лицо,семейный,семейный,NOUN,1,0,,,,,
Мстиславский Сергей Дмитриевич,мужской,0,Партионцы,The Partisans,?,1933,Отд. Изд.,1,М.,социально-психологический,народовольцы,,социально-психологический,социально-психологический,NOUN,1,0,,,,,
Форш Ольга Дмитриевна,женский,0,Символисты,The Symbolists,?,1933,Звезда,1,СПб,,,,,,NOUN,1,0,,,,,
Сергеев-Ценский Сергей Николаевич,мужской,1,Мишель Лермонтов,Michel Lermontov,роман,1933,Отд. изд.,1,М.,биографический,интелегенция,3 лицо,биографический,биографический,NOUN NOUN,2,0,,,,,
Краснов Петр Николаевич,мужской,0,Цесаревна,The Tsesarevna,роман,1933,Отд. изд.,1,Париж,исторический,легендарные исторические фигуры,3 лицо,исторический,исторический,NOUN,1,0,,,,,
Бебутова Ольга Михайловна,женский,0,Вампир,The Vampire,Роман из петербургской жизни,1934,Отд. Изд.,1,Рига,светский,интелегенция,,светский,светский,NOUN,1,0,,,,,
Гольдберг Исаак Григорьевич,мужской,0,Жизнь начинается сегодня,Life Begins Today,Роман,1934,Сибирские огни,1,Новосибирск,"социально-психологический, кулаки, рабочие, крестьяне",крестьяне,3 лицо,социально-психологический,социально-психологический,NOUN VERB ADVB,3,0,,,,,
Сергеев-Ценский Сергей Николаевич,мужской,1,Невеста Пушкина,Pushkin's Bride,роман,1934,Отд. изд.,1,Москва,биографический,исторические фигуры,3 лицо,биографический,биографический,NOUN NOUN,2,0,,,,,
Новиков Иван Алексеевич,мужской,0,Страна Лекхорн,The Land of Leghorn,?,1934,Отд. изд.,1,Москва,"социально-психологический роман, проблемы современной молодежи, сатира, начальники, молодежь",,,социально-психологический,социально-психологический,NOUN NOUN,2,0,,,,,
Форш Ольга Дмитриевна,женский,0,Радищев,Radishchev,роман в 3-х частях,1934,Отд. изд.,1,"М., СПб",,,,,,NOUN,1,0,,,,,
Краснов Петр Николаевич,мужской,0,Ненависть,Hatred,роман,1934,Отд. изд.,1,Париж,исторический,"военные, моряки",3 лицо,исторический,исторический,NOUN,1,0,,,,,
Зайцев Борис Константинович,мужской,0,Дом в Пасси,A House in Passy,роман,1935,Отд. изд.,1,Берлин,исторический,русская интеллигенция в эмиграции,3 лицо,исторический,исторический,NOUN PREP NOUN,3,0,,,,,
Гольдберг Исаак Григорьевич,мужской,0,День разгорается,The Day Is Dawning,Роман,1935,Новая Сибирь,0,,"социально-психологический, революционеры, рабочие","революционеры, рабочие",3 лицо,социально-психологический,социально-психологический,NOUN VERB,2,0,,,,,
Осоргин Михаил Андреевич,мужской,1,Книга о концах,A Book of Endings,Роман,1935,Отд.изд.,1,Берлин,"социально-психологический, интеллигенция, эмигранты",интеллигенция,,социально-психологический,социально-психологический,NOUN PREP NOUN,3,0,,,,,
Сергеев-Ценский Сергей Николаевич,мужской,1,Зауряд-полк,An Ordinary Regiment,роман,1935,Отд. изд.,1,Москва,"исторический, военные",,,исторический,исторический,NOUN,1,0,,,,,
Краснов Петр Николаевич,мужской,0,Долой! На льготе,Down with It! On Leave,Роман,1936,Отд. изд.,1,Париж,,,3 лицо,,,ADVB PREP NOUN,3,0,,,,,
Оршер Осип Львович,мужской,1,Яков Маркович Меламедов,Yakov Markovich Melamedov,?,1936,Отд. Изд,1,Москва,роман,,,,,NOUN NOUN NOUN,3,0,,,,,
Вяткин Георгий Андреевич,мужской,0,Открытыми глазами,With Open Eyes,роман,1936,Сибирские огни,1,Омск,автобиографический роман,"интеллигенция, революционеры",,автобиографический,биографический,ADJF NOUN,2,0,,,,,
Новиков Иван Алексеевич,мужской,0,Пушкин в Михайловском,Pushkin in Mikhailovskoye,?,1936,Отд. изд.,1,Москва,"исторический роман, пушкин, михайловское, ссылка, поэт",,,исторический,исторический,NOUN PREP ADJF,3,0,,,,,
Родионов Иван Александрович,мужской,0,Царство Сатаны из загадочного к реальному,The Kingdom of Satan from the Mysterious to the Real,роман,1937,Белград,0,,колосальный роман,,,эпопея,исторический,NOUN NOUN PREP ADJF PREP ADJF,6,0,,,,,
Зайцев Борис Константинович,мужской,0,Заря,The Dawn,роман,1937,Отд. изд.,1,Берлин,"автобиографическая тетралогия ""путешествие глеба"" (психологический,)",интеллигенция,3 лицо,автобиографический,биографический,NOUN,1,0,,,,,
Окулов Алексей Иванович,мужской,0,Селимэ,Selime,?,1938,Всемирная Новь,0,,,,,,,NOUN,1,0,,,,,
Краснов Петр Николаевич,мужской,0,Цареубийцы. 1 марта 1881 г.,The Regicides: 1 March 1881,Роман,1938,Отд. изд.,1,Париж,,,3 лицо,,,NOUN NUMR NOUN NUMR NOUN,5,0,,,,,
Краснов Петр Николаевич,мужской,0,Ложь,The Lie,?,1939,Отд. изд.,1,Париж,,,3 лицо,,,NOUN,1,0,,,,,
Сергеев-Ценский Сергей Николаевич,мужской,1,Севастопольская страда,The Agony of Sevastopol,роман,1939,Отд. изд.,1,Москва,исторический,,,исторический,исторический,ADJF NOUN,2,0,,,,,
Толстой Алексей Николаевич,мужской,0,Хмурое утро,A Gloomy Morning,вошло в Хождение по мукам,1940,Новый мир,0,,,,,,,ADJF NOUN,2,0,,,,,
Шишова Зинаида Константиновна,женский,0,Великое плаванье,The Great Voyage,?,1940,Отд. изд.,1,М,,,,,,NOUN NOUN,2,0,,,,,
Сигов Иван Сергеевич,мужской,0,На старом Урале,In the Old Urals,роман,1941,Отд. изд.,1,Молотов,"исторический, заводчики и рабочие",,,исторический,исторический,PREP ADJF NOUN,3,0,,,,,
Анов Н. И.,мужской,0,Пропавший брат,The Missing Brother,?,1941,Отд. изд.,1,М,,,,,,PRTF NOUN,2,0,,,,,
Сергиевский Николай Николаевич,мужской,0,Гишпанская затея,The Spanish Venture,роман,1941,Отд. изд.,1,Н.-Й.,исторический,,,исторический,исторический,ADJF NOUN,2,0,,,,,
Сергеев-Ценский Сергей Николаевич,мужской,1,Брусиловский прорыв,The Brusilov Offensive,роман,1942,Новый мир,0,,исторический,,,исторический,исторический,ADJF NOUN,2,0,,,,,
Шишова Зинаида Константиновна,женский,0,Джек-Соломинка,Jack Straw,нет,1943,Отд. изд.,1,"М., СПб",,,,,,NOUN,1,0,,,,,
Новиков-Прибой Алексей Силантьевич,мужской,1,Капитан 1-го ранга,A Captain of the First Rank,?,1943,Отд. изд.,1,"ч.1 -М, ч.1-2 - Хабаровск","приключенческий роман, матрос, морская тема, самоучка, революция",,,приключенческий,приключенческий,NOUN NUMR NOUN,3,0,,,,,
Новиков Иван Алексеевич,мужской,0,Пушкин на юге,Pushkin in the South,?,1944,Отд. изд.,1,Москва,"исторический роман, пушкин, ссылка, поэт",,,исторический,исторический,NOUN PREP NOUN,3,0,,,,,
Форш Ольга Дмитриевна,женский,0,Михайловский замок,The Mikhailovsky Castle,Исторический роман,1946,Отд. изд.,1,"М., СПб",,,,,,ADJF NOUN,2,0,,,,,
Новиков Иван Алексеевич,мужской,0,Пушкин в изгнании,Pushkin in Exile,?,1947,Отд. изд.,1,М - Л,"исторический роман, пушкин, ссылка, изгнание, поэт",,,исторический,исторический,NOUN PREP NOUN,3,0,,,,,
Зайцев Борис Константинович,мужской,0,Тишина,Silence,роман,1948,Отд. изд.,1,Париж,"автобиографическая тетралогия ""путешествие глеба"" (психологический)",интеллигенция,3 лицо,автобиографический,биографический,NOUN,1,0,,,,,
Сергиевский Николай Николаевич,мужской,0,"Камергер и Гишпанка, или Русские в Калифорнии","The Chamberlain and the Spanish Lady, or Russians in California",роман,1949,Возрождение,0,,исторический,,,исторический,исторический,NOUN CONJ NOUN CONJ ADJF PREP NOUN,7,0,,,,,
Зайцев Борис Константинович,мужской,0,Юность,Youth,роман,1950,Отд. изд.,1,Париж,"автобиографическая тетралогия ""путешествие глеба"" (психологический)",интеллигенция,3 лицо,автобиографический,биографический,NOUN,1,0,,,,,
Зайцев Борис Константинович,мужской,0,Жуковский,Zhukovsky,романизир. биография,1951,Отд. изд.,1,Париж,историко-биографический,дворяне,,исторический,исторический,ADJF,1,0,,,,,
Зайцев Борис Константинович,мужской,0,Древо жизни,The Tree of Life,роман,1953,Отд. изд.,1,Нью-Йорк,"автобиографическая тетралогия ""путешествие глеба"" (психологический, интеллигенция)",интеллигенция,3 лицо,автобиографический,биографический,NOUN NOUN,2,0,,,,,
Зайцев Борис Константинович,мужской,0,Чехов,Chekhov,романизир. биография,1954,Отд. изд.,1,Нью-Йорк,историко-биографический,"врачи, купцы, интеллигенция",3 лицо,исторический,исторический,NOUN,1,0,,,,,
Горянский Валентин Иванович,мужской,1,Парфандр и Глафира,Parfandr and Glafira,Роман в стихах,1956,Отд.изд.,1,Париж,"любовный, влюбленные",,,любовный,любовный,NOUN CONJ NOUN,3,0,,,,,
Сургучёв Илья Дмитриевич,мужской,0,Ночью,By Night,?,1958,Возрождение,1,Париж?,,,,,,ADVB,1,0,,,,,
Станюкович Н.В.,мужской,0,Дело Александра Рогова,The Case of Alexander Rogov,?,1966,Возрождение,0,,,,,,,NOUN NOUN NOUN,3,0,,,,,
Шишова Зинаида Константиновна,женский,0,Путешествие в страну Офир,A Journey to the Land of Ophir,?,1977,Отд. изд.,1,М,,,,,,NOUN PREP NOUN NOUN,4,0,,,,,
Пастернак Борис Леонидович,мужской,0,Доктор Живаго,Doctor Zhivago,Роман,1988,Новый Мир,0,,"исторический, светский; дворяне, аристократы, врачи",,,исторический,исторический,NOUN NOUN,2,0,,,,,
Садовской Борис Александрович,мужской,1,Александр Третий,Alexander the Third,Исторический роман,1993,Новое литературное обозрение,0,,исторический роман/ александр третий,,,исторический,исторический,NOUN ADJF,2,0,,,,,
Садовской Борис Александрович,мужской,1,Пшеница и плевелы,Wheat and Tares,Роман,1993,Новый мир,0,,исторический роман/ лермонтов,,,исторический,исторический,NOUN CONJ NOUN,3,0,,,,,
Садовской Борис Александрович,мужской,1,Шестой час,The Sixth Hour,Фантастический роман,1998,Волшебная гора,0,,"фантастический роман/революция 1917 года, революционеры",,3 лицо,фантастический,фантастический,ADJF NOUN,2,0,,,,,
Пазухин Алексей Михайлович,мужской,0,В тени тополей,In the Shade of Poplars,роман,19??,Отд. изд.,1,Москва,"социально-психологический, помещики",,,социально-психологический,социально-психологический,PREP VERB NOUN,3,0,,,,,
